0,2,2,2,2,2,2,2,0,0,0,0,0,0,0,0,0,0,0,0,0,0,0,0,0,0,0,0,0,0,0,0,0,0,0,0,0,0,0,0,0,0,0,2,2,2,2,2,2,2,0,0,0,0,0,0,-1,0,0,0,0,0,-1,3,2,2,3,-1,3,2,-1,-1,-1,0,3,-1,3,3,-1,2,-1,2,-1,0,0,3,0,3,3,2,3,2,0,0,0,2,2,-1,2,2,-1,3,2,2,-1,3,-1,2,-1,2,2,3,2,-1,2,0,-1,-1,-1,3,0,2,-1,3,0,3,2,2,0,0,2,-1,0,-1,-1,-1,-1,0,-1,-1,3,-1,0,0,-1,-1,3,-1,-1,3,-1,3,-1,0,-1,0,0,0,0,-1,1,12,1,3,1,59,1,4,-5,-21
0,2,2,2,2,2,2,2,0,0,0,0,0,0,0,0,0,0,0,0,0,0,0,0,0,0,0,0,0,0,0,0,0,0,0,0,0,0,0,0,0,0,0,2,2,2,2,2,2,2,0,0,0,0,0,0,-1,0,0,0,0,0,-1,3,2,2,3,-1,3,2,-1,-1,-1,0,3,-1,3,3,-1,2,-1,2,-1,0,0,3,0,3,3,2,3,2,0,0,0,2,2,-1,2,2,-1,3,2,2,-1,3,-1,2,-1,2,2,3,2,-1,2,0,-1,-1,-1,3,0,2,-1,3,0,3,2,2,0,0,2,-1,0,-1,-1,-1,-1,0,-1,-1,3,-1,0,0,-1,-1,3,-1,-1,3,-1,3,-1,0,-1,0,0,0,0,-1,1,12,1,3,1,56,1,4,-5,-21
0,2,2,2,2,2,2,2,0,0,0,0,0,0,0,0,0,0,0,0,0,0,0,0,0,0,0,0,0,0,0,0,0,0,0,0,0,0,0,0,0,0,0,2,2,2,2,2,2,2,0,0,0,0,0,0,-1,0,0,0,0,0,-1,3,2,2,3,-1,3,2,-1,-1,-1,0,3,-1,3,3,-1,2,-1,2,-1,0,0,3,0,3,3,2,3,2,0,0,0,2,2,-1,2,2,-1,3,2,2,-1,3,-1,2,-1,2,2,3,2,-1,2,0,-1,-1,-1,3,0,2,-1,3,0,3,2,2,0,0,2,-1,0,-1,-1,-1,-1,0,-1,-1,3,-1,0,0,-1,-1,3,-1,-1,3,-1,3,-1,0,-1,0,0,0,0,-1,1,9,1,3,1,56,1,4,-5,-21
0,2,2,2,2,2,2,2,0,0,0,0,0,0,0,0,0,0,0,0,0,0,0,0,0,0,0,0,0,0,0,0,0,0,0,0,0,0,0,0,0,0,0,2,2,2,2,2,2,2,0,0,0,0,0,0,-1,0,0,0,0,0,-1,3,2,2,3,-1,3,2,-1,-1,-1,0,3,-1,3,3,-1,2,-1,2,-1,0,0,3,0,3,3,2,3,2,0,0,0,2,2,-1,2,2,-1,3,2,2,-1,3,-1,2,-1,2,2,3,2,-1,2,0,-1,-1,-1,3,0,2,-1,3,0,3,2,2,0,0,2,-1,0,-1,-1,-1,-1,0,-1,-1,3,-1,0,0,-1,-1,3,-1,-1,3,-1,3,-1,0,-1,0,0,0,0,-1,1,12,0,3,1,59,1,4,-5,-21
0,2,2,2,2,2,2,2,0,0,0,0,0,0,0,0,0,0,0,0,0,0,0,0,0,0,0,0,0,0,0,0,0,0,0,0,0,0,0,0,0,0,0,2,2,2,2,2,2,2,0,0,0,0,0,0,-1,0,0,0,0,0,-1,3,2,2,3,-1,3,2,-1,-1,-1,0,3,-1,3,3,-1,2,-1,2,-1,0,0,3,0,3,3,2,3,2,0,0,0,2,2,-1,2,2,-1,3,2,2,-1,3,-1,2,-1,2,2,3,2,-1,2,0,-1,-1,-1,3,0,2,-1,3,0,3,2,2,0,0,2,-1,0,-1,-1,-1,-1,0,-1,-1,3,-1,0,0,-1,-1,3,-1,-1,3,-1,3,-1,0,-1,0,0,0,0,-1,1,12,1,3,0,59,1,4,-5,-21
2,2,2,2,2,2,2,2,0,0,0,0,2,0,0,0,0,0,3,0,0,0,0,0,0,0,0,0,0,0,0,0,0,0,0,0,0,0,0,0,0,0,0,-1,0,2,2,2,2,2,2,2,2,0,-1,0,0,0,0,-1,0,0,-1,0,0,0,-1,-1,0,-1,0,-1,0,-1,-1,0,0,0,0,0,0,0,-1,0,0,0,-1,-1,0,-1,0,-1,0,0,0,0,0,-1,0,0,-1,0,-1,0,-1,0,-1,-1,-1,-1,-1,0,-1,-1,-1,-1,-1,-1,-1,-1,-1,-1,-1,-1,-1,-1,-1,-1,-1,-1,-1,-1,-1,-1,-1,-1,-1,-1,-1,-1,-1,-1,-1,-1,-1,-1,-1,-1,-1,-1,-1,-1,-1,-1,-1,-1,-1,-1,-1,-1,1,12,1,3,1,54,1,7,-5,-21
0,2,2,2,2,2,2,2,0,0,0,0,0,0,0,0,0,0,0,0,0,0,0,0,0,0,0,0,0,0,0,0,0,0,0,0,0,0,0,0,0,0,0,2,2,2,2,2,2,2,0,0,0,0,0,0,-1,0,0,0,0,0,-1,3,2,2,3,-1,3,2,-1,-1,-1,0,3,-1,3,3,-1,2,-1,2,-1,0,0,3,0,3,3,2,3,2,0,0,0,2,2,-1,2,2,-1,3,2,2,-1,3,-1,2,-1,2,2,3,2,-1,2,0,-1,-1,-1,3,0,2,-1,3,0,3,2,2,0,0,2,-1,0,-1,-1,-1,-1,0,-1,-1,3,-1,0,0,-1,-1,3,-1,-1,3,-1,3,-1,0,-1,0,0,0,0,-1,1,12,0,3,0,59,1,4,-5,-21
0,2,2,2,2,2,2,2,0,0,0,0,0,0,0,0,0,0,0,0,0,0,0,0,0,0,0,0,0,0,0,0,0,0,0,0,0,0,0,0,0,0,0,2,2,2,2,2,2,2,0,0,0,0,0,0,-1,0,0,0,0,0,-1,3,2,2,3,-1,3,2,-1,-1,-1,0,3,-1,3,3,-1,2,-1,2,-1,0,0,3,0,3,3,2,3,2,0,0,0,2,2,-1,2,2,-1,3,2,2,-1,3,-1,2,-1,2,2,3,2,-1,2,0,-1,-1,-1,3,0,2,-1,3,0,3,2,2,0,0,2,-1,0,-1,-1,-1,-1,0,-1,-1,3,-1,0,0,-1,-1,3,-1,-1,3,-1,3,-1,0,-1,0,0,0,0,-1,1,16,1,3,0,59,1,4,-5,-21
0,2,2,2,2,2,2,2,0,0,0,0,0,0,0,0,0,0,0,0,0,0,0,0,0,0,0,0,0,0,0,0,0,0,0,0,0,0,0,0,0,0,0,2,2,2,2,2,2,2,0,0,0,0,0,0,-1,0,0,0,0,0,-1,3,2,2,3,-1,3,2,-1,-1,-1,0,3,-1,3,3,-1,2,-1,2,-1,0,0,3,0,3,3,2,3,2,0,0,0,2,2,-1,2,2,-1,3,2,2,-1,3,-1,2,-1,2,2,3,2,-1,2,0,-1,-1,-1,3,0,2,-1,3,0,3,2,2,0,0,2,-1,0,-1,-1,-1,-1,0,-1,-1,3,-1,0,0,-1,-1,3,-1,-1,3,-1,3,-1,0,-1,0,0,0,0,-1,1,9,1,3,1,59,1,4,-5,-21
2,2,2,2,2,2,2,2,0,0,0,0,2,0,0,0,0,0,3,0,0,0,0,0,0,0,0,0,-1,0,0,0,0,0,0,0,0,0,0,0,0,0,0,0,0,2,2,2,2,2,2,2,2,0,-1,0,0,0,0,0,0,0,-1,-1,0,0,-1,-1,0,-1,-1,0,0,-1,-1,0,0,0,-1,0,0,0,-1,0,0,0,0,-1,0,-1,0,-1,0,0,-1,-1,0,-1,-1,0,-1,0,0,-1,-1,-1,0,-1,0,-1,-1,-1,-1,0,-1,-1,-1,-1,0,-1,-1,-1,-1,-1,-1,-1,-1,-1,-1,-1,-1,-1,-1,-1,-1,-1,-1,0,-1,-1,-1,-1,-1,-1,-1,-1,-1,-1,-1,-1,-1,-1,-1,-1,-1,-1,-1,-1,-1,-1,1,12,1,3,1,54,1,7,-5,-21
0,2,2,2,2,2,2,2,0,0,0,0,0,0,0,0,0,0,0,0,0,0,0,0,0,0,0,0,0,0,0,0,0,0,0,0,0,0,0,0,0,0,0,2,2,2,2,2,2,2,0,0,0,0,0,0,-1,0,0,0,0,0,-1,3,2,2,3,-1,3,2,-1,-1,-1,0,3,-1,3,3,-1,2,-1,2,-1,0,0,3,0,3,3,2,3,2,0,0,0,2,2,-1,2,2,-1,3,2,2,-1,3,-1,2,-1,2,2,3,2,-1,2,0,-1,-1,-1,3,0,2,-1,3,0,3,2,2,0,0,2,-1,0,-1,-1,-1,-1,0,-1,-1,3,-1,0,0,-1,-1,3,-1,-1,3,-1,3,-1,0,-1,0,0,0,0,-1,1,12,0,3,1,59,1,1,-5,-21
2,2,2,2,2,2,2,2,0,0,0,0,2,0,0,0,0,0,-1,3,0,0,0,0,0,0,0,0,0,0,0,0,0,0,0,0,0,0,0,0,0,0,0,0,0,2,2,2,2,2,2,2,2,0,-1,0,0,-1,0,0,0,0,-1,0,0,0,0,0,0,-1,0,0,0,0,-1,0,0,0,-1,0,-1,-1,0,0,0,0,0,-1,-1,-1,-1,0,0,0,-1,-1,-1,-1,-1,0,-1,0,-1,-1,-1,-1,-1,-1,0,-1,-1,0,-1,0,-1,-1,-1,0,-1,-1,-1,-1,-1,-1,-1,-1,-1,-1,-1,-1,-1,-1,-1,-1,-1,-1,-1,-1,-1,-1,-1,-1,-1,-1,-1,-1,-1,-1,-1,-1,-1,-1,-1,-1,-1,-1,-1,-1,0,-1,1,12,0,3,1,55,0,7,-5,-21
0,2,2,2,2,2,2,2,0,0,0,0,0,0,0,0,0,0,0,0,0,0,0,0,0,0,0,0,0,0,0,0,0,0,0,0,0,0,0,0,0,0,0,2,2,2,2,2,2,2,0,0,0,0,0,0,-1,0,0,0,0,0,-1,3,2,2,3,-1,3,2,-1,-1,-1,0,3,-1,3,3,-1,2,-1,2,-1,0,0,3,0,3,3,2,3,2,0,0,0,2,2,-1,2,2,-1,3,2,2,-1,3,-1,2,-1,2,2,3,2,-1,2,0,-1,-1,-1,3,0,2,-1,3,0,3,2,2,0,0,2,-1,0,-1,-1,-1,-1,0,-1,-1,3,-1,0,0,-1,-1,3,-1,-1,3,-1,3,-1,0,-1,0,0,0,0,-1,1,9,1,3,1,56,1,2,-5,-21
0,2,2,2,2,2,2,2,0,0,0,0,0,0,0,0,0,0,0,0,0,0,0,0,0,0,0,0,0,0,0,0,0,0,0,0,0,0,0,0,0,0,0,2,2,2,2,2,2,2,0,0,0,0,0,0,-1,0,0,0,0,0,-1,3,2,2,3,-1,3,2,-1,-1,-1,0,3,-1,3,3,-1,2,-1,2,-1,0,0,3,0,3,3,2,3,2,0,0,0,2,2,-1,2,2,-1,3,2,2,-1,3,-1,2,-1,2,2,3,2,-1,2,0,-1,-1,-1,3,0,2,-1,3,0,3,2,2,0,0,2,-1,0,-1,-1,-1,-1,0,-1,-1,3,-1,0,0,-1,-1,3,-1,-1,3,-1,3,-1,0,-1,0,0,0,0,-1,1,12,0,3,0,59,0,4,-5,-21
2,2,2,2,2,2,2,2,0,0,0,0,2,0,0,0,0,0,3,0,0,0,0,0,0,0,0,0,-1,0,0,0,0,0,0,0,0,0,0,0,0,0,0,0,0,2,2,2,2,2,2,2,2,0,-1,0,0,0,0,0,0,0,-1,-1,0,0,-1,-1,0,-1,-1,0,0,-1,-1,0,0,0,-1,0,0,0,-1,0,0,0,0,-1,0,-1,0,-1,0,0,-1,-1,0,-1,-1,0,-1,0,0,-1,-1,-1,0,-1,0,-1,-1,-1,-1,0,-1,-1,-1,-1,0,-1,-1,-1,-1,-1,-1,-1,-1,-1,-1,-1,-1,-1,-1,-1,-1,-1,-1,0,-1,-1,-1,-1,-1,-1,-1,-1,-1,-1,-1,-1,-1,-1,-1,-1,-1,-1,-1,-1,-1,-1,1,12,1,3,1,54,0,7,-5,-21
2,2,2,2,2,2,2,2,0,0,0,0,3,0,0,0,0,0,2,0,0,0,0,0,0,0,0,0,0,0,-1,0,0,0,0,0,0,0,0,0,0,0,0,0,0,2,2,2,2,2,2,2,2,0,-1,0,0,0,0,0,-1,0,-1,-1,0,0,-1,-1,0,-1,-1,0,0,-1,-1,-1,0,0,-1,0,0,0,-1,0,0,0,0,-1,0,-1,0,-1,0,0,-1,-1,0,-1,-1,0,-1,0,-1,-1,-1,-1,-1,0,0,-1,-1,-1,-1,0,-1,-1,-1,-1,0,-1,-1,-1,-1,-1,-1,-1,-1,-1,-1,-1,-1,-1,0,-1,-1,-1,-1,-1,-1,0,-1,-1,-1,-1,-1,-1,-1,0,-1,-1,-1,0,-1,-1,-1,-1,-1,-1,-1,-1,1,12,0,3,1,54,0,7,-5,-21
0,2,2,2,2,2,2,2,0,0,0,0,0,0,0,0,0,0,0,0,0,0,0,0,0,0,0,0,0,0,0,0,0,0,0,0,0,0,0,0,0,0,0,2,2,2,2,2,2,2,0,0,0,0,0,0,-1,0,0,0,0,0,-1,3,2,2,3,-1,3,2,-1,-1,-1,0,3,-1,3,3,-1,2,-1,2,-1,0,0,3,0,3,3,2,3,2,0,0,0,2,2,-1,2,2,-1,3,2,2,-1,3,-1,2,-1,2,2,3,2,-1,2,0,-1,-1,-1,3,0,2,-1,3,0,3,2,2,0,0,2,-1,0,-1,-1,-1,-1,0,-1,-1,3,-1,0,0,-1,-1,3,-1,-1,3,-1,3,-1,0,-1,0,0,0,0,-1,1,12,0,3,0,59,1,5,-5,-21
0,2,2,2,2,2,2,2,0,0,0,0,0,0,0,0,0,0,0,0,0,0,0,0,0,0,0,0,0,0,0,0,0,0,0,0,0,0,0,0,0,0,0,2,2,2,2,2,2,2,0,0,0,0,0,0,-1,0,0,0,0,0,-1,3,2,2,3,-1,3,2,-1,-1,-1,0,3,-1,3,3,-1,2,-1,2,-1,0,0,3,0,3,3,2,3,2,0,0,0,2,2,-1,2,2,-1,3,2,2,-1,3,-1,2,-1,2,2,3,2,-1,2,0,-1,-1,-1,3,0,2,-1,3,0,3,2,2,0,0,2,-1,0,-1,-1,-1,-1,0,-1,-1,3,-1,0,0,-1,-1,3,-1,-1,3,-1,3,-1,0,-1,0,0,0,0,-1,1,9,1,3,1,51,1,2,-5,-21
2,2,2,2,2,2,2,2,0,0,0,0,3,0,0,0,0,0,2,0,0,0,0,0,0,0,0,0,0,0,-1,0,0,0,0,0,0,0,0,0,0,0,0,0,0,2,2,2,2,2,2,2,2,0,-1,0,0,0,0,0,-1,0,-1,-1,0,0,-1,-1,0,-1,-1,0,0,-1,-1,-1,0,0,-1,0,0,0,-1,0,0,0,0,-1,0,-1,0,-1,0,0,-1,-1,0,-1,-1,0,-1,0,-1,-1,-1,-1,-1,0,0,-1,-1,-1,-1,0,-1,-1,-1,-1,0,-1,-1,-1,-1,-1,-1,-1,-1,-1,-1,-1,-1,-1,0,-1,-1,-1,-1,-1,-1,0,-1,-1,-1,-1,-1,-1,-1,0,-1,-1,-1,0,-1,-1,-1,-1,-1,-1,-1,-1,1,12,0,3,1,58,0,7,-5,-21
2,2,2,2,2,2,2,2,0,0,0,0,2,0,0,0,0,0,3,0,0,0,0,0,0,0,0,0,0,0,0,0,0,0,0,0,0,0,0,0,0,0,0,-1,0,2,2,2,2,2,2,2,2,0,-1,0,0,0,0,-1,0,0,-1,0,0,0,-1,-1,0,-1,0,-1,0,0,-1,0,0,0,0,-1,0,0,-1,0,0,0,-1,-1,0,-1,0,-1,0,0,0,0,0,-1,0,0,-1,0,-1,0,-1,0,-1,-1,-1,-1,-1,0,-1,-1,-1,-1,-1,-1,-1,-1,-1,-1,-1,-1,-1,-1,-1,-1,-1,-1,-1,-1,-1,-1,-1,-1,-1,-1,-1,-1,-1,-1,-1,-1,-1,-1,-1,-1,-1,-1,-1,-1,-1,-1,-1,-1,-1,-1,-1,-1,1,12,1,3,1,54,1,7,-5,-21
2,2,2,2,2,2,2,2,0,0,0,0,2,0,0,0,0,0,3,0,0,0,0,0,0,0,0,0,0,0,0,0,0,0,0,0,0,0,0,0,0,0,0,-1,0,2,2,2,2,2,2,2,2,0,-1,0,0,0,0,-1,0,0,-1,0,0,0,-1,-1,0,-1,0,-1,0,-1,-1,0,0,0,0,0,0,-1,-1,0,0,0,0,-1,0,-1,0,-1,0,0,0,0,0,-1,0,0,-1,0,-1,0,-1,0,-1,-1,-1,-1,-1,0,-1,-1,-1,-1,-1,-1,-1,-1,-1,-1,-1,-1,-1,-1,-1,-1,-1,-1,-1,-1,-1,-1,-1,-1,-1,-1,-1,-1,-1,-1,-1,-1,-1,-1,-1,-1,-1,-1,-1,-1,-1,-1,-1,-1,-1,-1,-1,-1,1,12,1,3,1,54,1,7,-5,-21
2,2,2,2,2,2,2,2,0,0,0,0,2,0,0,0,0,0,3,0,0,0,0,0,0,0,0,0,-1,0,0,0,0,0,0,0,0,0,0,0,0,0,0,0,0,2,2,2,2,2,2,2,2,0,-1,0,0,0,0,0,0,0,-1,-1,0,0,0,0,0,-1,0,-1,-1,0,0,0,-1,0,0,0,0,-1,-1,0,0,-1,-1,-1,-1,0,-1,0,-1,0,0,-1,-1,-1,0,-1,-1,0,0,-1,-1,-1,0,-1,-1,0,0,-1,-1,-1,-1,-1,-1,-1,-1,-1,0,-1,-1,0,-1,-1,-1,-1,-1,-1,-1,-1,-1,-1,-1,-1,-1,-1,-1,-1,-1,-1,-1,-1,-1,-1,-1,-1,-1,-1,-1,-1,-1,-1,-1,-1,-1,0,-1,-1,1,12,1,3,1,54,1,7,-5,-21
2,2,2,2,2,2,2,2,0,0,0,0,2,0,0,0,0,0,-1,3,0,0,0,0,0,0,0,0,0,0,0,0,0,0,0,0,0,0,0,0,0,0,0,0,0,2,2,2,2,2,2,2,2,0,-1,0,0,0,0,0,0,0,-1,-1,0,0,-1,-1,0,-1,-1,0,0,-1,-1,0,0,0,-1,0,0,0,-1,0,0,0,0,-1,0,-1,0,-1,0,0,-1,-1,0,-1,-1,0,-1,0,-1,-1,-1,-1,-1,0,0,-1,0,0,-1,0,-1,-1,-1,0,-1,-1,-1,-1,-1,-1,-1,-1,-1,-1,-1,-1,-1,-1,-1,-1,-1,-1,-1,-1,-1,-1,-1,-1,-1,-1,-1,-1,-1,-1,-1,-1,-1,-1,-1,-1,-1,-1,-1,-1,-1,-1,1,12,1,3,1,59,0,7,-5,-21
2,2,2,2,2,2,2,2,0,0,0,0,3,0,0,0,0,0,2,0,0,0,0,0,0,0,0,0,0,0,-1,0,0,0,0,0,0,0,0,0,0,0,0,0,0,2,2,2,2,2,2,2,2,0,-1,0,0,0,0,0,-1,0,-1,-1,0,0,-1,-1,0,-1,-1,0,0,-1,-1,-1,0,0,-1,0,0,0,-1,0,0,0,0,-1,0,-1,0,-1,0,0,-1,-1,0,-1,-1,0,-1,0,-1,-1,-1,-1,-1,0,0,-1,-1,-1,-1,0,-1,-1,-1,-1,0,-1,-1,-1,-1,-1,-1,-1,-1,-1,-1,-1,-1,-1,0,-1,-1,-1,-1,-1,-1,0,-1,-1,-1,-1,-1,-1,-1,0,-1,-1,-1,0,-1,-1,-1,-1,-1,-1,-1,-1,1,12,0,3,1,56,0,7,-5,-21
2,2,2,2,2,2,2,2,0,0,0,0,3,0,0,0,0,0,2,0,0,0,0,0,0,0,0,0,0,0,-1,0,0,0,0,0,0,0,0,0,0,0,0,0,0,2,2,2,2,2,2,2,2,0,-1,0,0,-1,0,0,-1,0,-1,-1,0,0,-1,-1,0,-1,-1,0,0,-1,-1,-1,0,0,-1,0,0,0,-1,0,0,0,0,-1,0,-1,0,-1,0,0,-1,-1,0,-1,-1,0,-1,0,-1,-1,-1,-1,-1,0,0,-1,-1,-1,-1,0,-1,-1,-1,-1,0,-1,-1,-1,-1,-1,-1,-1,-1,-1,-1,-1,-1,-1,0,-1,-1,-1,-1,-1,-1,0,-1,-1,-1,-1,-1,-1,-1,0,-1,0,-1,0,-1,-1,-1,-1,-1,-1,-1,-1,1,12,0,3,1,58,0,7,-5,-21
2,2,2,2,2,2,2,2,0,0,0,0,3,0,0,0,0,0,2,0,0,0,0,0,0,0,0,0,0,0,-1,0,0,0,0,0,0,0,0,0,0,0,0,0,0,2,2,2,2,2,2,2,2,0,-1,0,0,0,0,0,0,0,-1,-1,0,0,-1,-1,0,-1,-1,0,0,-1,-1,0,0,0,-1,0,0,0,-1,0,0,0,0,-1,0,-1,0,-1,0,0,-1,-1,0,-1,-1,0,-1,0,-1,-1,-1,-1,-1,0,0,-1,-1,-1,-1,0,-1,-1,-1,-1,0,-1,-1,-1,-1,-1,-1,-1,-1,-1,-1,-1,-1,-1,0,-1,-1,-1,-1,-1,-1,0,-1,-1,-1,-1,-1,-1,-1,-1,-1,-1,-1,-1,-1,-1,-1,-1,-1,-1,-1,-1,1,12,1,3,1,54,1,7,-5,-21
2,2,2,2,2,2,2,2,0,0,0,0,3,0,0,0,0,0,2,0,0,0,0,0,0,0,0,0,0,0,-1,0,0,0,0,0,0,0,0,0,0,0,0,0,0,2,2,2,2,2,2,2,2,0,-1,0,0,0,0,0,-1,0,-1,-1,0,0,-1,-1,0,-1,-1,0,0,-1,-1,-1,0,0,-1,0,0,0,-1,0,0,0,0,-1,0,-1,0,-1,0,0,-1,-1,0,-1,-1,0,-1,0,-1,-1,-1,-1,-1,0,0,-1,-1,-1,-1,0,-1,-1,-1,-1,0,-1,-1,-1,-1,-1,-1,-1,-1,-1,-1,-1,-1,0,0,-1,-1,-1,-1,-1,-1,0,-1,-1,-1,-1,-1,-1,-1,0,-1,-1,-1,-1,-1,-1,-1,-1,-1,-1,-1,-1,1,12,0,3,1,58,0,7,-5,-21
0,2,2,2,2,2,2,2,0,0,0,0,0,0,0,0,0,0,0,0,0,0,0,0,0,0,0,0,0,0,0,0,0,0,0,0,0,0,0,0,0,0,0,2,2,2,2,2,2,2,0,0,0,0,0,0,-1,0,0,0,0,0,-1,3,2,2,3,-1,3,2,-1,-1,-1,0,3,-1,3,3,-1,2,-1,2,-1,0,0,3,0,3,3,2,3,2,0,0,0,2,2,-1,2,2,-1,3,2,2,-1,3,-1,2,-1,2,2,3,2,-1,2,0,-1,-1,-1,3,0,2,-1,3,0,3,2,2,0,0,2,-1,0,-1,-1,-1,-1,0,-1,-1,3,-1,0,0,-1,-1,3,-1,-1,3,-1,3,-1,0,-1,0,0,0,0,-1,1,12,0,3,1,59,1,3,-5,-21
2,2,2,2,2,2,2,2,0,0,0,0,3,0,0,0,0,0,2,0,0,0,0,0,0,0,0,0,0,0,-1,0,0,0,0,0,0,0,0,0,0,0,0,0,0,2,2,2,2,2,2,2,2,0,-1,0,0,0,0,0,-1,0,-1,-1,0,0,-1,-1,-1,-1,-1,0,0,-1,-1,-1,0,0,-1,0,0,0,-1,0,0,0,0,-1,0,-1,0,-1,0,0,-1,-1,0,0,-1,0,-1,0,-1,-1,-1,-1,-1,0,0,-1,-1,-1,-1,0,-1,-1,-1,-1,0,-1,-1,-1,-1,-1,-1,-1,-1,-1,-1,-1,-1,-1,0,-1,-1,-1,-1,-1,-1,0,-1,-1,-1,-1,-1,-1,-1,0,-1,-1,-1,0,-1,-1,-1,-1,-1,-1,-1,-1,1,12,0,3,1,54,0,7,-5,-21
2,2,2,2,2,2,2,2,0,0,0,0,3,0,0,0,0,0,2,0,0,0,0,0,0,0,0,0,0,0,-1,0,0,0,0,0,0,0,0,0,0,0,0,0,0,2,2,2,2,2,2,2,2,0,-1,0,0,0,0,0,-1,0,-1,-1,0,0,-1,-1,0,-1,-1,0,0,-1,-1,-1,0,0,-1,0,0,0,-1,0,0,0,0,-1,0,-1,0,-1,0,0,-1,-1,0,-1,-1,0,-1,0,-1,-1,-1,-1,-1,0,0,-1,-1,-1,-1,0,-1,-1,-1,-1,0,-1,-1,-1,-1,-1,-1,-1,-1,-1,-1,-1,-1,-1,0,-1,-1,-1,-1,-1,-1,0,-1,-1,-1,-1,-1,-1,-1,0,-1,-1,-1,0,-1,-1,-1,-1,-1,-1,-1,-1,1,12,0,3,1,57,0,7,-5,-21
2,2,2,2,2,2,2,2,0,0,0,0,2,0,0,0,0,0,-1,3,0,0,0,0,0,0,0,0,0,0,0,0,0,0,0,0,0,0,0,0,0,0,0,0,0,2,2,2,2,2,2,2,2,0,-1,0,0,0,0,0,0,0,-1,-1,0,0,-1,-1,0,-1,-1,0,0,-1,-1,0,0,0,-1,0,0,0,-1,0,0,0,0,-1,0,-1,0,-1,0,0,-1,-1,0,-1,-1,0,-1,0,-1,-1,-1,-1,-1,0,0,-1,0,0,-1,0,-1,-1,-1,0,-1,-1,-1,-1,-1,-1,-1,-1,-1,-1,-1,-1,-1,-1,-1,-1,-1,-1,-1,-1,-1,-1,-1,-1,-1,-1,-1,-1,-1,-1,-1,-1,-1,-1,-1,-1,-1,-1,-1,-1,-1,-1,1,12,1,3,1,59,1,7,-5,-21
2,2,2,2,2,2,2,2,0,0,0,0,2,0,0,0,0,0,3,0,0,0,0,0,0,0,0,0,0,0,0,0,0,0,0,0,0,0,0,0,0,0,0,-1,0,2,2,2,2,2,2,2,2,0,-1,0,0,0,0,-1,0,0,-1,0,0,0,-1,-1,0,-1,0,-1,0,-1,-1,0,0,0,0,0,0,-1,-1,0,0,0,0,-1,0,-1,0,-1,0,0,0,0,0,-1,0,0,-1,0,-1,0,-1,0,-1,-1,-1,-1,-1,0,-1,-1,-1,-1,-1,-1,-1,-1,-1,-1,-1,-1,-1,-1,-1,-1,-1,-1,-1,-1,-1,-1,-1,-1,-1,-1,-1,-1,-1,-1,-1,-1,-1,-1,-1,-1,-1,-1,-1,-1,-1,-1,-1,-1,-1,-1,-1,-1,1,12,1,3,1,58,1,7,-5,-21
2,2,2,2,2,2,2,2,0,0,0,0,2,0,0,0,0,0,3,0,0,0,0,0,0,0,0,0,0,0,0,0,0,0,0,0,0,0,0,0,0,0,0,-1,0,2,2,2,2,2,2,2,2,0,-1,0,0,0,0,-1,0,0,-1,0,0,0,-1,-1,0,-1,0,-1,0,-1,-1,-1,0,0,-1,0,0,0,-1,0,0,0,0,-1,0,-1,0,-1,0,0,-1,-1,0,0,-1,0,-1,0,-1,-1,-1,-1,-1,0,0,-1,-1,-1,-1,0,-1,-1,-1,-1,0,-1,-1,-1,-1,-1,-1,-1,-1,-1,-1,-1,-1,-1,0,-1,-1,-1,-1,-1,-1,0,-1,-1,-1,-1,-1,-1,-1,-1,-1,-1,-1,-1,-1,-1,-1,-1,-1,-1,-1,-1,1,12,0,3,1,54,0,7,-5,-21
2,2,2,2,2,2,2,2,0,0,0,0,2,0,0,0,0,0,3,0,0,0,0,0,0,0,0,0,0,0,0,0,0,0,0,0,0,0,0,0,0,0,0,-1,0,2,2,2,2,2,2,2,2,0,-1,0,0,0,0,-1,0,0,-1,0,0,0,-1,-1,0,-1,0,-1,0,0,-1,0,0,0,0,-1,0,0,-1,0,0,0,-1,-1,0,-1,0,-1,0,0,0,0,0,-1,-1,-1,0,-1,-1,0,-1,-1,0,0,0,-1,-1,-1,-1,-1,-1,-1,-1,-1,-1,-1,-1,-1,-1,-1,-1,-1,-1,-1,-1,-1,0,-1,-1,-1,-1,-1,-1,-1,-1,-1,-1,-1,-1,-1,-1,-1,-1,-1,-1,-1,-1,-1,-1,-1,-1,-1,-1,-1,-1,-1,1,12,1,3,1,54,1,7,-5,-21
2,2,2,2,2,2,2,2,0,0,0,0,3,0,0,0,0,0,2,0,0,0,0,0,0,0,0,0,0,0,-1,0,0,0,0,0,0,0,0,0,0,0,0,0,0,2,2,2,2,2,2,2,2,0,-1,0,0,0,0,0,-1,0,-1,-1,0,0,-1,-1,-1,-1,-1,0,0,-1,-1,-1,0,0,-1,0,0,0,-1,0,0,0,0,-1,0,-1,0,-1,0,0,-1,-1,0,0,-1,0,-1,0,0,-1,-1,-1,0,-1,0,-1,-1,0,-1,-1,0,-1,0,-1,-1,-1,-1,-1,-1,-1,0,-1,-1,-1,-1,-1,-1,-1,-1,-1,0,-1,-1,-1,-1,-1,-1,-1,-1,-1,-1,-1,-1,-1,-1,-1,-1,-1,-1,-1,-1,-1,-1,-1,-1,-1,1,12,0,3,1,54,0,7,-5,-21
2,2,2,2,2,2,2,2,0,0,0,0,2,0,0,0,0,0,-1,3,0,0,0,0,0,0,0,0,0,0,0,0,0,0,0,0,0,0,0,0,0,0,0,0,0,2,2,2,2,2,2,2,2,0,-1,0,0,0,0,0,0,0,-1,0,0,0,0,-1,-1,0,0,0,-1,0,0,0,0,0,0,0,0,0,0,-1,-1,0,0,-1,-1,-1,-1,0,-1,0,-1,0,-1,-1,-1,-1,0,0,0,-1,0,-1,-1,-1,-1,-1,-1,-1,-1,-1,-1,-1,-1,-1,-1,-1,-1,-1,-1,-1,0,0,-1,-1,-1,-1,-1,-1,-1,-1,-1,-1,-1,-1,-1,-1,-1,-1,-1,-1,-1,-1,-1,-1,-1,-1,-1,-1,-1,-1,-1,-1,-1,-1,-1,-1,1,12,0,3,1,54,0,7,-5,-21
0,2,2,2,2,2,2,2,0,0,0,0,0,0,0,0,0,0,0,0,0,0,0,0,0,0,0,0,0,0,0,0,0,0,0,0,0,0,0,0,0,0,0,2,2,2,2,2,2,2,0,0,0,0,0,0,-1,0,0,0,0,0,-1,3,2,2,3,-1,3,2,-1,-1,-1,0,3,-1,3,3,-1,2,-1,2,-1,0,0,3,0,3,3,2,3,2,0,0,0,2,2,-1,2,2,-1,3,2,2,-1,3,-1,2,-1,2,2,3,2,-1,2,0,-1,-1,-1,3,0,2,-1,3,0,3,2,2,0,0,2,-1,0,-1,-1,-1,-1,0,-1,-1,3,-1,0,0,-1,-1,3,-1,-1,3,-1,3,-1,0,-1,0,0,0,0,-1,1,12,1,3,0,59,1,5,-5,-21
2,2,2,2,2,2,2,2,0,0,0,0,3,0,0,0,0,0,2,0,0,0,0,0,0,0,0,0,0,0,0,0,-1,0,0,0,0,0,0,0,0,0,0,0,0,2,2,2,2,2,2,2,2,0,-1,0,0,-1,0,0,0,0,-1,-1,0,0,-1,0,0,0,-1,0,0,0,0,0,0,0,-1,0,-1,-1,0,0,0,-1,-1,-1,-1,-1,-1,-1,-1,0,0,-1,-1,-1,0,-1,-1,0,-1,0,-1,-1,0,-1,-1,0,0,-1,-1,-1,-1,-1,-1,-1,-1,-1,0,-1,-1,0,-1,-1,-1,-1,-1,0,-1,-1,-1,-1,-1,-1,-1,-1,-1,-1,-1,-1,-1,-1,-1,-1,-1,-1,0,-1,-1,-1,-1,-1,0,-1,-1,-1,-1,-1,1,12,0,3,1,54,0,7,-5,-21
0,2,2,2,2,2,2,2,0,0,0,0,0,0,0,0,0,0,0,0,0,0,0,0,0,0,0,0,0,0,0,0,0,0,0,0,0,0,0,0,0,0,0,2,2,2,2,2,2,2,0,0,0,0,0,0,-1,0,0,0,0,0,-1,3,2,2,3,-1,3,2,-1,-1,-1,0,3,-1,3,3,-1,2,-1,2,-1,0,0,3,0,3,3,2,3,2,0,0,0,2,2,-1,2,2,-1,3,2,2,-1,3,-1,2,-1,2,2,3,2,-1,2,0,-1,-1,-1,3,0,2,-1,3,0,3,2,2,0,0,2,-1,0,-1,-1,-1,-1,0,-1,-1,3,-1,0,0,-1,-1,3,-1,-1,3,-1,3,-1,0,-1,0,0,0,0,-1,1,14,1,3,0,59,1,4,-5,-21
2,2,2,2,2,2,2,2,0,0,0,0,2,0,0,0,0,0,3,0,0,0,0,0,0,0,0,0,0,0,0,0,0,0,0,0,0,0,0,0,0,0,0,-1,0,2,2,2,2,2,2,2,2,0,-1,0,0,0,0,-1,0,0,-1,0,0,0,-1,-1,0,-1,0,-1,0,-1,-1,0,0,0,0,0,0,0,-1,0,-1,0,-1,-1,0,-1,0,-1,0,0,0,0,0,-1,0,0,-1,0,-1,0,-1,0,-1,-1,-1,-1,-1,0,-1,-1,-1,-1,-1,-1,-1,0,-1,-1,-1,-1,-1,-1,-1,-1,-1,-1,-1,-1,-1,-1,-1,-1,-1,-1,-1,-1,-1,-1,-1,-1,-1,-1,-1,-1,-1,-1,-1,-1,-1,-1,-1,-1,-1,-1,-1,-1,1,12,1,3,1,54,1,7,-5,-21
2,2,2,2,2,2,2,2,0,0,0,0,2,0,0,0,0,0,3,0,0,0,0,0,0,0,0,0,-1,0,0,0,0,0,0,0,0,0,0,0,0,0,0,0,0,2,2,2,2,2,2,2,2,0,0,0,0,0,0,0,0,0,-1,-1,0,0,-1,-1,0,-1,-1,0,0,-1,-1,0,0,0,-1,-1,0,0,-1,0,0,0,0,-1,0,-1,0,-1,0,0,-1,-1,0,-1,-1,0,-1,0,0,-1,-1,-1,0,-1,0,-1,-1,-1,-1,0,-1,-1,-1,-1,0,-1,-1,-1,-1,-1,-1,-1,-1,-1,-1,-1,-1,-1,-1,-1,-1,-1,-1,0,-1,-1,-1,-1,-1,-1,-1,-1,-1,-1,-1,-1,-1,-1,-1,-1,-1,-1,-1,-1,-1,-1,1,12,1,3,1,54,1,7,-5,-21
2,2,2,2,2,2,2,2,0,0,0,0,3,0,0,0,0,0,2,0,0,0,0,0,0,0,0,0,0,0,-1,0,0,0,0,0,0,0,0,0,0,0,0,0,0,2,2,2,2,2,2,2,2,0,-1,0,0,0,0,0,-1,-1,-1,-1,0,0,-1,-1,0,-1,-1,0,0,-1,-1,-1,0,0,-1,0,0,0,-1,0,0,0,0,-1,0,-1,0,-1,0,0,-1,-1,0,-1,-1,0,-1,0,-1,-1,-1,-1,-1,0,0,-1,-1,-1,-1,0,-1,-1,-1,-1,0,-1,-1,-1,-1,-1,-1,-1,-1,-1,-1,-1,-1,0,0,-1,-1,-1,-1,0,-1,0,-1,-1,-1,-1,-1,-1,-1,0,-1,-1,-1,-1,-1,-1,-1,-1,-1,-1,-1,-1,1,12,0,3,1,58,0,7,-5,-21
2,2,2,2,2,2,2,2,0,0,0,0,3,0,0,0,0,0,2,0,0,0,0,0,0,0,0,0,0,0,0,0,-1,0,0,0,0,0,0,0,0,0,0,0,0,2,2,2,2,2,2,2,2,0,-1,0,0,-1,0,0,0,0,-1,-1,0,0,-1,0,0,0,-1,0,0,0,0,0,0,0,-1,0,-1,-1,0,0,0,-1,-1,-1,-1,-1,-1,-1,-1,0,0,-1,-1,-1,0,-1,-1,0,-1,0,-1,-1,0,-1,-1,0,0,-1,-1,-1,-1,-1,-1,-1,-1,-1,0,-1,-1,0,-1,-1,0,-1,-1,0,-1,-1,-1,-1,-1,-1,-1,-1,-1,-1,-1,-1,-1,-1,-1,-1,-1,-1,0,-1,-1,-1,-1,-1,-1,-1,-1,-1,-1,-1,1,12,0,3,1,54,0,7,-5,-21
2,2,2,2,2,2,2,2,0,0,0,0,2,0,0,0,0,0,3,0,0,0,0,0,0,0,0,0,0,0,0,0,0,0,0,0,0,0,0,0,0,0,0,-1,0,2,2,2,2,2,2,2,2,0,-1,0,0,0,0,-1,0,0,-1,0,0,0,-1,-1,0,-1,0,-1,0,-1,-1,0,0,0,0,0,0,-1,-1,0,0,0,0,-1,0,-1,0,0,0,0,0,0,0,-1,0,0,-1,0,-1,0,-1,0,-1,-1,-1,-1,-1,-1,-1,-1,-1,-1,-1,-1,-1,-1,-1,-1,-1,-1,-1,-1,-1,-1,-1,-1,-1,-1,-1,-1,-1,-1,-1,-1,-1,-1,-1,-1,-1,-1,-1,-1,-1,-1,-1,-1,-1,-1,-1,-1,-1,-1,-1,-1,-1,-1,1,12,1,3,1,58,1,7,-5,-21
2,2,2,2,2,2,2,2,0,0,0,0,3,0,0,0,0,0,2,0,0,0,0,0,0,0,0,0,0,0,-1,0,0,0,0,0,0,0,0,0,0,0,0,0,0,2,2,2,2,2,2,2,2,0,-1,0,0,0,0,0,-1,0,-1,-1,0,0,-1,-1,-1,-1,-1,0,0,-1,-1,-1,0,0,-1,0,0,0,-1,0,0,0,0,-1,0,-1,0,-1,0,0,-1,-1,0,0,-1,0,-1,0,-1,-1,-1,-1,-1,0,0,-1,-1,-1,-1,0,-1,-1,-1,-1,0,-1,-1,-1,-1,-1,-1,-1,-1,-1,-1,-1,-1,-1,0,-1,-1,-1,-1,-1,-1,0,-1,-1,-1,-1,-1,-1,-1,0,-1,-1,-1,0,-1,-1,-1,-1,-1,-1,-1,-1,1,12,1,3,1,54,0,7,-5,-21
0,2,2,2,2,2,2,2,0,0,0,0,0,0,0,0,0,0,0,0,0,0,0,0,0,0,0,0,0,0,0,0,0,0,0,0,0,0,0,0,0,0,0,2,2,2,2,2,2,2,0,0,0,0,0,0,-1,0,0,0,0,0,-1,3,2,2,3,-1,3,2,-1,-1,-1,0,3,-1,3,3,-1,2,-1,2,-1,0,0,3,0,3,3,2,3,2,0,0,0,2,2,-1,2,2,-1,3,2,2,-1,3,-1,2,-1,2,2,3,2,-1,2,0,-1,-1,-1,3,0,2,-1,3,0,3,2,2,0,0,2,-1,0,-1,-1,-1,-1,0,-1,-1,3,-1,0,0,-1,-1,3,-1,-1,3,-1,3,-1,0,-1,0,0,0,0,-1,1,9,1,3,1,56,1,7,-5,-21
0,2,2,2,2,2,2,2,0,0,0,0,0,0,0,0,0,0,0,0,0,0,0,0,0,0,0,0,0,0,0,0,0,0,0,0,0,0,0,0,0,0,0,2,2,2,2,2,2,2,0,0,0,0,0,0,-1,-1,0,0,0,0,0,3,2,2,3,-1,3,2,-1,-1,-1,0,3,-1,3,3,-1,2,-1,2,-1,0,0,3,0,3,3,2,3,2,0,0,0,2,2,-1,2,2,-1,3,2,2,-1,3,-1,2,-1,2,2,3,2,-1,2,0,-1,-1,-1,3,0,2,-1,3,0,3,2,2,0,0,2,-1,0,-1,-1,-1,-1,0,-1,-1,3,-1,0,0,-1,-1,3,-1,-1,3,-1,3,-1,0,-1,0,0,0,0,-1,1,9,1,3,1,51,1,2,-5,-21
2,2,2,2,2,2,2,2,0,0,0,0,3,0,0,0,0,0,2,0,0,0,0,0,0,0,0,0,0,0,-1,0,0,0,0,0,0,0,0,0,0,0,0,0,0,2,2,2,2,2,2,2,2,0,-1,0,0,0,0,0,0,-1,-1,0,0,0,-1,0,0,-1,0,-1,-1,0,-1,0,0,0,0,0,0,-1,0,0,0,-1,0,-1,-1,-1,-1,-1,0,-1,-1,0,0,-1,0,-1,-1,0,0,-1,-1,-1,-1,-1,0,-1,-1,0,-1,-1,0,-1,0,-1,0,-1,-1,-1,-1,-1,-1,-1,-1,-1,-1,0,-1,-1,-1,-1,-1,-1,-1,-1,-1,-1,-1,-1,-1,-1,-1,-1,-1,-1,-1,-1,-1,-1,-1,-1,-1,-1,-1,-1,-1,-1,1,12,0,3,1,58,0,7,-5,-21
0,2,2,2,2,2,2,2,0,0,0,0,0,0,0,0,0,0,0,0,0,0,0,0,0,0,0,0,0,0,0,0,0,0,0,0,0,0,0,0,0,0,0,2,2,2,2,2,2,2,0,0,0,0,0,0,-1,0,0,0,0,0,-1,3,2,2,3,-1,3,2,-1,-1,-1,0,3,-1,3,3,-1,2,-1,2,-1,0,0,3,0,3,3,2,3,2,0,0,0,2,2,-1,2,2,-1,3,2,2,-1,3,-1,2,-1,2,2,3,2,-1,2,0,-1,-1,-1,3,0,2,-1,3,0,3,2,2,0,0,2,-1,0,-1,-1,-1,-1,0,-1,-1,3,-1,0,0,-1,-1,3,-1,-1,3,-1,3,-1,0,-1,0,0,0,0,-1,1,14,1,3,1,56,1,2,-5,-21
2,2,2,2,2,2,2,2,0,0,0,0,2,0,0,0,0,0,3,0,0,0,0,0,0,0,0,0,0,0,0,0,0,0,0,0,0,0,0,0,0,0,0,-1,0,2,2,2,2,2,2,2,2,0,-1,0,0,0,0,-1,0,0,-1,0,0,0,-1,-1,0,-1,0,-1,0,-1,-1,0,0,0,0,0,0,0,-1,0,-1,0,-1,-1,0,-1,0,-1,0,0,0,0,0,-1,0,0,-1,0,-1,0,-1,0,-1,-1,-1,-1,-1,0,-1,-1,-1,-1,-1,-1,-1,0,-1,-1,-1,-1,-1,-1,-1,-1,-1,-1,-1,-1,-1,-1,-1,-1,-1,-1,-1,-1,-1,-1,-1,-1,-1,-1,-1,-1,-1,-1,-1,-1,-1,-1,-1,-1,-1,-1,-1,-1,1,12,1,3,1,55,1,7,-5,-21
2,2,2,2,2,2,2,2,0,0,0,0,2,0,0,0,0,0,3,0,0,0,0,0,0,0,0,0,0,0,0,0,0,0,0,0,0,0,0,0,0,0,0,-1,0,2,2,2,2,2,2,2,2,0,-1,0,0,0,0,-1,0,0,-1,0,0,0,-1,-1,0,-1,0,-1,0,-1,-1,0,0,0,0,0,0,0,-1,0,0,0,-1,0,0,-1,0,-1,0,0,0,0,0,-1,0,0,-1,0,-1,0,-1,0,-1,-1,-1,-1,-1,-1,-1,-1,-1,-1,-1,-1,-1,-1,-1,-1,-1,-1,-1,-1,-1,-1,-1,-1,-1,-1,-1,-1,-1,-1,-1,-1,-1,-1,-1,-1,-1,-1,-1,-1,-1,-1,-1,-1,-1,-1,-1,-1,-1,-1,-1,-1,-1,-1,1,12,1,3,1,54,1,7,-5,-21
2,2,2,2,2,2,2,2,0,0,0,0,3,0,0,0,0,0,2,0,0,0,0,0,0,0,0,0,0,0,0,0,-1,0,0,0,0,0,0,0,0,0,0,0,0,2,2,2,2,2,2,2,2,0,-1,0,0,-1,0,0,0,0,-1,-1,0,0,-1,0,0,0,-1,0,0,0,0,0,0,0,-1,0,-1,-1,0,0,0,-1,-1,-1,-1,-1,-1,-1,-1,0,0,-1,-1,-1,0,-1,-1,0,-1,0,-1,-1,0,-1,-1,0,0,-1,-1,-1,-1,-1,-1,-1,-1,-1,0,-1,-1,0,-1,-1,0,-1,-1,0,-1,-1,-1,-1,-1,-1,-1,-1,-1,-1,-1,-1,-1,-1,-1,-1,-1,-1,0,-1,-1,-1,-1,-1,-1,-1,-1,-1,-1,-1,1,12,0,3,1,54,1,7,-5,-21
2,2,2,2,2,2,2,2,0,0,0,0,2,0,0,0,0,0,3,0,0,0,0,0,0,0,0,0,0,0,0,0,0,0,0,0,0,0,0,0,0,0,0,-1,0,2,2,2,2,2,2,2,2,0,-1,0,0,0,0,-1,0,0,-1,0,0,0,-1,0,0,-1,0,-1,0,-1,-1,0,0,0,0,0,0,-1,-1,0,0,0,0,-1,0,-1,0,-1,0,0,0,0,0,-1,0,0,-1,0,-1,0,-1,0,-1,-1,-1,-1,-1,-1,-1,-1,-1,-1,-1,-1,-1,-1,-1,-1,-1,-1,-1,-1,-1,-1,-1,-1,-1,-1,-1,-1,-1,-1,-1,-1,-1,-1,-1,-1,-1,-1,-1,-1,-1,-1,-1,-1,-1,-1,-1,-1,-1,-1,-1,-1,-1,-1,1,12,1,3,1,54,1,7,-5,-21
2,2,2,2,2,2,2,2,0,0,0,0,2,0,0,0,0,0,3,0,0,0,0,0,0,0,0,0,-1,0,0,0,0,0,0,0,0,0,0,0,0,0,0,0,0,2,2,2,2,2,2,2,2,0,-1,0,0,0,0,0,0,-1,-1,0,0,0,0,0,-1,0,0,-1,-1,0,0,-1,0,0,0,-1,-1,0,0,-1,0,-1,0,-1,-1,-1,-1,0,-1,-1,0,-1,-1,-1,0,-1,-1,0,0,-1,-1,-1,0,-1,-1,-1,-1,0,-1,-1,0,-1,0,-1,-1,-1,-1,-1,-1,-1,-1,-1,-1,-1,-1,-1,-1,-1,0,-1,0,-1,-1,-1,-1,-1,-1,-1,-1,0,-1,-1,-1,-1,-1,-1,-1,-1,-1,-1,-1,-1,0,-1,-1,-1,1,12,0,3,1,54,1,7,-5,-21
0,2,2,2,2,2,2,2,0,0,0,0,0,0,0,0,0,0,0,0,0,0,0,0,0,0,0,0,0,0,0,0,0,0,0,0,0,0,0,0,0,0,0,2,2,2,2,2,2,2,0,0,0,0,0,0,-1,0,0,0,0,0,-1,3,2,2,3,-1,3,2,-1,-1,-1,0,3,-1,3,3,-1,2,-1,2,-1,0,0,3,0,3,3,2,3,2,0,0,0,2,2,-1,2,2,-1,3,2,2,-1,3,-1,2,-1,2,2,3,2,-1,2,0,-1,-1,-1,3,0,2,-1,3,0,3,2,2,0,0,2,-1,0,-1,-1,-1,-1,0,-1,-1,3,-1,0,0,-1,-1,3,-1,-1,3,-1,3,-1,0,-1,0,0,0,0,-1,1,9,1,3,0,56,1,4,-5,-21
2,2,2,2,2,2,2,2,0,0,0,0,3,0,0,0,0,0,2,0,0,0,0,0,0,0,0,0,0,0,-1,0,0,0,0,0,0,0,0,0,0,0,0,0,0,2,2,2,2,2,2,2,2,0,-1,0,0,0,0,0,-1,0,-1,-1,0,0,-1,-1,0,-1,-1,0,0,-1,-1,-1,0,0,-1,0,0,0,-1,0,0,0,0,-1,0,-1,0,-1,0,0,-1,-1,0,-1,-1,0,-1,0,-1,-1,-1,-1,-1,0,0,-1,-1,-1,-1,0,-1,-1,-1,-1,0,-1,-1,-1,-1,-1,-1,-1,-1,-1,-1,-1,-1,-1,0,-1,-1,-1,0,-1,-1,0,-1,-1,-1,-1,-1,-1,-1,0,-1,-1,-1,-1,-1,-1,-1,-1,-1,-1,-1,-1,1,12,0,3,1,56,0,7,-5,-21
0,2,2,2,2,2,2,2,0,0,0,0,0,0,0,0,0,0,0,0,0,0,0,0,0,0,0,0,0,0,0,0,0,0,0,0,0,0,0,0,0,0,0,2,2,2,2,2,2,2,0,0,0,0,0,0,-1,0,0,0,0,0,-1,3,2,2,3,-1,3,2,-1,-1,-1,0,3,-1,3,3,-1,2,-1,2,-1,0,0,3,0,3,3,2,3,2,0,0,0,2,2,-1,2,2,-1,3,2,2,-1,3,-1,2,-1,2,2,3,2,-1,2,0,-1,-1,-1,3,0,2,-1,3,0,3,2,2,0,0,2,-1,0,-1,-1,-1,-1,0,-1,-1,3,-1,0,0,-1,-1,3,-1,-1,3,-1,3,-1,0,-1,0,0,0,0,-1,1,11,1,3,1,59,1,4,-5,-21
2,2,2,2,2,2,2,2,0,0,0,0,2,0,0,0,0,0,3,0,0,0,0,0,0,0,0,0,0,0,0,0,0,0,0,0,0,0,0,0,0,0,0,-1,0,2,2,2,2,2,2,2,2,0,-1,0,0,0,0,-1,0,0,-1,0,0,0,-1,-1,0,-1,0,-1,0,-1,-1,0,0,0,0,0,0,0,-1,0,0,0,-1,0,0,-1,0,-1,0,0,0,0,0,-1,0,0,-1,0,-1,0,-1,-1,0,-1,-1,-1,-1,-1,-1,-1,-1,-1,-1,-1,-1,-1,-1,-1,-1,-1,-1,-1,-1,-1,-1,-1,-1,-1,-1,-1,-1,-1,-1,-1,-1,-1,-1,-1,-1,-1,-1,-1,-1,-1,-1,-1,-1,-1,-1,-1,-1,-1,-1,-1,-1,-1,1,12,1,3,1,54,1,7,-5,-21
2,2,2,2,2,2,2,2,0,0,0,0,3,0,0,0,0,0,2,0,0,0,0,0,0,0,0,0,0,0,-1,0,0,0,0,0,0,0,0,0,0,0,0,0,0,2,2,2,2,2,2,2,2,0,-1,0,0,0,0,0,-1,0,-1,-1,0,0,-1,-1,-1,-1,-1,0,0,-1,-1,-1,0,0,-1,0,0,0,-1,0,0,0,0,-1,0,-1,0,-1,0,0,-1,-1,0,0,-1,0,-1,0,-1,-1,-1,0,-1,0,0,-1,-1,-1,-1,0,-1,-1,-1,-1,0,-1,-1,-1,-1,-1,-1,-1,-1,-1,-1,-1,-1,-1,0,-1,-1,-1,-1,-1,-1,0,-1,-1,-1,-1,-1,-1,-1,0,-1,-1,-1,-1,-1,-1,-1,-1,-1,-1,-1,-1,1,12,1,3,1,54,0,7,-5,-21
2,2,2,2,2,2,2,2,0,0,0,0,3,0,0,0,0,0,2,0,0,0,0,0,0,0,0,0,0,0,-1,0,0,0,0,0,0,0,0,0,0,0,0,0,0,2,2,2,2,2,2,2,2,0,-1,0,0,0,-1,0,0,0,-1,-1,0,-1,0,-1,0,0,0,0,0,0,-1,-1,0,-1,0,0,-1,-1,0,0,-1,-1,0,-1,0,-1,-1,0,-1,0,-1,-1,-1,-1,-1,-1,0,-1,-1,-1,-1,0,-1,-1,0,0,0,0,-1,0,-1,0,0,0,0,-1,0,-1,-1,-1,-1,-1,-1,-1,-1,-1,-1,-1,-1,-1,-1,-1,-1,-1,-1,-1,-1,-1,-1,-1,-1,-1,-1,-1,-1,-1,-1,-1,-1,-1,-1,-1,-1,-1,-1,-1,1,12,1,3,1,54,0,7,-5,-21
2,2,2,2,2,2,2,2,0,0,0,0,2,0,0,0,0,0,3,0,0,0,0,0,0,0,0,0,-1,0,0,0,0,0,0,0,0,0,0,0,0,0,0,0,0,2,2,2,2,2,2,2,2,0,-1,0,0,0,0,0,0,-1,-1,0,0,0,0,0,0,-1,-1,0,0,0,-1,0,0,0,-1,0,-1,-1,-1,0,0,0,0,-1,-1,-1,-1,0,0,0,-1,-1,-1,-1,-1,0,-1,0,-1,-1,-1,-1,-1,-1,0,-1,0,0,-1,0,-1,-1,-1,0,-1,-1,-1,-1,-1,-1,-1,-1,-1,0,0,-1,-1,-1,-1,-1,-1,-1,-1,-1,-1,-1,-1,-1,-1,-1,-1,-1,-1,-1,-1,-1,-1,-1,-1,-1,-1,-1,-1,-1,-1,-1,1,12,1,3,1,54,1,7,-5,-21
2,2,2,2,2,2,2,2,0,0,0,0,2,0,0,0,0,0,3,0,0,0,0,0,0,0,0,0,0,0,0,0,0,0,0,0,0,0,0,0,0,0,0,-1,0,2,2,2,2,2,2,2,2,0,-1,0,0,0,0,-1,0,0,-1,0,0,0,-1,-1,0,-1,0,-1,0,-1,-1,0,0,0,0,0,0,0,-1,0,0,0,-1,-1,0,-1,0,-1,0,0,0,0,0,-1,-1,0,-1,0,-1,0,-1,0,-1,-1,-1,-1,0,0,-1,-1,-1,-1,-1,-1,-1,-1,-1,-1,-1,-1,-1,-1,-1,-1,-1,-1,-1,-1,-1,-1,-1,-1,-1,-1,-1,-1,-1,-1,-1,-1,-1,-1,-1,-1,-1,-1,-1,-1,-1,-1,-1,-1,-1,-1,-1,-1,1,12,1,3,1,54,1,7,-5,-21
2,2,2,2,2,2,2,2,0,0,0,0,3,0,0,0,0,0,2,0,0,0,0,0,0,0,0,0,0,0,-1,0,0,0,0,0,0,0,0,0,0,0,0,0,0,2,2,2,2,2,2,2,2,0,-1,0,0,0,0,0,0,0,-1,-1,0,0,0,-1,0,0,0,0,0,0,-1,-1,-1,-1,0,0,-1,0,0,0,-1,-1,0,-1,0,-1,-1,0,-1,0,-1,-1,-1,-1,-1,-1,0,-1,-1,-1,-1,0,-1,-1,0,0,0,0,-1,-1,-1,-1,0,0,0,-1,0,-1,-1,-1,-1,-1,-1,-1,-1,-1,-1,-1,-1,-1,-1,-1,-1,-1,-1,-1,-1,-1,-1,-1,-1,-1,-1,-1,-1,-1,-1,-1,-1,-1,-1,-1,-1,-1,-1,-1,1,12,0,3,1,58,0,7,-5,-21
2,2,2,2,2,2,2,2,0,0,0,0,2,0,0,0,0,0,3,0,0,0,0,0,0,0,0,0,0,0,0,0,0,0,0,0,0,0,0,0,0,0,0,-1,0,2,2,2,2,2,2,2,2,0,-1,0,0,0,0,-1,0,0,-1,0,0,0,-1,-1,0,-1,0,-1,0,-1,-1,0,0,0,0,0,0,0,-1,0,0,0,-1,-1,0,-1,0,-1,0,0,0,0,0,-1,0,0,-1,0,-1,0,-1,0,-1,-1,-1,-1,-1,0,-1,-1,-1,-1,-1,-1,-1,-1,-1,-1,-1,-1,-1,-1,-1,-1,-1,-1,-1,-1,-1,-1,-1,-1,-1,-1,-1,-1,-1,-1,-1,-1,-1,-1,-1,-1,-1,-1,-1,-1,-1,-1,-1,-1,-1,-1,-1,-1,1,12,1,3,1,55,1,7,-5,-21
2,2,2,2,2,2,2,2,0,0,0,0,2,0,0,0,0,0,3,0,0,0,0,0,0,0,0,0,-1,0,0,0,0,0,0,0,0,0,0,0,0,0,0,0,0,2,2,2,2,2,2,2,2,0,-1,0,0,0,0,0,0,-1,-1,0,0,0,0,0,-1,0,0,-1,-1,0,0,-1,0,0,0,-1,-1,0,0,-1,0,-1,0,-1,-1,-1,-1,0,-1,-1,0,-1,-1,-1,0,-1,-1,0,0,-1,-1,-1,0,-1,-1,-1,-1,0,-1,0,0,-1,0,-1,-1,-1,-1,-1,-1,-1,-1,-1,-1,-1,-1,-1,-1,-1,0,-1,0,-1,-1,-1,-1,-1,-1,-1,-1,0,-1,-1,-1,-1,-1,-1,-1,-1,-1,-1,-1,-1,-1,-1,-1,-1,1,12,0,3,1,54,1,7,-5,-21
2,2,2,2,2,2,2,2,0,0,0,0,2,0,0,0,0,0,3,0,0,0,0,0,0,0,0,0,-1,0,0,0,0,0,0,0,0,0,0,0,0,0,0,0,0,2,2,2,2,2,2,2,2,0,-1,0,0,0,0,0,0,-1,-1,0,0,0,0,0,0,-1,-1,0,0,0,-1,0,0,0,-1,0,-1,-1,0,0,0,0,0,-1,-1,-1,-1,0,0,0,-1,-1,-1,-1,-1,0,-1,0,-1,-1,-1,-1,-1,-1,0,-1,0,0,-1,0,-1,-1,-1,0,-1,-1,-1,-1,-1,-1,-1,-1,-1,0,-1,-1,-1,-1,-1,-1,-1,-1,-1,-1,-1,-1,-1,-1,-1,-1,-1,-1,-1,-1,-1,-1,-1,-1,-1,-1,-1,-1,-1,-1,-1,-1,1,12,1,3,1,54,1,7,-5,-21
2,2,2,2,2,2,2,2,0,0,0,0,3,0,0,0,0,0,2,0,0,0,0,0,0,0,0,0,0,0,0,0,-1,0,0,0,0,0,0,0,0,0,0,0,0,2,2,2,2,2,2,2,2,0,-1,0,-1,-1,0,0,0,0,-1,-1,0,0,-1,0,0,0,-1,0,0,0,0,0,0,0,-1,0,-1,-1,0,0,0,-1,-1,-1,-1,-1,-1,-1,-1,0,0,-1,-1,-1,0,-1,-1,0,-1,0,-1,-1,0,-1,-1,0,0,-1,-1,-1,-1,-1,-1,-1,-1,-1,0,-1,-1,0,-1,-1,0,-1,-1,0,-1,-1,-1,-1,-1,-1,-1,-1,-1,-1,-1,-1,-1,-1,0,-1,-1,-1,0,-1,-1,-1,-1,-1,-1,-1,-1,-1,-1,-1,1,12,0,3,1,54,0,7,-5,-21
2,2,2,2,2,2,2,2,0,0,0,0,3,0,0,0,0,0,2,0,0,0,0,0,0,0,0,0,0,0,-1,0,0,0,0,0,0,0,0,0,0,0,0,0,0,2,2,2,2,2,2,2,2,0,-1,0,0,0,0,0,-1,0,-1,-1,0,0,-1,-1,-1,-1,-1,0,0,-1,-1,-1,0,0,-1,0,0,0,-1,0,0,0,0,-1,0,-1,0,-1,0,0,0,-1,0,0,-1,0,-1,0,-1,-1,-1,-1,-1,0,0,-1,-1,-1,-1,0,-1,-1,-1,-1,0,-1,-1,-1,-1,-1,-1,-1,-1,-1,-1,-1,-1,-1,0,-1,-1,-1,-1,-1,-1,0,-1,-1,-1,-1,-1,-1,-1,0,-1,-1,-1,-1,-1,-1,-1,-1,-1,-1,-1,-1,1,12,0,3,1,54,0,7,-5,-21
2,2,2,2,2,2,2,2,0,0,0,0,2,0,0,0,0,0,3,0,0,0,0,0,0,0,0,0,0,0,0,0,0,0,0,0,0,0,0,0,0,0,0,-1,0,2,2,2,2,2,2,2,2,0,-1,0,0,0,0,-1,0,0,-1,0,0,0,-1,-1,0,-1,0,-1,-1,-1,-1,0,0,0,0,0,0,0,-1,0,0,0,-1,0,0,-1,0,-1,0,0,0,0,0,-1,0,0,-1,0,-1,0,-1,0,-1,-1,-1,-1,-1,-1,-1,-1,-1,-1,-1,-1,-1,-1,-1,-1,-1,-1,-1,-1,-1,-1,0,-1,-1,-1,-1,-1,-1,-1,-1,-1,-1,-1,-1,-1,-1,-1,-1,-1,-1,-1,-1,-1,-1,-1,-1,-1,-1,-1,-1,-1,-1,-1,1,12,1,3,1,54,1,7,-5,-21
2,2,2,2,2,2,2,2,0,0,0,0,3,0,0,0,0,0,2,0,0,0,0,0,0,0,0,0,0,0,-1,0,0,0,0,0,0,0,0,0,0,0,0,0,0,2,2,2,2,2,2,2,2,0,-1,0,0,0,0,0,-1,0,-1,-1,0,0,-1,-1,-1,-1,-1,0,0,-1,-1,-1,0,0,-1,0,0,0,-1,0,0,0,0,-1,0,-1,0,-1,0,0,-1,-1,0,0,-1,0,-1,0,-1,-1,-1,-1,-1,0,0,-1,-1,-1,-1,0,-1,-1,-1,-1,0,-1,-1,-1,-1,-1,-1,-1,0,-1,-1,-1,-1,-1,0,-1,-1,-1,-1,-1,-1,0,-1,-1,-1,-1,-1,-1,-1,0,-1,-1,-1,-1,-1,-1,-1,-1,-1,-1,-1,-1,1,12,0,3,1,54,0,7,-5,-21
2,2,2,2,2,2,2,2,0,0,0,0,2,0,0,0,0,0,3,0,0,0,0,0,0,0,0,0,-1,0,0,0,0,0,0,0,0,0,0,0,0,0,0,0,0,2,2,2,2,2,2,2,2,0,-1,0,0,0,0,0,0,-1,-1,0,0,0,-1,0,0,-1,-1,0,0,0,-1,0,0,0,-1,0,-1,-1,-1,0,0,0,0,-1,-1,-1,-1,0,0,0,-1,-1,-1,-1,-1,0,-1,0,-1,-1,-1,-1,-1,-1,0,-1,0,0,-1,0,-1,-1,-1,0,-1,-1,-1,-1,-1,-1,-1,-1,-1,0,0,-1,-1,-1,-1,-1,-1,-1,-1,0,-1,-1,-1,-1,-1,-1,-1,-1,-1,-1,-1,-1,-1,-1,-1,-1,-1,-1,-1,-1,-1,-1,1,12,1,3,1,54,1,7,-5,-21
2,2,2,2,2,2,2,2,0,0,0,0,2,0,0,0,0,0,3,0,0,0,0,0,0,0,0,0,0,0,0,0,0,0,0,0,0,0,0,0,0,0,0,-1,0,2,2,2,2,2,2,2,2,0,-1,0,0,0,0,-1,0,0,-1,0,0,0,-1,-1,0,-1,0,-1,2,-1,-1,0,0,0,0,0,0,0,-1,0,-1,0,-1,-1,0,-1,0,-1,0,0,0,0,0,-1,0,0,-1,0,-1,0,-1,0,-1,-1,-1,-1,-1,0,-1,-1,-1,-1,-1,-1,-1,0,-1,-1,-1,-1,-1,-1,-1,-1,-1,-1,-1,-1,-1,-1,-1,-1,-1,-1,-1,-1,-1,-1,-1,-1,-1,-1,-1,-1,-1,-1,-1,-1,-1,-1,-1,-1,-1,-1,-1,-1,1,12,1,3,1,54,1,7,-5,-21
2,2,2,2,2,2,2,2,0,0,0,0,2,0,0,0,0,0,3,0,0,0,0,0,0,0,0,0,-1,0,0,0,0,0,0,0,0,0,0,0,0,0,0,0,0,2,2,2,2,2,2,2,2,0,-1,0,0,0,0,0,0,0,-1,-1,0,0,-1,-1,0,-1,-1,0,0,-1,-1,0,0,0,-1,0,0,0,-1,0,0,0,-1,-1,0,-1,0,-1,0,0,-1,-1,0,-1,-1,0,-1,0,0,-1,-1,-1,-1,0,0,-1,-1,-1,-1,0,-1,-1,-1,-1,0,-1,-1,-1,-1,-1,-1,-1,-1,-1,-1,-1,-1,-1,0,-1,-1,-1,-1,-1,-1,0,-1,-1,-1,-1,-1,-1,-1,-1,-1,-1,-1,-1,-1,-1,-1,-1,-1,-1,-1,-1,1,12,1,3,1,54,0,7,-5,-21
2,2,2,2,2,2,2,2,0,0,0,0,3,0,0,0,0,0,2,0,0,0,0,0,0,0,0,0,0,0,-1,0,0,0,0,0,0,0,0,0,0,0,0,0,0,2,2,2,2,2,2,2,2,0,-1,0,0,0,0,0,-1,0,-1,-1,0,0,-1,-1,0,-1,-1,0,0,-1,-1,-1,0,0,-1,0,0,0,-1,0,0,0,0,-1,0,-1,0,-1,-1,0,-1,-1,0,-1,-1,0,-1,0,-1,-1,-1,-1,-1,0,0,0,-1,-1,-1,0,-1,-1,-1,-1,0,-1,-1,-1,-1,-1,-1,-1,-1,-1,-1,-1,-1,-1,0,-1,-1,-1,-1,-1,-1,0,-1,-1,-1,-1,-1,-1,-1,0,-1,-1,-1,0,-1,-1,-1,-1,-1,-1,-1,-1,1,12,0,3,1,54,0,7,-5,-21
2,2,2,2,2,2,2,2,0,0,0,0,2,0,0,0,0,0,3,0,0,0,0,0,0,0,0,0,0,0,0,0,0,0,0,0,0,0,0,0,0,0,0,-1,0,2,2,2,2,2,2,2,2,0,-1,0,0,0,0,-1,0,0,0,0,0,0,-1,-1,0,-1,0,-1,0,-1,-1,0,0,0,0,0,0,-1,-1,0,0,0,0,-1,0,-1,0,-1,0,0,0,0,0,-1,0,0,-1,0,-1,0,-1,0,-1,-1,-1,-1,-1,-1,-1,-1,-1,-1,-1,-1,-1,-1,-1,-1,-1,-1,-1,-1,-1,-1,-1,-1,-1,-1,-1,-1,-1,-1,-1,-1,-1,-1,-1,-1,-1,-1,-1,-1,-1,-1,-1,-1,-1,-1,-1,-1,-1,-1,-1,-1,-1,-1,1,12,1,3,1,54,1,7,-5,-21
2,2,2,2,2,2,2,2,0,0,0,0,3,0,0,0,0,0,2,0,0,0,0,0,0,0,0,0,0,0,-1,0,0,0,0,0,0,0,0,0,0,0,0,0,0,2,2,2,2,2,2,2,2,0,-1,0,0,0,0,0,-1,0,-1,-1,0,0,-1,-1,-1,-1,-1,0,0,-1,-1,-1,0,0,-1,0,0,0,-1,0,0,0,0,-1,0,-1,0,-1,0,0,-1,-1,0,0,-1,0,-1,0,-1,-1,-1,-1,-1,0,0,-1,-1,-1,-1,0,-1,-1,-1,-1,0,-1,-1,-1,-1,-1,-1,-1,-1,-1,-1,-1,-1,-1,0,-1,-1,-1,-1,-1,-1,0,-1,-1,-1,-1,0,-1,-1,0,-1,-1,-1,-1,-1,-1,-1,-1,-1,-1,-1,-1,1,12,1,3,1,54,0,7,-5,-21
2,2,2,2,2,2,2,2,0,0,0,0,3,0,0,0,0,0,2,0,0,0,0,0,0,0,0,0,0,0,-1,0,0,0,0,0,0,0,0,0,0,0,0,0,0,2,2,2,2,2,2,2,2,0,-1,0,0,0,0,0,-1,0,-1,-1,0,0,-1,-1,-1,-1,-1,0,0,-1,-1,-1,0,0,-1,0,0,0,-1,0,0,0,0,-1,0,-1,0,-1,0,0,-1,-1,0,0,-1,0,-1,0,-1,0,-1,0,-1,0,0,-1,-1,-1,-1,0,-1,-1,-1,-1,0,-1,-1,-1,-1,-1,-1,-1,-1,-1,-1,-1,-1,-1,0,-1,-1,-1,-1,-1,-1,0,-1,-1,-1,-1,-1,-1,-1,-1,-1,-1,-1,-1,-1,-1,-1,-1,-1,-1,-1,-1,1,12,1,3,1,54,0,7,-5,-21
2,2,2,2,2,2,2,2,0,0,0,0,3,0,0,0,0,0,2,0,0,0,0,0,0,0,0,0,0,0,-1,0,0,0,0,0,0,0,0,0,0,0,0,0,0,2,2,2,2,2,2,2,2,0,-1,0,0,0,0,0,-1,0,-1,-1,0,0,-1,-1,0,-1,-1,0,0,-1,-1,-1,0,0,-1,0,0,0,-1,0,0,0,0,-1,0,-1,0,-1,0,0,-1,-1,0,-1,-1,0,-1,0,-1,-1,-1,-1,-1,0,0,-1,-1,-1,-1,0,-1,-1,-1,-1,0,-1,-1,-1,-1,-1,-1,-1,-1,-1,-1,-1,-1,-1,0,-1,-1,-1,-1,-1,-1,0,-1,-1,-1,-1,-1,-1,-1,0,-1,-1,-1,0,-1,-1,-1,-1,-1,-1,-1,-1,1,12,0,3,1,58,1,7,-5,-21
2,2,2,2,2,2,2,2,0,0,0,0,3,0,0,0,0,0,2,0,0,0,0,0,0,0,0,0,0,0,-1,0,0,0,0,0,0,0,0,0,0,0,0,0,0,2,2,2,2,2,2,2,2,0,-1,0,0,0,0,0,-1,0,-1,-1,0,0,-1,-1,0,-1,-1,0,0,-1,-1,-1,0,0,-1,0,0,0,-1,0,0,0,0,-1,0,-1,0,-1,0,-1,-1,-1,0,-1,-1,0,-1,0,-1,-1,-1,-1,-1,0,0,-1,-1,-1,-1,0,-1,-1,-1,-1,0,-1,-1,-1,-1,-1,-1,-1,-1,-1,-1,-1,-1,-1,0,-1,-1,-1,-1,-1,-1,0,-1,-1,-1,-1,-1,-1,-1,0,-1,-1,-1,0,-1,-1,-1,-1,-1,-1,0,-1,1,12,0,3,1,54,0,7,-5,-21
2,2,2,2,2,2,2,2,0,0,0,0,2,0,0,0,0,0,3,0,0,0,0,0,0,0,0,0,0,0,0,0,0,0,0,0,0,0,0,0,0,0,0,-1,0,2,2,2,2,2,2,2,2,0,-1,0,0,0,0,-1,0,0,-1,0,0,0,-1,-1,0,-1,0,-1,0,-1,-1,0,0,0,0,0,0,-1,-1,0,0,0,-1,0,0,-1,0,-1,0,0,0,0,0,-1,0,0,-1,0,-1,0,-1,0,-1,-1,-1,-1,-1,-1,-1,-1,-1,-1,-1,-1,-1,-1,-1,-1,0,-1,-1,-1,-1,-1,-1,-1,-1,-1,-1,-1,-1,-1,-1,-1,-1,-1,-1,-1,-1,-1,-1,-1,-1,-1,-1,-1,-1,-1,-1,-1,-1,-1,-1,-1,-1,-1,1,12,1,3,1,54,1,7,-5,-21
2,2,2,2,2,2,2,2,0,0,0,0,2,0,0,0,0,0,3,0,0,0,0,0,0,0,0,0,0,0,0,0,0,0,0,0,0,0,0,0,0,0,0,-1,0,2,2,2,2,2,2,2,2,0,-1,0,0,0,0,-1,0,0,-1,0,0,0,-1,-1,0,-1,0,-1,0,-1,-1,0,0,0,0,0,0,0,-1,0,0,0,-1,0,0,-1,0,-1,0,0,0,0,0,-1,0,0,-1,0,-1,0,-1,-1,0,-1,-1,-1,-1,-1,-1,-1,-1,-1,-1,-1,-1,-1,-1,-1,-1,-1,-1,-1,-1,-1,-1,-1,-1,-1,-1,-1,-1,-1,-1,-1,-1,-1,-1,-1,-1,-1,-1,-1,-1,-1,-1,-1,-1,-1,-1,-1,-1,-1,-1,-1,-1,-1,1,12,1,3,1,54,0,7,-5,-21
2,2,2,2,2,2,2,2,0,0,0,0,2,0,0,0,0,0,3,0,0,0,0,0,0,0,0,0,-1,0,0,0,0,0,0,0,0,0,0,0,0,0,0,0,0,2,2,2,2,2,2,2,2,0,-1,0,0,0,0,0,0,0,-1,-1,0,0,-1,-1,0,-1,-1,0,0,-1,-1,0,0,0,-1,0,0,0,-1,0,0,0,0,-1,0,-1,0,-1,0,0,-1,-1,0,-1,-1,0,-1,0,0,-1,-1,-1,0,-1,0,-1,-1,-1,-1,-1,0,-1,0,-1,0,-1,-1,-1,-1,-1,-1,-1,-1,-1,-1,-1,-1,-1,-1,-1,-1,-1,-1,-1,-1,-1,-1,-1,-1,-1,-1,-1,-1,-1,-1,-1,-1,-1,-1,-1,-1,-1,-1,-1,-1,-1,1,12,1,3,1,58,0,7,-5,-21
2,2,2,2,2,2,2,2,0,0,0,0,3,0,0,0,0,0,2,0,0,0,0,0,0,0,0,0,0,0,-1,0,0,0,0,0,0,0,0,0,0,0,0,0,0,2,2,2,2,2,2,2,2,0,-1,0,0,-1,0,0,-1,0,-1,-1,0,0,-1,-1,0,-1,-1,0,0,-1,-1,-1,0,0,-1,0,0,0,-1,0,0,0,0,-1,0,-1,0,-1,0,0,-1,-1,0,-1,-1,0,-1,0,-1,-1,-1,-1,-1,0,-1,-1,-1,-1,-1,0,-1,0,-1,-1,0,-1,-1,-1,-1,-1,-1,-1,-1,-1,-1,-1,-1,-1,0,-1,-1,-1,-1,-1,-1,0,-1,-1,-1,-1,-1,-1,-1,0,-1,0,-1,0,-1,-1,-1,-1,-1,-1,-1,-1,1,12,0,3,1,58,0,7,-5,-21
2,2,2,2,2,2,2,2,0,0,0,0,2,0,0,0,0,0,3,0,0,0,0,0,0,0,0,0,-1,0,0,0,0,0,0,0,0,0,0,0,0,0,0,0,0,2,2,2,2,2,2,2,2,0,-1,0,0,0,0,0,0,0,-1,-1,0,0,-1,-1,0,-1,-1,0,0,-1,-1,0,0,0,-1,0,0,0,-1,0,0,0,0,-1,0,-1,-1,-1,0,0,-1,-1,0,-1,-1,0,-1,0,0,-1,-1,-1,0,-1,0,-1,-1,-1,-1,0,-1,-1,0,-1,0,-1,-1,-1,-1,-1,-1,-1,-1,-1,-1,-1,-1,-1,-1,-1,-1,-1,-1,0,-1,-1,-1,-1,-1,-1,-1,-1,-1,-1,-1,-1,-1,-1,-1,-1,-1,-1,-1,-1,-1,-1,1,12,1,3,1,54,1,7,-5,-21
2,2,2,2,2,2,2,2,0,0,0,0,3,0,0,0,0,0,2,0,0,0,0,0,0,0,0,0,0,0,-1,0,0,0,0,0,0,0,0,0,0,0,0,0,0,2,2,2,2,2,2,2,2,0,-1,0,-1,0,-1,-1,0,0,-1,0,0,0,-1,-1,0,-1,0,-1,0,-1,-1,0,0,0,0,0,0,0,-1,0,0,0,-1,-1,0,-1,0,-1,0,0,0,0,-1,-1,-1,0,-1,0,-1,0,-1,0,-1,-1,-1,-1,-1,0,-1,0,-1,-1,-1,-1,-1,0,-1,-1,-1,-1,0,-1,0,-1,-1,-1,-1,-1,-1,-1,-1,-1,-1,-1,-1,-1,-1,-1,-1,-1,-1,-1,-1,-1,-1,-1,-1,-1,-1,-1,-1,-1,-1,-1,-1,-1,1,12,0,3,1,57,0,7,-5,-21
2,2,2,2,2,2,2,2,0,0,0,0,2,0,0,0,0,0,3,0,0,0,0,0,0,0,0,0,0,0,0,0,0,0,0,0,0,0,0,0,0,0,0,-1,0,2,2,2,2,2,2,2,2,0,-1,0,0,0,0,-1,0,0,-1,0,0,0,-1,-1,0,-1,0,-1,0,-1,-1,0,0,0,0,0,0,-1,-1,0,0,0,0,-1,0,-1,0,-1,0,0,0,0,0,-1,0,0,-1,-1,-1,0,-1,0,-1,-1,-1,-1,-1,0,-1,-1,-1,-1,-1,-1,-1,-1,-1,-1,-1,-1,0,-1,-1,-1,-1,-1,-1,-1,-1,-1,-1,-1,-1,-1,-1,-1,-1,-1,-1,-1,-1,-1,-1,-1,-1,-1,-1,-1,-1,-1,-1,-1,-1,-1,-1,-1,1,12,1,3,1,54,1,7,-5,-21
2,2,2,2,2,2,2,2,0,0,0,0,2,0,0,0,0,0,3,0,0,0,0,0,0,0,0,0,-1,0,0,0,0,0,0,0,0,0,0,0,0,0,0,0,0,2,2,2,2,2,2,2,2,0,-1,0,0,0,0,0,0,0,-1,-1,0,0,-1,-1,0,-1,-1,0,0,-1,-1,0,0,0,-1,0,0,0,-1,0,0,0,-1,-1,0,-1,0,-1,0,0,-1,-1,0,-1,-1,0,-1,0,0,-1,-1,-1,-1,0,0,-1,-1,-1,-1,0,-1,-1,-1,-1,0,-1,-1,-1,-1,-1,-1,-1,-1,-1,-1,-1,-1,0,0,-1,-1,-1,-1,-1,-1,-1,-1,-1,-1,-1,-1,-1,-1,-1,-1,-1,-1,-1,-1,-1,-1,-1,-1,-1,-1,-1,1,12,1,3,1,54,0,7,-5,-21
2,2,2,2,2,2,2,2,0,0,0,0,2,0,0,0,0,0,-1,3,0,0,0,0,0,0,0,0,0,0,0,0,0,0,0,0,0,0,0,0,0,0,0,0,0,2,2,2,2,2,2,2,2,0,-1,-1,0,0,0,0,0,0,-1,-1,-1,0,0,-1,0,-1,-1,0,0,-1,-1,0,0,0,-1,0,0,0,-1,0,0,0,0,-1,0,-1,-1,-1,0,0,-1,-1,0,-1,-1,0,-1,0,0,0,-1,-1,0,-1,-1,-1,-1,-1,-1,0,-1,-1,0,-1,-1,-1,-1,-1,-1,-1,0,-1,-1,0,-1,-1,-1,-1,-1,-1,-1,-1,0,-1,-1,-1,-1,-1,-1,-1,-1,-1,-1,-1,-1,-1,-1,-1,-1,-1,-1,-1,-1,-1,-1,-1,1,12,0,3,1,54,0,7,-5,-21
2,2,2,2,2,2,2,2,0,0,0,0,3,0,0,0,0,0,2,0,0,0,0,0,0,0,0,0,0,0,-1,0,0,0,0,0,0,0,0,0,0,0,0,0,0,2,2,2,2,2,2,2,2,0,-1,0,0,0,0,0,-1,-1,-1,-1,0,0,-1,-1,0,-1,-1,0,0,-1,-1,-1,0,0,-1,0,0,0,-1,0,0,0,0,-1,0,-1,0,-1,0,0,-1,-1,0,-1,-1,0,-1,0,-1,-1,-1,-1,-1,0,0,-1,-1,-1,-1,0,-1,-1,-1,-1,0,-1,-1,-1,-1,-1,-1,-1,-1,-1,-1,-1,-1,0,0,-1,-1,-1,-1,0,-1,0,-1,-1,-1,-1,-1,-1,-1,0,-1,-1,-1,-1,-1,-1,-1,-1,-1,-1,-1,-1,1,12,0,3,1,58,1,7,-5,-21
2,2,2,2,2,2,2,2,0,0,0,0,3,0,0,0,0,0,2,0,0,0,0,0,0,0,0,0,0,0,0,0,-1,0,0,0,0,0,0,0,0,0,0,0,0,2,2,2,2,2,2,2,2,0,-1,0,0,-1,0,0,0,0,-1,-1,0,0,-1,0,0,0,-1,0,0,0,0,0,0,0,-1,0,-1,-1,0,0,0,-1,-1,-1,-1,-1,-1,-1,-1,0,0,-1,-1,-1,0,-1,-1,0,-1,0,-1,-1,0,-1,-1,0,0,-1,-1,-1,-1,-1,-1,-1,-1,-1,0,-1,-1,0,-1,-1,0,-1,-1,0,-1,-1,-1,-1,-1,-1,-1,-1,-1,-1,-1,-1,-1,-1,-1,-1,-1,-1,0,-1,-1,-1,-1,-1,-1,-1,-1,-1,-1,-1,1,12,0,3,1,56,0,7,-5,-21
2,2,2,2,2,2,2,2,0,0,0,0,2,0,0,0,0,0,3,0,0,0,0,0,0,0,0,0,0,0,0,0,0,0,0,0,0,0,0,0,0,0,0,-1,0,2,2,2,2,2,2,2,2,0,-1,0,0,0,0,-1,0,0,-1,0,0,0,-1,-1,0,-1,0,-1,0,-1,-1,0,0,-1,0,0,0,0,-1,0,-1,0,0,-1,0,-1,0,-1,0,0,0,0,0,-1,0,0,-1,0,-1,0,-1,0,-1,-1,-1,-1,-1,0,-1,-1,-1,-1,-1,-1,-1,0,-1,-1,-1,-1,-1,-1,-1,-1,-1,-1,-1,-1,-1,-1,-1,-1,-1,-1,-1,-1,-1,-1,-1,-1,-1,-1,-1,-1,-1,-1,-1,-1,-1,-1,-1,-1,-1,-1,-1,-1,1,12,1,3,1,54,1,7,-5,-21
2,2,2,2,2,2,2,2,0,0,0,0,2,0,0,0,0,0,3,0,0,0,0,0,0,0,0,0,0,0,0,0,0,0,0,0,0,0,0,0,0,0,0,-1,0,2,2,2,2,2,2,2,2,0,-1,0,0,0,0,-1,0,0,-1,0,0,0,-1,-1,0,-1,0,-1,0,0,-1,0,0,0,0,-1,0,0,-1,0,0,0,-1,-1,0,-1,0,-1,0,0,0,0,0,-1,-1,-1,0,-1,-1,0,-1,-1,0,0,0,-1,-1,-1,-1,-1,-1,-1,-1,-1,-1,-1,-1,-1,-1,-1,-1,-1,-1,-1,-1,-1,0,-1,-1,-1,-1,-1,-1,-1,-1,-1,-1,-1,-1,-1,-1,-1,-1,-1,-1,-1,-1,-1,-1,-1,-1,-1,-1,-1,-1,-1,1,12,1,3,1,54,0,7,-5,-21
2,2,2,2,2,2,2,2,0,0,0,0,2,0,0,0,0,0,3,0,0,0,0,0,0,0,0,0,0,0,0,0,0,0,0,0,0,0,0,0,0,0,0,-1,0,2,2,2,2,2,2,2,2,0,-1,0,0,0,0,-1,0,0,-1,0,0,0,-1,-1,0,-1,0,-1,0,-1,-1,0,0,0,0,0,0,0,-1,0,0,0,-1,-1,0,-1,0,-1,0,0,0,0,0,-1,0,0,-1,0,-1,0,-1,0,-1,-1,-1,-1,0,-1,-1,-1,-1,-1,-1,-1,-1,-1,-1,-1,-1,-1,-1,-1,-1,-1,-1,-1,-1,-1,-1,-1,-1,-1,-1,-1,-1,-1,-1,-1,-1,-1,-1,-1,-1,-1,-1,-1,-1,-1,-1,-1,-1,-1,-1,-1,-1,-1,1,12,0,3,1,54,1,7,-5,-21
2,2,2,2,2,2,2,2,0,0,0,0,3,0,0,0,0,0,2,0,0,0,0,0,0,0,0,0,0,0,-1,0,0,0,0,0,0,0,0,0,0,0,0,0,0,2,2,2,2,2,2,2,2,0,-1,0,0,0,0,0,-1,0,-1,-1,0,0,-1,-1,0,-1,-1,0,0,-1,-1,-1,0,0,-1,0,0,0,-1,0,0,0,0,-1,0,-1,0,-1,0,0,-1,-1,0,-1,-1,0,-1,0,-1,-1,-1,-1,-1,0,0,0,-1,-1,-1,0,-1,-1,-1,-1,0,-1,-1,-1,-1,-1,-1,-1,-1,-1,-1,-1,-1,-1,0,-1,-1,-1,-1,-1,-1,0,-1,-1,-1,-1,-1,-1,-1,0,-1,-1,-1,-1,-1,-1,-1,-1,-1,-1,-1,-1,1,12,0,3,1,58,0,7,-5,-21
2,2,2,2,2,2,2,2,0,0,0,0,3,0,0,0,0,0,2,0,0,0,0,0,0,0,0,0,0,0,-1,0,0,0,0,0,0,0,0,0,0,0,0,0,0,2,2,2,2,2,2,2,2,0,-1,0,0,0,0,0,-1,0,-1,-1,0,0,-1,-1,0,-1,-1,0,0,-1,-1,-1,0,0,-1,0,0,0,-1,0,0,0,0,-1,0,-1,0,-1,0,0,-1,-1,0,-1,-1,0,-1,0,-1,-1,-1,-1,-1,0,0,-1,-1,-1,-1,0,-1,-1,-1,-1,0,-1,-1,-1,-1,-1,-1,-1,-1,-1,-1,-1,-1,-1,-1,-1,-1,0,0,-1,-1,0,-1,-1,-1,-1,-1,-1,-1,0,-1,-1,-1,-1,-1,-1,-1,-1,-1,-1,-1,-1,1,12,0,3,1,56,0,7,-5,-21
2,2,2,2,2,2,2,2,0,0,0,0,2,0,0,0,0,0,3,0,0,0,0,0,0,0,0,0,-1,0,0,0,0,0,0,0,0,0,0,0,0,0,0,0,0,2,2,2,2,2,2,2,2,0,-1,0,0,0,0,0,0,0,-1,-1,0,0,-1,-1,0,-1,-1,0,0,-1,-1,0,0,0,-1,0,0,0,-1,0,0,0,0,-1,0,-1,0,-1,0,0,-1,0,0,-1,-1,0,-1,0,0,-1,-1,-1,0,-1,0,-1,-1,-1,-1,-1,0,-1,0,-1,-1,-1,-1,-1,-1,-1,-1,-1,-1,-1,-1,-1,-1,-1,-1,-1,-1,-1,-1,-1,-1,-1,-1,-1,-1,-1,-1,-1,-1,-1,-1,-1,-1,-1,-1,-1,-1,-1,-1,-1,-1,-1,1,12,1,3,1,58,0,7,-5,-21
0,2,2,2,2,2,2,2,0,0,0,0,0,0,0,0,0,0,0,0,0,0,0,0,0,0,0,0,0,0,0,0,0,0,0,0,0,0,0,0,0,0,0,2,2,2,2,2,2,2,0,0,0,0,0,0,-1,0,0,0,0,0,-1,3,2,2,3,-1,3,2,-1,-1,-1,0,3,-1,3,3,-1,2,-1,2,-1,0,0,3,0,3,3,2,3,2,0,0,0,2,2,-1,2,2,-1,3,2,2,-1,3,-1,2,-1,2,2,3,2,-1,2,0,-1,-1,-1,3,0,2,-1,3,0,3,2,2,0,0,2,-1,0,-1,-1,-1,-1,0,-1,-1,3,-1,0,0,-1,-1,3,-1,-1,3,-1,3,-1,0,-1,0,0,0,0,-1,1,11,1,3,1,62,1,4,-5,-21
2,2,2,2,2,2,2,2,0,0,0,0,2,0,0,0,0,0,3,0,0,0,0,0,0,0,0,0,0,0,0,0,0,0,0,0,0,0,0,0,0,0,0,-1,0,2,2,2,2,2,2,2,2,0,-1,0,0,0,0,-1,0,0,-1,-1,0,0,-1,-1,-1,-1,-1,0,0,-1,-1,-1,0,0,-1,0,0,0,-1,0,0,0,0,-1,0,-1,0,-1,0,0,-1,-1,0,0,-1,0,-1,0,-1,-1,-1,-1,-1,0,0,-1,-1,-1,-1,0,-1,-1,-1,-1,0,-1,-1,-1,-1,-1,-1,-1,-1,-1,-1,-1,-1,-1,0,-1,-1,-1,-1,-1,-1,0,-1,-1,-1,-1,-1,-1,-1,0,-1,-1,-1,0,-1,-1,-1,-1,-1,-1,-1,-1,1,12,0,3,1,54,0,7,-5,-21
2,2,2,2,2,2,2,2,0,0,0,0,3,0,0,0,0,0,2,0,0,0,0,0,0,0,0,0,0,0,0,0,-1,0,0,0,0,0,0,0,0,0,0,0,0,2,2,2,2,2,2,2,2,0,-1,0,0,-1,0,0,0,0,-1,-1,0,0,-1,0,0,0,-1,0,0,0,0,0,0,0,-1,0,-1,-1,0,0,0,-1,-1,-1,-1,-1,-1,-1,-1,0,0,-1,-1,-1,0,-1,-1,0,-1,0,-1,-1,0,-1,-1,0,0,-1,-1,-1,-1,-1,-1,-1,-1,-1,0,-1,-1,0,-1,-1,-1,-1,-1,0,-1,-1,-1,-1,-1,-1,-1,-1,-1,-1,-1,-1,-1,-1,-1,-1,-1,-1,0,-1,-1,-1,-1,-1,0,-1,-1,-1,-1,-1,1,12,0,3,1,54,1,7,-5,-21
2,2,2,2,2,2,2,2,0,0,0,0,2,0,0,0,0,0,3,0,0,0,0,0,0,0,0,0,-1,0,0,0,0,0,0,0,0,0,0,0,0,0,0,0,0,2,2,2,2,2,2,2,2,0,-1,0,0,0,0,0,0,-1,-1,0,0,0,0,0,-1,0,0,-1,-1,0,0,-1,0,0,0,-1,-1,0,0,0,0,-1,0,-1,-1,-1,-1,0,-1,-1,0,-1,-1,-1,0,-1,-1,0,-1,-1,-1,-1,0,-1,-1,-1,-1,0,-1,-1,0,-1,0,-1,-1,-1,-1,-1,-1,-1,-1,-1,-1,-1,-1,-1,-1,-1,0,-1,0,-1,-1,-1,-1,-1,-1,-1,-1,0,-1,-1,-1,-1,-1,-1,-1,-1,-1,-1,-1,-1,0,-1,-1,-1,1,12,0,3,1,54,1,7,-5,-21
2,2,2,2,2,2,2,2,0,0,0,0,2,0,0,0,0,0,-1,3,0,0,0,0,0,0,0,0,0,0,0,0,0,0,0,0,0,0,0,0,0,0,0,0,0,2,2,2,2,2,2,2,2,0,-1,0,0,0,0,0,0,0,-1,0,0,0,0,0,0,-1,0,0,0,0,-1,0,0,0,-1,0,-1,-1,0,0,0,0,0,-1,-1,-1,-1,0,0,-1,-1,-1,-1,-1,-1,0,-1,0,-1,-1,-1,-1,-1,-1,0,-1,-1,0,-1,0,-1,-1,-1,0,-1,-1,-1,-1,-1,-1,-1,-1,-1,-1,-1,-1,-1,-1,-1,-1,-1,-1,-1,-1,-1,-1,-1,-1,-1,-1,-1,-1,0,-1,-1,-1,-1,-1,-1,-1,-1,-1,-1,-1,-1,-1,1,12,0,3,1,55,0,7,-5,-21
2,2,2,2,2,2,2,2,0,0,0,0,2,0,0,0,0,0,-1,3,0,0,0,0,0,0,0,0,0,0,0,0,0,0,0,0,0,0,0,0,0,0,0,0,0,2,2,2,2,2,2,2,2,0,-1,-1,0,0,0,0,0,0,-1,-1,-1,0,0,-1,0,-1,-1,0,0,-1,-1,0,0,0,-1,0,0,0,-1,0,0,0,0,-1,0,-1,-1,-1,0,0,-1,-1,0,-1,-1,0,-1,0,0,0,-1,-1,0,-1,-1,-1,-1,-1,-1,0,-1,-1,0,-1,-1,-1,-1,-1,-1,-1,0,-1,-1,0,-1,-1,-1,-1,-1,-1,-1,-1,0,-1,-1,-1,-1,-1,-1,-1,-1,-1,-1,-1,-1,-1,-1,-1,-1,-1,-1,-1,-1,-1,-1,-1,1,12,1,3,1,54,1,7,-5,-21
2,2,2,2,2,2,2,2,0,0,0,0,2,0,0,0,0,0,3,0,0,0,0,0,0,0,0,0,0,0,0,0,0,0,0,0,0,0,0,0,0,0,0,-1,0,2,2,2,2,2,2,2,2,0,-1,0,0,0,0,0,0,0,-1,-1,0,0,-1,-1,0,-1,-1,0,0,-1,-1,0,0,0,-1,0,0,0,-1,0,0,0,0,-1,0,-1,0,-1,0,0,-1,-1,0,-1,-1,0,-1,0,-1,-1,-1,-1,-1,0,0,-1,0,0,-1,0,-1,-1,-1,0,-1,-1,-1,-1,-1,-1,-1,-1,-1,-1,-1,-1,-1,-1,-1,-1,-1,-1,-1,-1,-1,-1,-1,-1,-1,-1,-1,-1,-1,-1,-1,-1,-1,-1,-1,-1,-1,-1,-1,-1,-1,-1,1,12,1,3,1,54,1,7,-5,-21
2,2,2,2,2,2,2,2,0,0,0,0,2,0,0,0,0,0,3,0,0,0,0,0,0,0,0,0,0,0,0,0,0,0,0,0,0,0,0,0,0,0,0,-1,0,2,2,2,2,2,2,2,2,0,-1,0,0,0,0,-1,0,0,-1,0,0,0,-1,-1,0,-1,0,-1,0,-1,-1,0,0,0,0,0,0,0,-1,0,0,0,-1,-1,0,-1,0,-1,0,-1,0,0,-1,-1,0,0,-1,0,-1,0,-1,0,-1,-1,0,-1,-1,-1,0,0,-1,-1,-1,-1,-1,-1,-1,-1,-1,-1,-1,-1,-1,-1,-1,-1,-1,-1,-1,-1,-1,-1,-1,-1,-1,-1,-1,-1,-1,-1,-1,-1,-1,-1,-1,-1,-1,-1,-1,-1,-1,-1,-1,-1,-1,-1,1,12,1,3,1,54,1,7,-5,-21
2,2,2,2,2,2,2,2,0,0,0,0,3,0,0,0,0,0,2,0,0,0,0,0,0,0,0,0,0,0,-1,0,0,0,0,0,0,0,0,0,0,0,0,0,0,2,2,2,2,2,2,2,2,0,-1,0,0,0,0,0,-1,-1,-1,-1,0,0,-1,-1,0,-1,-1,0,0,-1,-1,-1,0,0,-1,0,0,0,-1,0,0,0,0,-1,0,-1,0,-1,0,0,-1,-1,0,-1,-1,0,-1,0,-1,-1,-1,-1,-1,0,0,-1,-1,-1,-1,0,-1,-1,-1,-1,0,-1,-1,-1,-1,-1,-1,-1,-1,-1,-1,-1,-1,0,0,-1,-1,-1,-1,0,-1,0,-1,-1,-1,-1,-1,-1,-1,0,-1,-1,-1,-1,-1,-1,-1,-1,-1,-1,-1,-1,1,12,0,3,1,61,1,7,-5,-21
2,2,2,2,2,2,2,2,0,0,0,0,2,0,0,0,0,0,3,0,0,0,0,0,0,0,0,0,-1,0,0,0,0,0,0,0,0,0,0,0,0,0,0,0,0,2,2,2,2,2,2,2,2,0,-1,0,0,0,0,0,0,-1,-1,0,0,0,0,0,0,-1,-1,0,0,0,-1,0,0,0,-1,0,-1,-1,-1,0,0,0,0,-1,-1,-1,-1,0,0,0,-1,-1,-1,-1,-1,0,-1,0,-1,-1,-1,-1,-1,-1,0,-1,0,0,-1,0,-1,-1,-1,0,-1,-1,-1,-1,-1,-1,-1,-1,-1,0,0,-1,-1,-1,-1,-1,-1,-1,-1,-1,-1,-1,-1,-1,-1,-1,-1,-1,-1,-1,-1,-1,-1,-1,-1,-1,-1,-1,-1,-1,-1,-1,1,12,0,3,1,54,1,7,-5,-21
0,2,2,2,2,2,2,2,0,0,0,0,0,0,0,0,0,0,0,0,0,0,0,0,0,0,0,0,0,0,0,0,0,0,0,0,0,0,0,0,0,0,0,2,2,2,2,2,2,2,0,0,0,0,0,0,-1,-1,0,0,0,0,0,3,2,2,3,-1,3,2,-1,-1,-1,0,3,-1,3,3,-1,2,-1,2,-1,0,0,3,0,3,3,2,3,2,0,0,0,2,2,-1,2,2,-1,3,2,2,-1,3,-1,2,-1,2,2,3,2,-1,2,0,-1,-1,-1,3,0,2,-1,3,0,3,2,2,0,0,2,-1,0,-1,-1,-1,-1,0,-1,-1,3,-1,0,0,-1,-1,3,-1,-1,3,-1,3,-1,0,-1,0,0,0,0,-1,1,9,1,3,1,51,0,2,-5,-21
2,2,2,2,2,2,2,2,0,0,0,0,2,0,0,0,0,0,-1,3,0,0,0,0,0,0,0,0,0,0,0,0,0,0,0,0,0,0,0,0,0,0,0,0,0,2,2,2,2,2,2,2,2,0,-1,-1,0,0,0,0,0,0,-1,-1,-1,0,0,-1,0,-1,-1,0,0,-1,-1,0,0,0,-1,0,0,0,-1,0,0,0,0,-1,0,-1,-1,-1,0,0,-1,-1,0,-1,-1,0,-1,0,0,0,-1,-1,0,-1,-1,-1,-1,-1,-1,0,-1,-1,0,-1,-1,-1,-1,-1,-1,-1,0,-1,-1,0,-1,-1,-1,-1,-1,-1,-1,-1,0,-1,-1,-1,-1,-1,-1,-1,-1,-1,-1,-1,-1,-1,-1,-1,-1,-1,-1,-1,-1,-1,-1,-1,1,12,0,3,1,54,1,7,-5,-21
2,2,2,2,2,2,2,2,0,0,0,0,2,0,0,0,0,0,-1,3,0,0,0,0,0,0,0,0,0,0,0,0,0,0,0,0,0,0,0,0,0,0,0,0,0,2,2,2,2,2,2,2,2,0,-1,0,0,0,0,0,0,0,-1,-1,0,0,-1,-1,0,-1,-1,0,0,-1,-1,0,0,0,-1,0,0,0,-1,0,0,0,0,-1,0,-1,0,0,0,0,-1,-1,0,-1,-1,0,-1,0,-1,-1,-1,-1,-1,0,0,-1,0,0,-1,0,-1,-1,-1,-1,-1,-1,-1,-1,-1,-1,-1,-1,-1,-1,-1,-1,-1,-1,-1,-1,-1,-1,-1,-1,-1,-1,-1,-1,-1,-1,-1,-1,-1,-1,-1,-1,-1,-1,-1,-1,-1,-1,-1,-1,-1,-1,1,12,1,3,1,59,1,7,-5,-21
2,2,2,2,2,2,2,2,0,0,0,0,3,0,0,0,0,0,2,0,0,0,0,0,0,0,0,0,0,0,-1,0,0,0,0,0,0,0,0,0,0,0,0,0,0,2,2,2,2,2,2,2,2,0,-1,0,0,0,0,0,0,0,-1,-1,0,0,0,-1,0,0,0,0,0,0,-1,-1,-1,-1,0,0,-1,0,0,0,-1,-1,0,-1,0,-1,-1,0,-1,0,-1,-1,-1,-1,-1,-1,0,-1,-1,-1,-1,0,-1,-1,0,0,0,0,-1,-1,-1,-1,0,0,0,-1,0,-1,-1,-1,-1,-1,-1,-1,-1,-1,-1,-1,-1,-1,-1,-1,-1,-1,-1,-1,-1,-1,-1,-1,-1,-1,-1,-1,-1,-1,-1,-1,-1,-1,-1,-1,-1,-1,-1,-1,1,12,0,3,1,58,1,7,-5,-21
2,2,2,2,2,2,2,2,0,0,0,0,2,0,0,0,0,0,-1,3,0,0,0,0,0,0,0,0,0,0,0,0,0,0,0,0,0,0,0,0,0,0,0,0,0,2,2,2,2,2,2,2,2,0,-1,0,0,-1,0,0,0,0,-1,0,0,0,0,0,0,-1,0,0,0,0,-1,0,0,0,-1,0,-1,-1,0,0,0,0,0,-1,-1,-1,-1,0,0,0,-1,-1,-1,-1,-1,0,-1,0,-1,-1,-1,-1,-1,-1,0,-1,-1,0,-1,0,-1,-1,-1,0,-1,-1,-1,-1,-1,-1,-1,-1,-1,-1,-1,-1,-1,-1,-1,-1,-1,-1,-1,-1,-1,-1,-1,0,-1,-1,-1,-1,-1,-1,-1,-1,-1,-1,-1,-1,-1,-1,-1,-1,-1,-1,1,12,0,3,1,55,0,7,-5,-21
2,2,2,2,2,2,2,2,0,0,0,0,2,0,0,0,0,0,3,0,0,0,0,0,0,0,0,0,0,0,0,0,0,0,0,0,0,0,0,0,0,0,0,-1,0,2,2,2,2,2,2,2,2,0,-1,0,0,0,0,-1,0,0,-1,0,0,0,-1,-1,0,-1,0,-1,0,-1,-1,0,0,0,0,0,0,0,-1,0,0,0,-1,-1,0,-1,0,-1,0,0,0,0,0,-1,-1,-1,-1,0,-1,0,-1,0,-1,-1,-1,-1,0,0,-1,-1,-1,-1,-1,-1,-1,-1,-1,-1,-1,-1,-1,-1,-1,-1,-1,-1,-1,-1,-1,-1,-1,-1,-1,-1,-1,-1,-1,-1,-1,-1,-1,-1,-1,-1,-1,-1,-1,-1,0,-1,-1,-1,-1,-1,-1,-1,1,12,1,3,1,54,1,7,-5,-21
2,2,2,2,2,2,2,2,0,0,0,0,3,0,0,0,0,0,2,0,0,0,0,0,0,0,0,0,0,0,-1,0,0,0,0,0,0,0,0,0,0,0,0,0,0,2,2,2,2,2,2,2,2,0,-1,0,0,0,0,0,-1,0,-1,-1,0,0,-1,-1,0,-1,-1,0,0,-1,-1,-1,0,0,-1,0,0,0,0,0,0,0,0,-1,0,-1,0,-1,0,0,-1,-1,0,-1,-1,0,-1,0,-1,-1,-1,-1,-1,0,0,-1,-1,-1,-1,0,-1,-1,-1,-1,0,-1,-1,-1,-1,-1,-1,-1,-1,-1,-1,-1,-1,-1,0,-1,-1,-1,-1,-1,-1,0,-1,-1,-1,-1,-1,-1,-1,0,-1,-1,-1,-1,-1,-1,-1,-1,-1,-1,-1,-1,1,12,0,3,1,54,0,7,-5,-21
2,2,2,2,2,2,2,2,0,0,0,0,2,0,0,0,0,0,3,0,0,0,0,0,0,0,0,0,-1,0,0,0,0,0,0,0,0,0,0,0,0,0,0,0,0,2,2,2,2,2,2,2,2,0,0,0,0,0,0,0,0,0,-1,-1,0,0,-1,-1,0,-1,-1,0,0,-1,-1,0,0,0,-1,-1,0,0,-1,0,0,0,0,-1,0,-1,0,-1,0,0,-1,-1,0,-1,-1,0,-1,0,0,-1,-1,-1,0,-1,0,-1,-1,-1,-1,0,-1,-1,-1,-1,0,-1,-1,-1,-1,-1,-1,-1,-1,-1,-1,-1,-1,-1,-1,-1,-1,-1,-1,0,-1,-1,-1,-1,-1,-1,-1,-1,-1,-1,-1,-1,-1,-1,-1,-1,-1,-1,-1,-1,-1,-1,1,12,0,3,1,54,1,7,-5,-21
2,2,2,2,2,2,2,2,0,0,0,0,3,0,0,0,0,0,2,0,0,0,0,0,0,0,0,0,0,0,0,0,-1,0,0,0,0,0,0,0,0,0,0,0,0,2,2,2,2,2,2,2,2,0,-1,0,0,-1,0,0,0,0,-1,-1,0,0,-1,0,0,0,-1,0,0,0,0,0,0,0,-1,0,-1,0,0,0,0,-1,-1,-1,-1,-1,-1,-1,-1,0,0,-1,-1,-1,0,-1,-1,0,-1,0,-1,-1,0,-1,-1,-1,0,-1,-1,-1,-1,-1,-1,-1,-1,-1,0,-1,-1,0,-1,-1,0,-1,-1,0,-1,-1,-1,-1,-1,-1,-1,-1,-1,-1,-1,-1,-1,-1,-1,-1,-1,-1,0,-1,-1,-1,-1,-1,-1,-1,-1,-1,-1,-1,1,12,0,3,1,54,0,7,-5,-21
2,2,2,2,2,2,2,2,0,0,0,0,3,0,0,0,0,0,2,0,0,0,0,0,0,0,0,0,0,0,-1,0,0,0,0,0,0,0,0,0,0,0,0,0,0,2,2,2,2,2,2,2,2,0,-1,-1,0,0,0,0,-1,0,-1,-1,0,0,-1,-1,0,-1,-1,0,0,-1,-1,-1,0,0,-1,0,0,0,-1,0,0,0,0,-1,0,-1,0,-1,0,0,-1,-1,0,-1,-1,0,-1,0,-1,-1,-1,-1,-1,0,0,-1,-1,-1,-1,0,-1,-1,-1,-1,0,-1,-1,-1,-1,-1,-1,-1,-1,-1,-1,-1,-1,-1,0,-1,-1,-1,0,-1,-1,0,-1,-1,-1,-1,-1,0,-1,0,-1,-1,-1,-1,-1,-1,-1,-1,-1,-1,-1,-1,1,12,0,3,1,56,0,7,-5,-21
2,2,2,2,2,2,2,2,0,0,0,0,3,0,0,0,0,0,2,0,0,0,0,0,0,0,0,0,0,0,-1,0,0,0,0,0,0,0,0,0,0,0,0,0,0,2,2,2,2,2,2,2,2,0,-1,0,0,0,0,0,0,-1,-1,0,0,0,-1,0,0,-1,0,-1,-1,0,-1,0,0,0,0,0,0,-1,0,0,0,-1,0,-1,-1,-1,-1,-1,0,-1,-1,0,0,-1,0,-1,-1,0,0,-1,-1,-1,-1,-1,0,-1,-1,0,-1,-1,0,-1,0,-1,0,-1,-1,-1,-1,-1,-1,-1,-1,-1,-1,0,-1,-1,-1,-1,-1,-1,-1,-1,-1,-1,-1,-1,-1,-1,-1,-1,-1,-1,-1,-1,-1,-1,-1,-1,-1,-1,-1,-1,-1,-1,1,12,0,3,1,58,1,7,-5,-21
2,2,2,2,2,2,2,2,0,0,0,0,3,0,0,0,0,0,2,0,0,0,0,0,0,0,0,0,0,0,0,0,-1,0,0,0,0,0,0,0,0,0,0,0,0,2,2,2,2,2,2,2,2,0,-1,0,0,-1,0,0,-1,0,-1,-1,0,0,0,0,0,0,-1,0,0,0,0,0,0,0,-1,0,-1,-1,0,0,0,-1,-1,-1,-1,-1,-1,-1,-1,0,0,-1,-1,-1,0,-1,-1,0,-1,0,-1,-1,0,-1,-1,0,0,-1,-1,-1,-1,-1,-1,-1,-1,-1,0,-1,-1,0,-1,-1,0,-1,-1,0,-1,-1,-1,-1,-1,-1,-1,-1,-1,-1,-1,-1,-1,-1,-1,-1,-1,-1,0,-1,-1,-1,-1,-1,-1,-1,-1,-1,-1,-1,1,12,0,3,1,54,0,7,-5,-21
2,2,2,2,2,2,2,2,0,0,0,0,3,0,0,0,0,0,2,0,0,0,0,0,0,0,0,0,0,0,-1,0,0,0,0,0,0,0,0,0,0,0,0,0,0,2,2,2,2,2,2,2,2,0,-1,0,0,0,0,0,0,-1,-1,0,0,0,-1,0,0,-1,0,-1,-1,0,-1,0,0,0,0,0,0,-1,0,0,0,-1,0,-1,-1,-1,-1,-1,0,-1,-1,0,0,-1,0,-1,-1,0,0,-1,-1,-1,-1,-1,0,-1,-1,0,-1,-1,0,-1,0,-1,0,-1,-1,-1,-1,-1,-1,-1,-1,-1,-1,0,-1,-1,-1,-1,-1,-1,-1,-1,-1,-1,-1,-1,-1,-1,-1,-1,-1,-1,-1,-1,-1,-1,-1,-1,-1,-1,-1,-1,-1,-1,1,12,1,3,1,58,0,7,-5,-21
2,2,2,2,2,2,2,2,0,0,0,0,3,0,0,0,0,0,2,0,0,0,0,0,0,0,0,0,0,0,-1,0,0,0,0,0,0,0,0,0,0,0,0,0,0,2,2,2,2,2,2,2,2,0,0,0,0,0,0,0,0,-1,-1,0,0,0,-1,0,0,-1,0,0,0,0,-1,0,0,0,0,-1,-1,0,0,-1,0,-1,0,-1,0,-1,-1,0,-1,-1,0,-1,-1,-1,0,-1,-1,0,0,-1,-1,-1,0,-1,-1,-1,-1,0,-1,-1,0,-1,0,-1,-1,-1,-1,-1,-1,-1,-1,-1,-1,-1,-1,-1,-1,-1,0,-1,-1,-1,-1,-1,-1,-1,-1,-1,-1,-1,-1,-1,-1,-1,-1,-1,-1,-1,-1,-1,-1,-1,-1,-1,-1,-1,1,12,0,3,1,58,0,7,-5,-21
2,2,2,2,2,2,2,2,0,0,0,0,3,0,0,0,0,0,2,0,0,0,0,0,0,0,0,0,0,0,-1,0,0,0,0,0,0,0,0,0,0,0,0,0,0,2,2,2,2,2,2,2,2,0,-1,0,0,0,0,0,-1,-1,-1,-1,0,0,-1,-1,0,-1,-1,0,0,-1,-1,-1,0,0,-1,0,0,0,-1,0,0,0,0,-1,0,-1,0,-1,0,0,-1,-1,0,-1,-1,0,-1,0,-1,-1,-1,-1,-1,0,0,-1,-1,-1,-1,0,-1,-1,-1,-1,0,-1,-1,-1,-1,-1,-1,-1,-1,-1,-1,-1,-1,0,0,-1,-1,-1,-1,0,-1,0,-1,-1,-1,-1,-1,-1,-1,0,-1,-1,-1,-1,-1,-1,-1,-1,-1,-1,-1,-1,1,12,0,3,1,61,0,7,-5,-21
2,2,2,2,2,2,2,2,0,0,0,0,3,0,0,0,0,0,2,0,0,0,0,0,0,0,0,0,0,0,-1,0,0,0,0,0,0,0,0,0,0,0,0,0,0,2,2,2,2,2,2,2,2,0,-1,0,0,0,0,0,0,0,-1,-1,0,0,0,0,0,-1,0,0,0,0,-1,0,0,-1,-1,0,-1,-1,0,0,0,0,0,-1,-1,-1,-1,0,0,0,-1,-1,-1,-1,-1,0,-1,0,-1,-1,-1,-1,-1,-1,0,-1,0,0,-1,0,-1,-1,-1,-1,0,-1,-1,-1,-1,-1,-1,-1,-1,-1,-1,-1,-1,-1,-1,-1,-1,-1,-1,0,-1,-1,-1,-1,-1,-1,-1,-1,-1,-1,-1,-1,-1,-1,-1,-1,-1,-1,-1,-1,-1,-1,1,12,1,3,1,54,0,7,-5,-21
2,2,2,2,2,2,2,2,0,0,0,0,3,0,0,0,0,0,2,0,0,0,0,0,0,0,0,0,0,0,-1,0,0,0,0,0,0,0,0,0,0,0,0,0,0,2,2,2,2,2,2,2,2,0,-1,0,0,0,0,0,-1,0,-1,-1,0,0,-1,-1,-1,-1,-1,-1,0,-1,-1,-1,0,0,-1,0,0,0,-1,0,0,0,0,-1,0,-1,0,-1,0,0,0,-1,0,0,-1,0,-1,0,-1,-1,-1,-1,0,0,0,-1,-1,-1,-1,0,-1,-1,-1,-1,0,-1,-1,-1,-1,-1,-1,-1,-1,-1,-1,-1,-1,-1,0,-1,-1,-1,-1,-1,-1,0,-1,-1,-1,-1,-1,-1,-1,0,-1,-1,-1,-1,-1,-1,-1,-1,-1,-1,-1,-1,1,12,0,3,1,54,0,7,-5,-21
2,2,2,2,2,2,2,2,0,0,0,0,2,0,0,0,0,0,3,0,0,0,0,0,0,0,0,0,-1,0,0,0,0,0,0,0,0,0,0,0,0,0,0,0,0,2,2,2,2,2,2,2,2,0,-1,0,0,0,0,0,0,-1,-1,0,0,0,0,0,0,-1,-1,0,0,0,-1,0,0,-1,-1,0,-1,-1,-1,0,0,0,0,-1,-1,-1,-1,0,0,0,-1,-1,-1,-1,-1,0,-1,0,-1,-1,-1,-1,0,-1,-1,0,0,-1,-1,-1,-1,-1,-1,-1,-1,-1,0,-1,-1,0,-1,-1,0,-1,-1,0,-1,-1,-1,-1,-1,-1,-1,-1,-1,-1,-1,-1,-1,-1,-1,-1,-1,-1,0,-1,-1,-1,-1,-1,-1,-1,-1,-1,-1,-1,1,12,0,3,1,54,1,7,-5,-21
2,2,2,2,2,2,2,2,0,0,0,0,2,0,0,0,0,0,3,0,0,0,0,0,0,0,0,0,0,0,0,0,0,0,0,0,0,0,0,0,0,0,0,-1,0,2,2,2,2,2,2,2,2,0,-1,0,0,0,0,-1,0,0,-1,0,0,0,-1,-1,0,-1,0,-1,0,-1,-1,0,0,0,0,0,0,-1,-1,-1,0,0,0,-1,0,-1,0,-1,0,0,0,0,0,-1,0,0,-1,0,-1,0,-1,0,-1,-1,-1,-1,-1,0,-1,-1,-1,-1,-1,-1,-1,-1,-1,-1,-1,-1,-1,-1,-1,-1,-1,-1,-1,-1,-1,-1,-1,-1,-1,-1,-1,-1,-1,-1,-1,-1,-1,-1,0,-1,-1,-1,-1,-1,-1,-1,-1,-1,-1,-1,-1,-1,1,12,1,3,1,58,1,7,-5,-21
0,2,2,2,2,2,2,2,0,0,0,0,0,0,0,0,0,0,0,0,0,0,0,0,0,0,0,0,0,0,0,0,0,0,0,0,0,0,0,0,0,0,0,2,2,2,2,2,2,2,0,0,0,0,0,0,-1,0,0,0,0,0,-1,3,2,2,3,-1,3,2,-1,-1,-1,0,3,-1,3,3,-1,2,-1,2,-1,0,0,3,0,3,3,2,3,2,0,0,0,2,2,-1,2,2,-1,3,2,2,-1,3,-1,2,-1,2,2,3,2,-1,2,0,-1,-1,-1,3,0,2,-1,3,0,3,2,2,0,0,2,-1,0,-1,-1,-1,-1,0,-1,-1,3,-1,0,0,-1,-1,3,-1,-1,3,-1,3,-1,0,-1,0,0,0,0,-1,1,12,1,3,1,57,1,4,-5,-21
2,2,2,2,2,2,2,2,0,0,0,0,3,0,0,0,0,0,2,0,0,0,0,0,0,0,0,0,0,0,-1,0,0,0,0,0,0,0,0,0,0,0,0,0,0,2,2,2,2,2,2,2,2,0,-1,0,0,0,0,0,-1,0,-1,0,0,0,-1,-1,-1,-1,-1,0,0,-1,-1,-1,0,0,-1,0,0,0,-1,0,0,0,0,-1,-1,-1,0,-1,0,0,-1,-1,0,0,-1,0,-1,0,-1,-1,-1,-1,-1,0,0,-1,-1,-1,-1,0,-1,-1,-1,-1,0,-1,-1,-1,-1,-1,-1,-1,-1,-1,-1,-1,-1,-1,0,-1,-1,-1,-1,-1,-1,0,-1,-1,-1,-1,-1,-1,-1,0,-1,-1,-1,0,-1,-1,-1,-1,-1,-1,-1,-1,1,12,1,3,1,54,0,7,-5,-21
2,2,2,2,2,2,2,2,0,0,0,0,2,0,0,0,0,0,-1,3,0,0,0,0,0,0,0,0,0,0,0,0,0,0,0,0,0,0,0,0,0,0,0,0,0,2,2,2,2,2,2,2,2,0,-1,0,0,-1,0,0,0,0,-1,0,0,0,0,0,0,-1,0,0,0,0,-1,0,0,0,-1,0,-1,-1,0,0,0,0,0,-1,-1,-1,-1,0,0,0,-1,-1,-1,-1,-1,0,-1,0,-1,-1,-1,-1,-1,-1,0,-1,-1,0,-1,0,-1,-1,-1,0,-1,-1,-1,-1,-1,-1,-1,-1,-1,-1,-1,-1,-1,-1,-1,-1,-1,-1,-1,-1,-1,-1,-1,-1,-1,-1,-1,-1,-1,-1,-1,-1,-1,-1,-1,-1,-1,-1,-1,-1,0,-1,1,12,0,3,1,59,0,7,-5,-21
0,2,2,2,2,2,2,2,0,0,0,0,0,0,0,0,0,0,0,0,0,0,0,0,0,0,0,0,0,0,0,0,0,0,0,0,0,0,0,0,0,0,0,2,2,2,2,2,2,2,0,0,0,0,0,0,-1,0,0,0,0,0,-1,3,2,2,3,-1,3,2,-1,-1,-1,0,3,-1,3,3,-1,2,-1,2,-1,0,0,3,0,3,3,2,3,2,0,0,0,2,2,-1,2,2,-1,3,2,2,-1,3,-1,2,-1,2,2,3,2,-1,2,0,-1,-1,-1,3,0,2,-1,3,0,3,2,2,0,0,2,-1,0,-1,-1,-1,-1,0,-1,-1,3,-1,0,0,-1,-1,3,-1,-1,3,-1,3,-1,0,-1,0,0,0,0,-1,1,9,1,3,0,59,1,4,-5,-21
2,2,2,2,2,2,2,2,0,0,0,0,3,0,0,0,0,0,2,0,0,0,0,0,0,0,0,0,0,0,-1,0,0,0,0,0,0,0,0,0,0,0,0,0,0,2,2,2,2,2,2,2,2,0,-1,0,0,0,0,0,-1,0,-1,-1,0,0,-1,-1,0,-1,-1,0,0,-1,-1,-1,0,0,-1,0,0,0,-1,0,0,0,0,-1,0,-1,0,-1,0,0,-1,-1,0,-1,-1,0,-1,0,-1,-1,-1,-1,-1,0,0,-1,-1,-1,-1,0,-1,-1,-1,-1,0,-1,-1,-1,-1,-1,-1,-1,-1,-1,-1,-1,-1,-1,0,-1,-1,-1,-1,-1,-1,0,-1,-1,-1,-1,-1,-1,-1,0,-1,-1,-1,0,-1,-1,-1,-1,-1,-1,-1,-1,1,12,1,3,1,56,0,7,-5,-21
2,2,2,2,2,2,2,2,0,0,0,0,2,0,0,0,0,0,3,0,0,0,0,0,0,0,0,0,-1,0,0,0,0,0,0,0,0,0,0,0,0,0,0,0,0,2,2,2,2,2,2,2,2,0,-1,0,0,0,0,0,0,0,-1,-1,0,0,-1,-1,0,-1,-1,0,0,-1,-1,0,0,0,-1,0,0,0,-1,0,0,0,0,-1,0,-1,0,-1,0,0,-1,-1,0,-1,-1,0,-1,0,0,-1,-1,-1,0,-1,0,-1,-1,-1,-1,0,-1,-1,-1,-1,0,-1,-1,-1,-1,-1,-1,-1,-1,-1,-1,-1,-1,-1,-1,-1,-1,-1,-1,0,-1,-1,-1,-1,-1,-1,-1,-1,-1,-1,-1,-1,-1,-1,-1,-1,-1,-1,-1,-1,-1,-1,1,12,1,3,1,53,1,7,-5,-21
2,2,2,2,2,2,2,2,0,0,0,0,2,0,0,0,0,0,-1,3,0,0,0,0,0,0,0,0,0,0,0,0,0,0,0,0,0,0,0,0,0,0,0,0,0,2,2,2,2,2,2,2,2,0,-1,0,0,0,0,0,0,0,-1,0,0,0,0,0,0,-1,0,0,0,0,-1,0,0,0,-1,0,-1,-1,0,0,0,0,0,-1,-1,-1,-1,0,0,-1,-1,-1,-1,-1,-1,0,-1,0,-1,-1,-1,-1,-1,-1,0,-1,-1,0,-1,0,-1,-1,-1,0,-1,-1,-1,-1,-1,-1,-1,-1,-1,-1,-1,-1,-1,-1,-1,-1,-1,-1,-1,-1,-1,-1,-1,-1,-1,-1,-1,-1,0,-1,-1,-1,-1,-1,-1,-1,-1,-1,-1,-1,-1,-1,1,12,0,3,1,55,1,7,-5,-21
2,2,2,2,2,2,2,2,0,0,0,0,3,0,0,0,0,0,2,0,0,0,0,0,0,0,0,0,0,0,-1,0,0,0,0,0,0,0,0,0,0,0,0,0,0,2,2,2,2,2,2,2,2,0,-1,0,0,0,-1,0,0,0,-1,-1,0,-1,0,-1,0,0,0,0,0,0,-1,-1,0,0,0,0,-1,-1,0,0,-1,-1,0,-1,0,-1,-1,0,-1,-1,-1,-1,-1,-1,0,-1,0,-1,-1,0,-1,0,-1,-1,0,-1,0,0,-1,-1,-1,-1,0,0,-1,-1,0,-1,-1,-1,-1,-1,-1,-1,-1,-1,-1,-1,-1,-1,-1,-1,-1,-1,-1,-1,-1,-1,-1,-1,-1,-1,-1,-1,-1,0,0,-1,-1,-1,-1,-1,-1,-1,-1,-1,1,12,1,3,1,54,0,7,-5,-21
2,2,2,2,2,2,2,2,0,0,0,0,3,0,0,0,0,0,2,0,0,0,0,0,0,0,0,0,0,0,-1,0,0,0,0,0,0,0,0,0,0,0,0,0,0,2,2,2,2,2,2,2,2,0,-1,0,0,0,0,0,-1,-1,-1,-1,0,0,-1,-1,0,-1,-1,0,0,-1,-1,-1,0,0,-1,0,0,0,-1,0,0,0,0,0,0,-1,0,-1,-1,0,-1,-1,0,-1,-1,0,-1,0,-1,-1,-1,-1,-1,0,0,-1,-1,-1,-1,0,-1,-1,-1,-1,0,-1,-1,-1,-1,-1,-1,-1,-1,-1,-1,-1,-1,0,0,-1,-1,-1,-1,0,-1,0,-1,-1,-1,-1,-1,-1,-1,0,-1,-1,-1,-1,-1,-1,-1,-1,-1,-1,-1,-1,1,12,0,3,1,58,0,7,-5,-21
0,2,2,2,2,2,2,2,0,0,0,0,0,0,0,0,0,0,0,0,0,0,0,0,0,0,0,0,0,0,0,0,0,0,0,0,0,0,0,0,0,0,0,2,2,2,2,2,2,2,0,0,0,0,0,0,-1,0,0,0,0,0,-1,3,2,2,3,-1,3,2,-1,-1,-1,0,3,-1,3,3,-1,2,-1,2,-1,0,0,3,0,3,3,2,3,2,0,0,0,2,2,-1,2,2,-1,3,2,2,-1,3,-1,2,-1,2,2,3,2,-1,2,0,-1,-1,-1,3,0,2,-1,3,0,3,2,2,0,0,2,-1,0,-1,-1,-1,-1,0,-1,-1,3,-1,0,0,-1,-1,3,-1,-1,3,-1,3,-1,0,-1,0,0,0,0,-1,1,11,1,3,1,59,0,4,-5,-21
0,2,2,2,2,2,2,2,0,0,0,0,0,0,0,0,0,0,0,0,0,0,0,0,0,0,0,0,0,0,0,0,0,0,0,0,0,0,0,0,0,0,0,2,2,2,2,2,2,2,0,0,0,0,0,0,-1,0,0,0,0,0,-1,3,2,2,3,-1,3,2,-1,-1,-1,0,3,-1,3,3,-1,2,-1,2,-1,0,0,3,0,3,3,2,3,2,0,0,0,2,2,-1,2,2,-1,3,2,2,-1,3,-1,2,-1,2,2,3,2,-1,2,0,-1,-1,-1,3,0,2,-1,3,0,3,2,2,0,0,2,-1,0,-1,-1,-1,-1,0,-1,-1,3,-1,0,0,-1,-1,3,-1,-1,3,-1,3,-1,0,-1,0,0,0,0,-1,1,12,1,3,0,56,1,4,-5,-21
2,2,2,2,2,2,2,2,0,0,0,0,3,0,0,0,0,0,2,0,0,0,0,0,0,0,0,0,0,0,-1,0,0,0,0,0,0,0,0,0,0,0,0,0,0,2,2,2,2,2,2,2,2,0,-1,0,0,0,0,0,0,0,-1,-1,0,0,-1,-1,0,-1,-1,0,0,-1,-1,-1,0,0,-1,0,0,0,-1,0,0,0,0,-1,0,-1,0,-1,0,0,-1,-1,0,-1,-1,0,-1,0,-1,-1,-1,-1,-1,0,0,-1,-1,-1,-1,0,-1,-1,-1,-1,0,-1,-1,-1,-1,-1,-1,-1,-1,-1,-1,-1,-1,0,0,-1,-1,-1,-1,0,-1,-1,-1,-1,-1,-1,-1,-1,-1,-1,-1,-1,-1,-1,-1,-1,-1,-1,-1,-1,-1,-1,1,12,1,3,1,61,1,7,-5,-21
2,2,2,2,2,2,2,2,0,0,0,0,2,0,0,0,0,0,3,0,0,0,0,0,0,0,0,0,-1,0,0,0,0,0,0,0,0,0,0,0,0,0,0,0,0,2,2,2,2,2,2,2,2,0,-1,0,0,0,0,0,0,-1,-1,0,0,0,0,0,0,-1,-1,0,0,0,-1,0,0,-1,-1,0,-1,-1,-1,0,0,0,0,-1,-1,-1,-1,0,0,0,-1,-1,-1,-1,-1,0,-1,0,-1,-1,-1,-1,0,-1,-1,0,0,-1,-1,-1,-1,-1,-1,-1,-1,-1,0,-1,-1,0,-1,-1,0,-1,-1,0,-1,-1,0,-1,-1,-1,-1,-1,-1,-1,-1,-1,-1,-1,-1,-1,-1,-1,-1,-1,-1,-1,-1,-1,-1,-1,-1,-1,-1,-1,1,12,0,3,1,54,1,7,-5,-21
2,2,2,2,2,2,2,2,0,0,0,0,3,0,0,0,0,0,2,0,0,0,0,0,0,0,0,0,0,0,-1,0,0,0,0,0,0,0,0,0,0,0,0,0,0,2,2,2,2,2,2,2,2,0,-1,0,0,0,0,0,-1,0,-1,-1,0,0,-1,-1,-1,-1,-1,0,0,-1,-1,-1,0,0,-1,0,0,0,-1,0,0,0,0,-1,-1,-1,0,-1,0,0,0,-1,0,0,-1,0,-1,0,-1,-1,-1,-1,-1,0,0,0,-1,-1,-1,0,-1,-1,-1,-1,0,-1,-1,-1,-1,-1,-1,-1,-1,-1,-1,-1,-1,-1,0,-1,-1,-1,-1,-1,-1,0,-1,-1,-1,-1,-1,-1,-1,0,-1,-1,-1,-1,-1,-1,-1,-1,-1,-1,-1,-1,1,12,0,3,1,54,0,7,-5,-21
2,2,2,2,2,2,2,2,0,0,0,0,2,0,0,0,0,0,3,0,0,0,0,0,0,0,0,0,-1,0,0,0,0,0,0,0,0,0,0,0,0,0,0,0,0,2,2,2,2,2,2,2,2,0,-1,-1,-1,0,0,0,0,-1,-1,0,0,0,0,0,-1,-1,0,-1,-1,0,-1,0,-1,0,0,0,0,-1,0,0,-1,-1,0,-1,-1,-1,-1,0,-1,-1,0,0,0,-1,0,-1,-1,0,0,-1,-1,-1,0,-1,0,-1,-1,0,-1,-1,0,-1,0,-1,-1,-1,-1,-1,-1,0,0,-1,-1,-1,-1,-1,-1,-1,0,-1,-1,-1,0,-1,-1,-1,-1,-1,-1,-1,-1,-1,-1,-1,-1,-1,-1,-1,-1,-1,-1,-1,-1,-1,-1,-1,1,12,0,3,1,54,1,7,-5,-21
0,2,2,2,2,2,2,2,0,0,0,0,0,0,0,0,0,0,0,0,0,0,0,0,0,0,0,0,0,0,0,0,0,0,0,0,0,0,0,0,0,0,0,2,2,2,2,2,2,2,0,0,0,0,0,0,-1,0,0,0,0,0,-1,3,2,2,3,-1,3,2,-1,-1,-1,0,3,-1,3,3,-1,2,-1,2,-1,0,0,3,0,3,3,2,3,2,0,0,0,2,2,-1,2,2,-1,3,2,2,-1,3,-1,2,-1,2,2,3,2,-1,2,0,-1,-1,-1,3,0,2,-1,3,0,3,2,2,0,0,2,-1,0,-1,-1,-1,-1,0,-1,-1,3,-1,0,0,-1,-1,3,-1,-1,3,-1,3,-1,0,-1,0,0,0,0,-1,1,9,1,3,0,56,1,7,-5,-21
2,2,2,2,2,2,2,2,0,0,0,0,3,0,0,0,0,0,2,0,0,0,0,0,0,0,0,0,0,0,-1,0,0,0,0,0,0,0,0,0,0,0,0,0,0,2,2,2,2,2,2,2,2,0,-1,0,0,0,0,0,-1,0,-1,-1,0,0,-1,-1,-1,-1,-1,0,0,-1,-1,-1,0,0,-1,0,0,0,-1,0,0,0,0,-1,0,-1,0,-1,0,0,-1,-1,0,0,-1,0,-1,0,-1,0,-1,0,-1,0,0,-1,-1,-1,-1,0,-1,-1,-1,-1,0,-1,-1,-1,-1,-1,-1,-1,-1,-1,-1,-1,-1,-1,0,-1,-1,-1,-1,-1,-1,0,-1,-1,-1,-1,-1,-1,-1,-1,-1,-1,-1,-1,-1,-1,-1,-1,-1,-1,-1,-1,1,12,0,3,1,54,0,7,-5,-21
2,2,2,2,2,2,2,2,0,0,0,0,3,0,0,0,0,0,2,0,0,0,0,0,0,0,0,0,0,0,-1,0,0,0,0,0,0,0,0,0,0,0,0,0,0,2,2,2,2,2,2,2,2,0,-1,0,0,0,0,0,-1,0,-1,-1,0,0,-1,-1,0,-1,-1,0,0,-1,-1,-1,0,0,-1,0,0,0,-1,0,0,0,0,-1,0,-1,0,-1,-1,0,0,-1,0,-1,-1,0,-1,0,-1,-1,-1,-1,-1,0,0,0,-1,-1,-1,0,-1,-1,-1,-1,0,-1,-1,-1,-1,-1,-1,-1,-1,-1,-1,-1,-1,-1,0,-1,-1,-1,-1,-1,-1,0,-1,-1,-1,-1,-1,-1,-1,0,-1,-1,-1,-1,-1,-1,-1,-1,-1,-1,-1,-1,1,12,0,3,1,54,0,7,-5,-21
2,2,2,2,2,2,2,2,0,0,0,0,3,0,0,0,0,0,2,0,0,0,0,0,0,0,0,0,0,0,-1,0,0,0,0,0,0,0,0,0,0,0,0,0,0,2,2,2,2,2,2,2,2,0,-1,0,0,0,0,0,-1,0,-1,-1,0,0,-1,-1,0,-1,-1,0,0,-1,-1,-1,0,0,-1,0,0,0,-1,-1,0,0,0,-1,0,-1,0,-1,0,0,-1,-1,0,-1,-1,0,-1,0,-1,-1,-1,-1,-1,0,0,-1,-1,-1,-1,0,-1,-1,-1,-1,0,-1,-1,-1,-1,-1,-1,-1,-1,-1,-1,0,-1,-1,0,-1,-1,-1,0,-1,-1,0,-1,-1,-1,-1,-1,-1,-1,0,-1,-1,-1,-1,-1,-1,-1,-1,-1,-1,-1,-1,1,12,0,3,1,56,0,7,-5,-21
2,2,2,2,2,2,2,2,0,0,0,0,2,0,0,0,0,0,-1,3,0,0,0,0,0,0,0,0,0,0,0,0,0,0,0,0,0,0,0,0,0,0,0,0,0,2,2,2,2,2,2,2,2,0,-1,0,0,0,0,0,0,0,-1,-1,0,0,-1,-1,0,-1,-1,-1,0,-1,-1,0,0,0,-1,0,0,0,-1,0,0,0,0,-1,0,-1,0,0,0,0,-1,-1,0,-1,-1,0,-1,0,-1,-1,-1,-1,-1,0,0,-1,0,0,-1,0,-1,-1,-1,-1,-1,-1,0,-1,-1,-1,-1,-1,-1,-1,-1,-1,-1,-1,-1,-1,-1,-1,-1,-1,-1,-1,-1,-1,-1,-1,-1,-1,-1,-1,-1,-1,-1,-1,-1,-1,-1,-1,-1,-1,-1,-1,1,12,1,3,1,59,1,7,-5,-21
2,2,2,2,2,2,2,2,0,0,0,0,2,0,0,0,0,0,3,0,0,0,0,0,0,0,0,0,-1,0,0,0,0,0,0,0,0,0,0,0,0,0,0,0,0,2,2,2,2,2,2,2,2,0,-1,0,0,0,0,0,0,0,-1,-1,0,0,-1,-1,0,-1,-1,0,0,-1,-1,0,0,0,-1,0,0,0,-1,0,0,0,0,-1,0,-1,0,-1,0,0,-1,0,0,-1,-1,0,-1,0,0,-1,-1,-1,0,-1,0,-1,-1,-1,-1,-1,0,-1,0,-1,-1,-1,-1,-1,-1,-1,-1,-1,-1,-1,-1,-1,-1,-1,-1,-1,-1,-1,-1,-1,-1,-1,-1,-1,-1,-1,-1,-1,-1,-1,-1,-1,-1,-1,-1,-1,-1,-1,-1,-1,-1,-1,1,12,0,3,1,58,0,7,-5,-21
2,2,2,2,2,2,2,2,0,0,0,0,2,0,0,0,0,0,-1,3,0,0,0,0,0,0,0,0,0,0,0,0,0,0,0,0,0,0,0,0,0,0,0,0,0,2,2,2,2,2,2,2,2,0,-1,0,0,-1,0,0,0,0,-1,0,0,0,0,0,0,-1,0,0,0,0,-1,0,0,0,-1,0,-1,-1,0,0,0,0,0,-1,-1,-1,-1,-1,0,-1,-1,0,0,-1,0,-1,-1,0,0,-1,-1,-1,-1,-1,0,-1,-1,0,-1,-1,0,-1,0,-1,-1,-1,-1,-1,-1,-1,-1,-1,-1,-1,-1,-1,-1,-1,-1,-1,-1,-1,-1,-1,-1,-1,-1,-1,-1,-1,-1,-1,-1,-1,-1,-1,-1,-1,-1,-1,-1,-1,-1,-1,-1,-1,1,12,0,3,1,59,0,7,-5,-21
2,2,2,2,2,2,2,2,0,0,0,0,3,0,0,0,0,0,2,0,0,0,0,0,0,0,0,0,0,0,-1,0,0,0,0,0,0,0,0,0,0,0,0,0,0,2,2,2,2,2,2,2,2,0,-1,0,0,0,0,0,-1,0,-1,-1,0,0,-1,-1,0,-1,-1,0,0,-1,-1,-1,0,0,-1,0,0,0,0,0,0,0,0,-1,0,-1,0,-1,0,0,-1,-1,0,-1,-1,0,-1,0,-1,-1,-1,-1,-1,0,0,-1,-1,-1,-1,0,-1,-1,-1,-1,0,-1,-1,-1,-1,-1,-1,-1,-1,-1,-1,-1,-1,-1,0,-1,-1,-1,-1,-1,-1,0,-1,-1,-1,-1,-1,-1,0,-1,-1,-1,-1,-1,-1,-1,-1,-1,-1,-1,-1,-1,1,12,0,3,1,54,0,7,-5,-21
2,2,2,2,2,2,2,2,0,0,0,0,2,0,0,0,0,0,3,0,0,0,0,0,0,0,0,0,0,0,0,0,0,0,0,0,0,0,0,0,0,0,0,-1,0,2,2,2,2,2,2,2,2,0,-1,0,0,0,0,-1,0,0,-1,0,0,0,-1,-1,0,-1,0,-1,0,-1,-1,0,0,0,0,0,0,0,-1,0,-1,0,-1,-1,0,-1,0,-1,0,0,0,-1,0,-1,0,0,-1,0,-1,0,-1,0,-1,-1,-1,-1,-1,0,-1,-1,-1,-1,-1,-1,-1,0,-1,-1,-1,-1,-1,-1,-1,-1,-1,-1,-1,-1,-1,-1,-1,-1,-1,-1,-1,-1,-1,-1,-1,-1,0,-1,-1,-1,-1,-1,-1,-1,-1,-1,-1,-1,-1,-1,-1,-1,1,12,1,3,1,55,1,7,-5,-21
2,2,2,2,2,2,2,2,0,0,0,0,3,0,0,0,0,0,2,0,0,0,0,0,0,0,0,0,0,0,-1,0,0,0,0,0,0,0,0,0,0,0,0,0,0,2,2,2,2,2,2,2,2,0,-1,-1,0,0,0,0,-1,0,-1,-1,0,0,-1,-1,0,-1,-1,0,0,-1,-1,-1,0,0,-1,0,0,0,-1,0,0,0,0,-1,0,-1,0,-1,0,0,-1,-1,0,-1,-1,0,-1,0,-1,-1,-1,-1,-1,0,0,-1,-1,-1,-1,0,-1,-1,-1,-1,0,-1,-1,-1,-1,-1,-1,-1,-1,-1,-1,-1,-1,-1,0,-1,-1,-1,0,-1,-1,0,-1,-1,-1,-1,-1,0,-1,0,-1,-1,-1,-1,-1,-1,-1,-1,-1,-1,-1,-1,1,12,0,3,1,54,0,7,-5,-21
2,2,2,2,2,2,2,2,0,0,0,0,3,0,0,0,0,0,2,0,0,0,0,0,0,0,0,0,0,0,-1,0,0,0,0,0,0,0,0,0,0,0,0,0,0,2,2,2,2,2,2,2,2,0,-1,0,0,0,0,0,-1,0,-1,-1,0,0,-1,-1,0,-1,-1,0,0,-1,-1,-1,0,0,-1,0,0,0,-1,0,0,0,0,-1,0,-1,0,-1,0,0,-1,-1,0,-1,-1,0,-1,0,-1,-1,-1,-1,-1,0,0,-1,-1,-1,-1,0,-1,-1,-1,-1,0,-1,-1,-1,-1,-1,-1,-1,-1,-1,-1,-1,-1,0,0,-1,-1,-1,-1,-1,-1,0,-1,-1,-1,-1,-1,-1,-1,0,-1,-1,-1,-1,-1,-1,-1,-1,-1,-1,-1,-1,1,12,0,3,1,56,0,7,-5,-21
2,2,2,2,2,2,2,2,0,0,0,0,2,0,0,0,0,0,3,0,0,0,0,0,0,0,0,0,0,0,0,0,0,0,0,0,0,0,0,0,0,0,0,-1,0,2,2,2,2,2,2,2,2,0,-1,0,0,0,0,-1,0,0,-1,0,0,0,-1,-1,0,-1,0,-1,-1,-1,-1,0,0,0,0,0,0,0,-1,0,0,0,-1,0,0,-1,0,-1,0,0,0,0,0,-1,0,0,-1,0,-1,0,-1,0,-1,-1,-1,-1,-1,-1,-1,-1,-1,-1,-1,-1,-1,-1,-1,-1,-1,-1,-1,-1,-1,-1,-1,-1,-1,-1,-1,-1,-1,-1,-1,-1,-1,-1,-1,-1,-1,-1,-1,-1,-1,0,-1,-1,-1,-1,-1,-1,-1,-1,-1,-1,-1,-1,1,12,1,3,1,54,1,7,-5,-21
2,2,2,2,2,2,2,2,0,0,0,0,2,0,0,0,0,0,3,0,0,0,0,0,0,0,0,0,-1,0,0,0,0,0,0,0,0,0,0,0,0,0,0,0,0,2,2,2,2,2,2,2,2,0,-1,0,0,0,0,0,0,0,-1,-1,0,0,-1,-1,0,-1,-1,0,0,-1,-1,0,0,0,-1,0,0,0,-1,0,0,0,0,-1,0,-1,0,-1,0,0,-1,-1,0,-1,-1,0,-1,0,0,-1,-1,-1,0,-1,0,-1,-1,-1,-1,0,-1,-1,-1,-1,0,-1,-1,-1,-1,-1,-1,-1,-1,-1,-1,-1,-1,-1,-1,-1,-1,-1,-1,-1,-1,-1,-1,-1,-1,-1,-1,-1,-1,-1,-1,-1,-1,-1,-1,0,-1,-1,-1,-1,-1,-1,1,12,1,3,1,54,1,7,-5,-21
2,2,2,2,2,2,2,2,0,0,0,0,3,0,0,0,0,0,2,0,0,0,0,0,0,0,0,0,0,0,-1,0,0,0,0,0,0,0,0,0,0,0,0,0,0,2,2,2,2,2,2,2,2,0,-1,0,0,0,0,0,-1,0,-1,-1,0,0,-1,-1,-1,-1,-1,0,0,-1,-1,-1,0,0,-1,0,0,0,-1,0,0,0,0,-1,0,-1,0,-1,0,0,-1,-1,0,0,-1,0,-1,0,0,0,-1,-1,0,-1,0,-1,-1,0,-1,-1,0,-1,0,-1,-1,-1,-1,-1,-1,-1,0,-1,-1,-1,-1,-1,-1,-1,-1,-1,-1,-1,-1,-1,-1,-1,-1,-1,-1,-1,-1,-1,-1,-1,-1,-1,-1,-1,-1,-1,-1,-1,-1,-1,-1,-1,1,12,0,3,1,54,0,7,-5,-21
2,2,2,2,2,2,2,2,0,0,0,0,2,0,0,0,0,0,3,0,0,0,0,0,0,0,0,0,0,0,0,0,0,0,0,0,0,0,0,0,0,0,0,-1,0,2,2,2,2,2,2,2,2,0,-1,0,0,0,0,-1,0,0,-1,0,0,0,-1,-1,0,-1,0,-1,0,-1,-1,0,0,0,0,0,0,0,-1,0,0,0,-1,-1,0,-1,0,-1,0,0,0,0,0,-1,-1,-1,-1,0,-1,0,-1,0,-1,-1,-1,-1,0,0,-1,-1,-1,-1,-1,-1,-1,-1,-1,-1,-1,-1,-1,-1,-1,-1,-1,-1,-1,-1,-1,-1,-1,-1,-1,-1,-1,-1,-1,-1,-1,-1,-1,-1,-1,-1,-1,-1,-1,-1,0,-1,-1,-1,-1,-1,-1,-1,1,12,0,3,1,54,1,7,-5,-21
2,2,2,2,2,2,2,2,0,0,0,0,3,0,0,0,0,0,2,0,0,0,0,0,0,0,0,0,0,0,-1,0,0,0,0,0,0,0,0,0,0,0,0,0,0,2,2,2,2,2,2,2,2,0,-1,0,0,0,0,0,-1,0,-1,-1,-1,0,-1,-1,-1,-1,-1,0,0,-1,-1,-1,0,0,-1,0,0,0,-1,0,0,0,0,-1,0,-1,0,-1,0,0,-1,-1,0,0,-1,0,-1,0,-1,-1,-1,-1,-1,0,0,-1,-1,-1,-1,0,-1,-1,-1,-1,0,-1,-1,-1,-1,-1,-1,-1,-1,-1,-1,-1,-1,-1,0,-1,-1,-1,-1,-1,-1,0,-1,-1,-1,-1,0,-1,-1,0,-1,-1,0,-1,-1,-1,-1,-1,-1,-1,-1,-1,1,12,1,3,1,54,0,7,-5,-21
2,2,2,2,2,2,2,2,0,0,0,0,3,0,0,0,0,0,2,0,0,0,0,0,0,0,0,0,0,0,0,0,-1,0,0,0,0,0,0,0,0,0,0,0,0,2,2,2,2,2,2,2,2,0,-1,0,0,0,0,0,-1,0,-1,-1,0,0,-1,-1,0,-1,-1,0,0,-1,-1,0,0,0,-1,0,-1,0,-1,0,0,0,0,-1,0,-1,0,-1,-1,0,-1,-1,0,-1,-1,0,-1,0,-1,-1,-1,-1,-1,0,0,0,-1,-1,-1,0,-1,-1,-1,-1,0,-1,-1,-1,-1,-1,-1,-1,-1,-1,-1,-1,-1,-1,0,-1,-1,-1,-1,-1,-1,0,-1,-1,-1,-1,-1,-1,-1,0,-1,-1,-1,0,-1,-1,-1,-1,-1,-1,-1,-1,1,12,0,3,1,54,0,7,-5,-21
2,2,2,2,2,2,2,2,0,0,0,0,2,0,0,0,0,0,3,0,0,0,0,0,0,0,0,0,0,0,0,0,0,0,0,0,0,0,0,0,0,0,0,-1,0,2,2,2,2,2,2,2,2,0,-1,0,0,0,0,-1,0,0,-1,0,0,0,-1,-1,0,-1,0,-1,0,-1,-1,0,0,0,0,0,0,0,-1,0,0,0,-1,0,0,-1,0,-1,0,0,0,0,0,-1,0,0,-1,0,-1,-1,-1,-1,-1,0,0,-1,-1,-1,-1,-1,-1,-1,-1,-1,-1,-1,-1,-1,-1,-1,-1,-1,-1,-1,-1,-1,-1,-1,-1,-1,-1,-1,-1,-1,-1,-1,-1,-1,-1,-1,-1,-1,-1,-1,-1,-1,-1,-1,-1,-1,-1,-1,-1,-1,-1,-1,1,12,0,3,1,54,1,7,-5,-21
2,2,2,2,2,2,2,2,0,0,0,0,3,0,0,0,0,0,2,0,0,0,0,0,0,0,0,0,0,0,-1,0,0,0,0,0,0,0,0,0,0,0,0,0,0,2,2,2,2,2,2,2,2,0,-1,0,0,0,0,0,-1,0,-1,-1,0,0,-1,-1,0,-1,-1,0,0,-1,-1,-1,0,0,-1,0,0,0,-1,0,0,0,0,-1,0,-1,0,-1,0,0,-1,-1,0,-1,-1,0,-1,0,-1,-1,-1,-1,-1,0,0,-1,-1,-1,-1,0,-1,-1,-1,-1,0,-1,-1,-1,-1,-1,-1,-1,-1,-1,-1,-1,-1,-1,-1,-1,-1,0,0,-1,-1,0,-1,-1,-1,-1,-1,-1,-1,0,-1,-1,-1,-1,-1,-1,-1,-1,-1,-1,-1,-1,1,12,0,3,1,60,0,7,-5,-21
2,2,2,2,2,2,2,2,0,0,0,0,3,0,0,0,0,0,2,0,0,0,0,0,0,0,0,0,0,0,-1,0,0,0,0,0,0,0,0,0,0,0,0,0,0,2,2,2,2,2,2,2,2,0,0,0,0,0,0,0,0,-1,-1,0,0,0,-1,0,0,-1,0,0,0,0,-1,0,-1,0,0,-1,-1,0,0,-1,0,-1,0,-1,0,-1,-1,0,-1,-1,0,-1,-1,-1,0,-1,-1,0,0,-1,-1,-1,0,-1,-1,-1,-1,0,-1,-1,0,-1,0,-1,-1,-1,-1,-1,-1,-1,-1,-1,-1,-1,-1,-1,-1,-1,0,-1,-1,-1,-1,-1,-1,-1,-1,-1,-1,-1,-1,-1,-1,-1,-1,-1,-1,-1,-1,-1,-1,0,-1,-1,-1,-1,1,12,0,3,1,58,0,7,-5,-21
2,2,2,2,2,2,2,2,0,0,0,0,2,0,0,0,0,0,3,0,0,0,0,0,0,0,0,0,-1,0,0,0,0,0,0,0,0,0,0,0,0,0,0,0,0,2,2,2,2,2,2,2,2,0,-1,0,0,0,0,0,0,0,-1,-1,0,0,-1,-1,0,-1,-1,0,0,-1,-1,0,0,0,-1,0,0,0,-1,0,0,0,0,-1,0,-1,0,-1,0,0,-1,-1,0,-1,-1,0,-1,0,0,-1,-1,-1,0,-1,0,-1,0,-1,-1,-1,0,-1,0,-1,-1,-1,-1,-1,-1,-1,-1,-1,-1,-1,-1,-1,-1,-1,-1,-1,-1,-1,-1,-1,-1,-1,-1,-1,-1,-1,-1,-1,-1,-1,-1,-1,-1,-1,-1,-1,-1,-1,-1,-1,-1,-1,1,12,1,3,1,58,0,7,-5,-21
2,2,2,2,2,2,2,2,0,0,0,0,3,0,0,0,0,0,2,0,0,0,0,0,0,0,0,0,0,0,-1,0,0,0,0,0,0,0,0,0,0,0,0,0,0,2,2,2,2,2,2,2,2,0,-1,0,0,0,0,0,0,-1,-1,0,0,0,-1,0,0,-1,0,-1,-1,0,-1,0,0,0,0,0,0,-1,0,0,0,-1,0,-1,-1,-1,-1,-1,0,-1,-1,0,0,-1,0,-1,0,0,0,-1,-1,-1,-1,-1,0,-1,-1,0,-1,-1,0,-1,0,-1,0,-1,-1,-1,-1,-1,-1,-1,-1,-1,-1,-1,-1,-1,-1,-1,-1,-1,-1,-1,-1,-1,-1,-1,-1,-1,-1,-1,-1,-1,-1,-1,-1,-1,-1,-1,-1,-1,-1,-1,-1,-1,1,12,0,3,1,58,1,7,-5,-21
2,2,2,2,2,2,2,2,0,0,0,0,3,0,0,0,0,0,2,0,0,0,0,0,0,0,0,0,0,0,-1,0,0,0,0,0,0,0,0,0,0,0,0,0,0,2,2,2,2,2,2,2,2,0,-1,0,-1,-1,0,0,0,0,-1,-1,0,0,-1,0,0,0,-1,0,0,0,0,0,0,0,-1,0,-1,-1,0,0,0,-1,-1,-1,-1,-1,-1,-1,-1,0,0,-1,-1,-1,0,-1,-1,0,-1,0,-1,-1,0,-1,-1,0,0,-1,-1,-1,-1,-1,-1,-1,-1,-1,0,-1,-1,0,-1,-1,0,-1,-1,0,-1,-1,-1,-1,-1,-1,-1,-1,-1,-1,-1,-1,-1,-1,0,-1,-1,-1,0,-1,-1,-1,-1,-1,-1,-1,-1,-1,-1,-1,1,12,0,3,1,54,0,7,-5,-21
2,2,2,2,2,2,2,2,0,0,0,0,2,0,0,0,0,0,3,0,0,0,0,0,0,0,0,0,-1,0,0,0,0,0,0,0,0,0,0,0,0,0,0,0,0,2,2,2,2,2,2,2,2,0,-1,0,0,0,0,0,0,0,-1,-1,0,0,-1,-1,0,-1,-1,0,0,-1,-1,0,0,0,-1,0,0,0,-1,0,0,0,-1,-1,0,-1,0,-1,0,0,-1,-1,0,-1,-1,0,0,0,0,-1,-1,-1,-1,0,0,-1,-1,-1,-1,-1,-1,-1,-1,-1,0,-1,-1,-1,-1,-1,-1,-1,-1,-1,-1,-1,-1,0,0,-1,-1,-1,-1,-1,-1,-1,-1,-1,-1,-1,-1,-1,-1,-1,-1,-1,-1,-1,-1,-1,-1,-1,-1,-1,-1,-1,1,12,1,3,1,54,0,7,-5,-21
2,2,2,2,2,2,2,2,0,0,0,0,3,0,0,0,0,0,2,0,0,0,0,0,0,0,0,0,0,0,0,0,-1,0,0,0,0,0,0,0,0,0,0,0,0,2,2,2,2,2,2,2,2,0,-1,0,0,-1,0,0,0,0,-1,-1,0,0,-1,0,0,0,-1,0,0,0,0,0,0,0,-1,0,-1,-1,0,0,0,-1,-1,-1,-1,-1,-1,-1,-1,0,0,-1,-1,-1,0,-1,-1,0,-1,0,-1,-1,0,-1,-1,0,0,-1,-1,-1,-1,-1,-1,-1,-1,-1,0,-1,-1,0,-1,-1,-1,-1,-1,0,-1,0,-1,-1,-1,-1,-1,-1,-1,-1,-1,-1,-1,-1,-1,-1,-1,-1,0,-1,-1,-1,-1,-1,-1,-1,-1,-1,-1,-1,1,12,0,3,1,54,1,7,-5,-21
2,2,2,2,2,2,2,2,0,0,0,0,2,0,0,0,0,0,3,0,0,0,0,0,0,0,0,0,-1,0,0,0,0,0,0,0,0,0,0,0,0,0,0,0,0,2,2,2,2,2,2,2,2,0,-1,0,0,0,0,0,0,-1,-1,0,0,0,0,0,-1,0,0,-1,-1,0,0,-1,0,0,0,-1,-1,0,0,-1,0,-1,0,-1,-1,-1,-1,0,-1,-1,0,-1,-1,-1,0,-1,-1,0,0,-1,-1,-1,0,-1,-1,-1,-1,0,-1,0,0,-1,0,-1,-1,-1,-1,-1,-1,-1,-1,-1,-1,-1,-1,-1,-1,-1,0,-1,0,-1,-1,-1,-1,-1,-1,-1,-1,0,-1,-1,-1,-1,-1,-1,-1,-1,-1,-1,-1,-1,-1,-1,-1,-1,1,12,0,3,1,58,1,7,-5,-21
2,2,2,2,2,2,2,2,0,0,0,0,2,0,0,0,0,0,3,0,0,0,0,0,0,0,0,0,-1,0,0,0,0,0,0,0,0,0,0,0,0,0,0,0,0,2,2,2,2,2,2,2,2,0,-1,0,0,0,0,0,0,-1,-1,0,0,0,-1,0,0,-1,-1,0,0,0,-1,0,0,0,-1,0,-1,-1,-1,0,0,0,0,-1,-1,-1,-1,0,0,0,-1,-1,-1,-1,-1,0,-1,0,-1,-1,-1,-1,-1,-1,0,-1,0,0,-1,0,-1,-1,-1,0,-1,-1,-1,-1,-1,-1,-1,-1,-1,0,0,-1,-1,-1,-1,-1,-1,-1,-1,0,-1,-1,-1,-1,-1,-1,-1,-1,-1,-1,-1,-1,-1,-1,-1,-1,-1,-1,-1,-1,-1,-1,1,12,1,3,1,54,0,7,-5,-21
2,2,2,2,2,2,2,2,0,0,0,0,3,0,0,0,0,0,2,0,0,0,0,0,0,0,0,0,0,0,-1,0,0,0,0,0,0,0,0,0,0,0,0,0,0,2,2,2,2,2,2,2,2,0,-1,0,0,0,0,0,-1,0,-1,-1,0,0,-1,-1,0,-1,-1,0,0,-1,-1,-1,0,0,-1,0,0,0,-1,0,0,0,0,-1,0,-1,0,-1,0,0,-1,-1,0,-1,-1,0,-1,0,-1,-1,-1,-1,-1,0,0,-1,-1,-1,-1,0,-1,-1,-1,-1,0,-1,-1,-1,-1,-1,-1,-1,-1,-1,-1,-1,-1,-1,0,-1,-1,-1,-1,-1,-1,0,-1,-1,-1,-1,-1,-1,-1,0,-1,-1,-1,0,-1,-1,-1,-1,-1,-1,-1,-1,1,12,1,3,1,58,0,7,-5,-21
2,2,2,2,2,2,2,2,0,0,0,0,3,0,0,0,0,0,2,0,0,0,0,0,0,0,0,0,0,0,-1,0,0,0,0,0,0,0,0,0,0,0,0,0,0,2,2,2,2,2,2,2,2,0,-1,0,0,0,0,0,0,0,0,0,0,0,0,0,-1,-1,0,0,0,0,-1,0,0,0,-1,-1,0,0,-1,0,-1,0,-1,-1,-1,-1,-1,0,0,-1,0,0,-1,-1,-1,-1,-1,-1,0,-1,-1,0,0,-1,-1,-1,-1,-1,0,-1,-1,-1,-1,0,-1,-1,0,-1,-1,0,-1,-1,-1,-1,-1,-1,-1,-1,-1,-1,-1,-1,-1,-1,-1,-1,-1,-1,-1,-1,-1,-1,-1,-1,-1,-1,-1,-1,-1,-1,-1,-1,-1,-1,-1,-1,1,12,0,3,1,54,0,7,-5,-21
2,2,2,2,2,2,2,2,0,0,0,0,3,0,0,0,0,0,2,0,0,0,0,0,0,0,0,0,0,0,0,0,-1,0,0,0,0,0,0,0,0,0,0,0,0,2,2,2,2,2,2,2,2,0,-1,0,0,-1,0,0,0,0,-1,-1,0,0,-1,-1,0,-1,-1,0,0,-1,-1,-1,0,0,-1,0,0,0,0,0,0,0,0,-1,0,-1,0,-1,0,0,-1,-1,0,-1,-1,0,-1,0,-1,-1,-1,-1,-1,0,0,-1,-1,-1,-1,0,-1,-1,-1,-1,0,-1,-1,-1,-1,-1,-1,-1,-1,-1,-1,-1,-1,-1,0,-1,-1,-1,-1,-1,-1,0,-1,-1,-1,-1,-1,-1,-1,0,-1,-1,-1,-1,-1,-1,-1,-1,-1,-1,-1,-1,1,12,0,3,1,54,0,7,-5,-21
2,2,2,2,2,2,2,2,0,0,0,0,3,0,0,0,0,0,2,0,0,0,0,0,0,0,0,0,0,0,-1,0,0,0,0,0,0,0,0,0,0,0,0,0,0,2,2,2,2,2,2,2,2,0,-1,0,0,0,0,0,0,0,-1,-1,0,0,0,0,0,-1,0,0,0,0,-1,0,0,-1,-1,0,-1,-1,0,0,0,0,0,-1,-1,-1,-1,0,0,0,-1,-1,-1,-1,-1,0,-1,0,-1,-1,-1,-1,-1,-1,0,-1,0,0,-1,0,-1,-1,-1,-1,0,-1,-1,-1,-1,-1,-1,-1,-1,-1,-1,-1,-1,-1,-1,-1,-1,-1,-1,-1,-1,-1,-1,-1,-1,0,-1,-1,-1,-1,-1,-1,-1,-1,-1,-1,-1,-1,-1,-1,-1,-1,1,12,1,3,1,54,0,7,-5,-21
2,2,2,2,2,2,2,2,0,0,0,0,2,0,0,0,0,0,3,0,0,0,0,0,0,0,0,0,-1,0,0,0,0,0,0,0,0,0,0,0,0,0,0,0,0,2,2,2,2,2,2,2,2,0,-1,0,0,0,0,0,0,-1,-1,0,0,0,0,0,0,-1,-1,0,0,0,-1,0,0,0,-1,0,-1,-1,0,0,0,0,0,-1,-1,-1,-1,0,0,0,-1,-1,-1,-1,-1,0,-1,0,-1,-1,-1,-1,-1,-1,0,-1,0,0,-1,0,-1,-1,-1,0,-1,-1,-1,-1,-1,-1,-1,-1,-1,0,-1,-1,-1,-1,-1,-1,-1,-1,-1,-1,-1,-1,-1,-1,-1,-1,-1,-1,-1,-1,-1,-1,-1,-1,-1,-1,-1,-1,-1,-1,-1,-1,1,12,1,3,1,54,0,7,-5,-21
2,2,2,2,2,2,2,2,0,0,0,0,2,0,0,0,0,0,3,0,0,0,0,0,0,0,0,0,0,0,0,0,0,0,0,0,0,0,0,0,0,0,0,-1,0,2,2,2,2,2,2,2,2,0,-1,0,0,0,0,-1,0,0,-1,0,-1,0,-1,-1,0,-1,0,-1,0,-1,-1,0,0,0,0,0,0,-1,-1,-1,0,0,0,-1,0,-1,0,-1,0,0,0,0,0,-1,0,0,-1,0,-1,0,-1,0,-1,-1,-1,-1,-1,0,-1,-1,-1,-1,-1,-1,-1,-1,-1,-1,-1,-1,-1,-1,-1,-1,0,-1,-1,-1,-1,-1,-1,-1,-1,-1,-1,-1,-1,-1,-1,-1,-1,-1,0,-1,-1,-1,-1,-1,-1,-1,-1,-1,-1,-1,-1,-1,1,12,1,3,1,58,1,7,-5,-21
2,2,2,2,2,2,2,2,0,0,0,0,2,0,0,0,0,0,3,0,0,0,0,0,0,0,0,0,0,0,0,0,0,0,0,0,0,0,0,0,0,0,0,-1,0,2,2,2,2,2,2,2,2,0,-1,0,0,0,0,-1,0,0,-1,0,0,-1,-1,-1,0,-1,0,-1,0,-1,-1,0,0,0,0,0,0,0,-1,0,0,0,-1,0,0,-1,0,-1,0,0,0,0,0,-1,0,0,-1,0,-1,-1,-1,-1,-1,0,0,-1,-1,-1,-1,-1,-1,-1,-1,-1,-1,-1,-1,-1,-1,-1,-1,-1,-1,-1,-1,-1,-1,-1,-1,-1,-1,-1,-1,-1,-1,-1,-1,-1,-1,-1,-1,-1,-1,-1,-1,-1,-1,-1,-1,-1,0,-1,-1,-1,-1,-1,1,12,0,3,1,54,1,7,-5,-21
2,2,2,2,2,2,2,2,0,0,0,0,3,0,0,0,0,0,2,0,0,0,0,0,0,0,0,0,0,0,0,0,-1,0,0,0,0,0,0,0,0,0,0,0,0,2,2,2,2,2,2,2,2,0,-1,0,0,-1,0,0,0,0,-1,-1,0,0,-1,0,0,0,-1,0,0,0,0,0,0,0,-1,0,-1,-1,0,0,0,-1,-1,-1,-1,-1,-1,-1,-1,0,0,-1,-1,-1,0,-1,-1,0,-1,0,-1,-1,0,-1,-1,0,0,-1,-1,-1,-1,-1,-1,-1,-1,-1,0,-1,-1,0,-1,-1,-1,-1,-1,0,-1,0,-1,-1,-1,-1,-1,-1,-1,-1,-1,-1,-1,-1,-1,-1,-1,-1,0,-1,-1,-1,-1,-1,-1,-1,-1,-1,-1,-1,1,12,0,3,1,58,1,7,-5,-21
2,2,2,2,2,2,2,2,0,0,0,0,3,0,0,0,0,0,2,0,0,0,0,0,0,0,0,0,0,0,-1,0,0,0,0,0,0,0,0,0,0,0,0,0,0,2,2,2,2,2,2,2,2,0,0,0,0,0,0,0,0,-1,-1,0,0,0,-1,0,0,-1,0,0,0,0,-1,0,0,0,0,-1,-1,0,0,-1,0,-1,0,-1,0,-1,-1,0,-1,-1,0,-1,-1,-1,0,-1,-1,0,0,-1,-1,-1,0,-1,-1,-1,-1,0,-1,-1,0,-1,0,-1,-1,-1,-1,-1,-1,-1,-1,-1,-1,-1,-1,-1,-1,-1,0,-1,-1,-1,-1,-1,-1,-1,-1,-1,-1,-1,-1,-1,-1,-1,-1,-1,-1,-1,-1,-1,-1,-1,-1,-1,-1,-1,1,12,0,3,1,53,0,7,-5,-21
2,2,2,2,2,2,2,2,0,0,0,0,2,0,0,0,0,0,3,0,0,0,0,0,0,0,0,0,0,0,0,0,0,0,0,0,0,0,0,0,0,0,0,-1,0,2,2,2,2,2,2,2,2,0,-1,0,0,0,0,-1,0,0,-1,0,0,0,-1,-1,0,-1,0,-1,0,-1,-1,0,0,0,0,0,0,-1,-1,0,0,0,0,-1,0,-1,0,-1,0,-1,0,0,0,-1,0,0,-1,0,-1,0,-1,0,-1,-1,-1,-1,-1,0,-1,-1,-1,-1,-1,-1,-1,-1,-1,-1,-1,-1,-1,-1,-1,-1,-1,-1,-1,-1,-1,-1,-1,-1,-1,-1,-1,-1,-1,0,-1,-1,-1,-1,-1,-1,-1,-1,-1,-1,-1,-1,-1,-1,-1,-1,-1,-1,1,12,1,3,1,58,1,7,-5,-21
2,2,2,2,2,2,2,2,0,0,0,0,3,0,0,0,0,0,2,0,0,0,0,0,0,0,0,0,0,0,0,0,-1,0,0,0,0,0,0,0,0,0,0,0,0,2,2,2,2,2,2,2,2,0,-1,0,0,-1,0,0,0,0,-1,-1,0,0,-1,0,0,0,-1,0,0,0,0,0,0,0,-1,0,-1,-1,0,0,0,-1,-1,-1,-1,-1,-1,-1,-1,0,0,-1,-1,-1,0,-1,-1,0,-1,0,-1,-1,0,0,-1,-1,0,-1,-1,-1,-1,-1,-1,-1,-1,-1,0,-1,-1,0,-1,-1,0,-1,-1,0,-1,-1,-1,-1,-1,-1,-1,-1,-1,-1,-1,-1,-1,-1,-1,-1,-1,-1,0,-1,-1,-1,-1,-1,-1,-1,-1,-1,-1,-1,1,12,0,3,1,54,0,7,-5,-21
2,2,2,2,2,2,2,2,0,0,0,0,2,0,0,0,0,0,3,0,0,0,0,0,0,0,0,0,0,0,0,0,0,0,0,0,0,0,0,0,0,0,0,-1,0,2,2,2,2,2,2,2,2,0,-1,0,0,0,0,-1,0,0,-1,0,0,0,-1,-1,0,-1,-1,0,0,-1,-1,0,0,0,-1,0,0,0,-1,0,0,0,0,-1,0,-1,0,-1,0,0,-1,-1,0,-1,-1,0,-1,0,-1,-1,-1,-1,-1,0,0,-1,0,0,-1,0,-1,-1,-1,0,-1,-1,-1,-1,-1,-1,-1,-1,-1,-1,-1,-1,-1,-1,-1,-1,-1,-1,-1,-1,-1,-1,-1,-1,-1,-1,-1,-1,-1,-1,-1,-1,-1,-1,-1,-1,-1,-1,-1,-1,-1,-1,1,12,0,3,1,54,1,7,-5,-21
2,2,2,2,2,2,2,2,0,0,0,0,2,0,0,0,0,0,3,0,0,0,0,0,0,0,0,0,0,0,0,0,0,0,0,0,0,0,0,0,0,0,0,-1,0,2,2,2,2,2,2,2,2,0,-1,0,0,0,0,-1,0,0,-1,0,0,0,-1,-1,0,-1,0,-1,0,-1,-1,0,0,0,0,0,0,-1,-1,-1,0,0,0,-1,0,-1,0,-1,0,0,0,0,0,-1,0,0,-1,0,-1,0,-1,0,-1,-1,-1,-1,-1,0,-1,-1,-1,-1,-1,-1,-1,-1,-1,-1,-1,-1,-1,-1,-1,-1,-1,-1,0,-1,-1,-1,-1,-1,-1,-1,-1,-1,-1,-1,-1,-1,-1,-1,-1,-1,-1,-1,-1,-1,-1,-1,-1,-1,-1,-1,-1,-1,1,12,1,3,1,58,1,7,-5,-21
2,2,2,2,2,2,2,2,0,0,0,0,2,0,0,0,0,0,3,0,0,0,0,0,0,0,0,0,0,0,0,0,0,0,0,0,0,0,0,0,0,0,0,-1,0,2,2,2,2,2,2,2,2,0,-1,0,0,0,0,-1,0,0,-1,0,0,0,-1,-1,0,-1,0,-1,0,-1,-1,0,0,0,0,0,0,-1,-1,0,0,0,0,-1,0,-1,0,0,0,0,0,0,0,-1,0,0,-1,0,-1,0,-1,0,-1,-1,-1,-1,-1,-1,-1,-1,-1,-1,-1,-1,-1,-1,-1,-1,-1,-1,-1,-1,-1,-1,-1,-1,-1,-1,-1,-1,-1,-1,-1,-1,-1,-1,-1,-1,-1,-1,-1,-1,-1,-1,-1,-1,-1,-1,-1,-1,-1,-1,-1,-1,-1,-1,1,12,0,3,1,58,1,7,-5,-21
2,2,2,2,2,2,2,2,0,0,0,0,2,0,0,0,0,0,-1,3,0,0,0,0,0,0,0,0,0,0,0,0,0,0,0,0,0,0,0,0,0,0,0,0,0,2,2,2,2,2,2,2,2,0,-1,0,0,0,0,-1,0,0,-1,0,0,0,0,-1,-1,0,0,0,-1,0,0,0,0,0,0,0,0,0,0,-1,-1,0,0,-1,-1,-1,-1,0,-1,0,-1,0,-1,-1,-1,-1,0,0,0,-1,0,-1,-1,-1,-1,-1,-1,-1,-1,-1,-1,-1,-1,-1,-1,-1,-1,-1,-1,-1,0,0,-1,-1,-1,-1,-1,-1,-1,-1,-1,-1,-1,-1,-1,-1,0,-1,-1,-1,-1,-1,-1,-1,-1,-1,-1,-1,-1,-1,-1,-1,-1,-1,-1,-1,1,12,0,3,1,54,0,7,-5,-21
2,2,2,2,2,2,2,2,0,0,0,0,3,0,0,0,0,0,2,0,0,0,0,0,0,0,0,0,0,0,-1,0,0,0,0,0,0,0,0,0,0,0,0,0,0,2,2,2,2,2,2,2,2,0,-1,0,0,0,0,0,-1,0,-1,-1,0,0,-1,0,0,0,-1,0,0,0,0,0,0,0,-1,0,-1,0,0,0,0,-1,-1,-1,-1,-1,-1,-1,-1,0,0,-1,-1,-1,0,-1,-1,0,-1,0,-1,-1,0,-1,-1,-1,0,-1,-1,-1,-1,-1,-1,-1,-1,-1,0,-1,-1,0,-1,-1,0,-1,-1,0,-1,-1,-1,-1,-1,-1,-1,-1,-1,-1,-1,-1,-1,-1,-1,-1,-1,-1,0,-1,-1,-1,-1,-1,-1,-1,-1,-1,-1,-1,1,12,0,3,1,54,0,7,-5,-21
2,2,2,2,2,2,2,2,0,0,0,0,3,0,0,0,0,0,2,0,0,0,0,0,0,0,0,0,0,0,-1,0,0,0,0,0,0,0,0,0,0,0,0,0,0,2,2,2,2,2,2,2,2,0,-1,0,0,0,0,0,-1,0,-1,-1,0,0,-1,-1,0,-1,-1,0,0,-1,-1,-1,0,0,-1,0,0,0,-1,0,0,0,0,-1,0,-1,0,-1,0,0,-1,-1,0,-1,-1,0,-1,0,-1,-1,-1,-1,-1,0,0,-1,-1,-1,-1,0,-1,-1,-1,-1,0,-1,-1,-1,-1,-1,-1,-1,-1,-1,-1,-1,-1,-1,0,-1,-1,-1,-1,-1,-1,0,-1,-1,-1,0,-1,-1,-1,0,-1,-1,-1,-1,-1,-1,-1,-1,-1,-1,-1,-1,1,12,0,3,1,58,0,7,-5,-21
2,2,2,2,2,2,2,2,0,0,0,0,2,0,0,0,0,0,3,0,0,0,0,0,0,0,0,0,-1,0,0,0,0,0,0,0,0,0,0,0,0,0,0,0,0,2,2,2,2,2,2,2,2,0,-1,0,0,0,0,0,0,0,-1,-1,0,0,-1,-1,0,-1,-1,0,0,-1,-1,0,0,0,-1,0,0,0,-1,0,0,0,0,-1,0,-1,0,-1,0,0,-1,-1,0,-1,-1,0,-1,0,0,-1,-1,-1,0,-1,0,-1,-1,-1,-1,0,-1,-1,-1,-1,0,-1,-1,-1,-1,-1,-1,-1,-1,-1,-1,-1,-1,-1,-1,-1,-1,-1,-1,-1,-1,-1,-1,-1,-1,-1,-1,-1,-1,-1,-1,-1,-1,-1,-1,0,-1,-1,-1,-1,-1,-1,1,12,1,3,1,54,0,7,-5,-21
2,2,2,2,2,2,2,2,0,0,0,0,2,0,0,0,0,0,3,0,0,0,0,0,0,0,0,0,-1,0,0,0,0,0,0,0,0,0,0,0,0,0,0,0,0,2,2,2,2,2,2,2,2,0,0,0,0,0,0,0,0,0,-1,-1,0,0,-1,-1,0,-1,-1,0,0,-1,-1,0,0,0,-1,-1,0,0,-1,0,0,0,0,-1,0,-1,0,-1,0,0,-1,-1,0,-1,-1,0,-1,0,0,-1,-1,-1,0,-1,0,-1,-1,-1,-1,0,-1,-1,-1,-1,0,-1,-1,-1,-1,-1,-1,-1,-1,-1,-1,-1,-1,-1,-1,-1,-1,-1,-1,0,-1,-1,-1,-1,-1,-1,-1,-1,-1,-1,-1,-1,-1,-1,-1,-1,-1,-1,-1,-1,-1,-1,1,12,1,3,1,54,0,7,-5,-21
2,2,2,2,2,2,2,2,0,0,0,0,3,0,0,0,0,0,2,0,0,0,0,0,0,0,0,0,0,0,0,0,-1,0,0,0,0,0,0,0,0,0,0,0,0,2,2,2,2,2,2,2,2,0,-1,0,0,-1,0,0,0,0,-1,-1,0,0,-1,0,0,0,-1,0,0,0,0,0,0,0,-1,0,-1,-1,0,-1,0,-1,-1,-1,-1,-1,-1,-1,-1,0,0,-1,-1,-1,0,-1,-1,0,-1,0,-1,-1,0,-1,-1,0,0,-1,-1,-1,-1,-1,-1,-1,-1,-1,0,-1,-1,0,-1,-1,0,-1,-1,0,-1,-1,-1,-1,-1,-1,-1,-1,-1,-1,-1,-1,-1,-1,0,-1,-1,-1,0,-1,-1,-1,-1,-1,-1,-1,-1,-1,-1,-1,1,12,0,3,1,54,0,7,-5,-21
0,2,2,2,2,2,2,2,0,0,0,0,0,0,0,0,0,0,0,0,0,0,0,0,0,0,0,0,0,0,0,0,0,0,0,0,0,0,0,0,0,0,0,2,2,2,2,2,2,2,0,0,0,0,0,0,-1,0,0,0,0,0,-1,3,2,2,3,-1,3,2,-1,-1,-1,0,3,-1,3,3,-1,2,-1,2,-1,0,0,3,0,3,3,2,3,2,0,0,0,2,2,-1,2,2,-1,3,2,2,-1,3,-1,2,-1,2,2,3,2,-1,2,0,-1,-1,-1,3,0,2,-1,3,0,3,2,2,0,0,2,-1,0,-1,-1,-1,-1,0,-1,-1,3,-1,0,0,-1,-1,3,-1,-1,3,-1,3,-1,0,-1,0,0,0,0,-1,1,12,1,3,1,59,0,4,-5,-21
2,2,2,2,2,2,2,2,0,0,0,0,2,0,0,0,0,0,3,0,0,0,0,0,0,0,0,0,0,0,0,0,0,0,0,0,0,0,0,0,0,0,0,-1,0,2,2,2,2,2,2,2,2,0,-1,0,0,0,0,-1,0,0,-1,0,0,0,-1,-1,0,-1,0,-1,-1,-1,-1,0,0,0,0,0,0,0,-1,0,0,0,-1,0,0,-1,0,-1,0,0,0,0,0,-1,0,0,-1,0,-1,0,-1,0,-1,-1,-1,-1,-1,-1,-1,-1,-1,-1,-1,-1,-1,-1,-1,-1,-1,-1,-1,-1,-1,-1,-1,-1,-1,-1,-1,-1,-1,-1,-1,-1,-1,-1,-1,-1,-1,-1,-1,-1,-1,0,-1,-1,-1,-1,-1,-1,-1,-1,-1,-1,-1,-1,1,12,0,3,1,54,1,7,-5,-21
2,2,2,2,2,2,2,2,0,0,0,0,3,0,0,0,0,0,2,0,0,0,0,0,0,0,0,0,0,0,-1,0,0,0,0,0,0,0,0,0,0,0,0,0,0,2,2,2,2,2,2,2,2,0,-1,0,0,0,0,0,-1,0,-1,-1,0,0,-1,-1,-1,-1,-1,0,0,-1,-1,-1,0,0,-1,0,0,0,-1,0,0,0,0,-1,0,-1,0,-1,0,0,-1,-1,0,0,-1,0,-1,0,0,-1,-1,-1,0,-1,0,-1,-1,0,-1,-1,0,-1,0,-1,-1,0,-1,-1,-1,-1,0,-1,-1,-1,-1,-1,-1,-1,-1,-1,-1,-1,-1,-1,-1,-1,-1,-1,-1,-1,-1,-1,-1,-1,-1,-1,-1,-1,-1,-1,-1,-1,-1,-1,-1,-1,1,12,0,3,1,57,0,7,-5,-21
2,2,2,2,2,2,2,2,0,0,0,0,2,0,0,0,0,0,3,0,0,0,0,0,0,0,0,0,0,0,0,0,0,0,0,0,0,0,0,0,0,0,0,-1,0,2,2,2,2,2,2,2,2,0,-1,0,0,0,0,-1,0,0,-1,0,0,0,-1,-1,0,-1,0,-1,-1,-1,-1,0,0,0,0,0,0,0,-1,0,0,0,-1,0,0,-1,0,-1,0,0,0,0,0,-1,0,0,-1,0,-1,0,-1,0,-1,-1,-1,-1,-1,-1,-1,-1,-1,-1,-1,-1,-1,-1,-1,-1,-1,-1,0,-1,-1,-1,-1,-1,-1,-1,-1,-1,-1,-1,-1,-1,-1,-1,-1,-1,-1,-1,-1,-1,-1,-1,-1,-1,-1,-1,-1,-1,-1,-1,-1,-1,-1,-1,1,12,1,3,1,54,1,7,-5,-21
2,2,2,2,2,2,2,2,0,0,0,0,2,0,0,0,0,0,3,0,0,0,0,0,0,0,0,0,0,0,0,0,0,0,0,0,0,0,0,0,0,0,0,-1,0,2,2,2,2,2,2,2,2,0,-1,0,0,0,0,-1,0,0,-1,0,0,0,-1,-1,0,-1,0,-1,0,0,-1,0,0,0,0,-1,0,0,-1,0,0,0,0,-1,0,-1,0,-1,0,0,0,0,0,-1,-1,-1,0,-1,-1,0,-1,-1,0,0,0,-1,-1,-1,-1,-1,-1,-1,-1,-1,-1,-1,-1,-1,-1,-1,-1,-1,-1,-1,-1,-1,-1,-1,-1,-1,-1,-1,-1,-1,-1,-1,-1,-1,-1,-1,-1,-1,-1,-1,-1,-1,-1,-1,-1,-1,-1,-1,-1,-1,-1,-1,1,12,1,3,1,54,0,7,-5,-21
2,2,2,2,2,2,2,2,0,0,0,0,2,0,0,0,0,0,3,0,0,0,0,0,0,0,0,0,-1,0,0,0,0,0,0,0,0,0,0,0,0,0,0,0,0,2,2,2,2,2,2,2,2,0,-1,0,0,0,0,0,0,-1,-1,-1,0,0,-1,-1,0,-1,-1,0,0,-1,-1,-1,0,0,-1,0,0,0,-1,0,0,0,0,-1,0,-1,0,-1,-1,0,-1,-1,0,-1,-1,0,-1,0,-1,-1,-1,-1,-1,0,0,0,-1,-1,-1,0,-1,-1,-1,-1,0,-1,-1,-1,-1,-1,-1,-1,-1,-1,-1,-1,-1,-1,0,-1,-1,-1,-1,-1,-1,0,-1,-1,-1,-1,-1,-1,-1,0,-1,-1,-1,0,-1,-1,-1,-1,-1,-1,-1,-1,1,12,0,3,1,54,1,7,-5,-21
2,2,2,2,2,2,2,2,0,0,0,0,2,0,0,0,0,0,3,0,0,0,0,0,0,0,0,0,0,0,0,0,0,0,0,0,0,0,0,0,0,0,0,-1,0,2,2,2,2,2,2,2,2,0,-1,0,0,0,0,-1,0,0,-1,0,0,0,-1,-1,0,-1,0,-1,0,0,-1,0,0,0,0,-1,0,0,-1,0,0,0,-1,-1,0,-1,0,-1,0,0,0,0,0,-1,0,0,-1,0,-1,0,-1,0,-1,-1,-1,-1,-1,0,-1,-1,-1,-1,-1,-1,-1,-1,-1,-1,-1,-1,-1,-1,-1,-1,-1,-1,-1,-1,-1,-1,-1,-1,-1,-1,-1,-1,-1,-1,-1,-1,-1,-1,-1,-1,-1,-1,-1,-1,-1,-1,-1,-1,-1,-1,-1,-1,1,12,1,3,1,54,0,7,-5,-21
2,2,2,2,2,2,2,2,0,0,0,0,3,0,0,0,0,0,2,0,0,0,0,0,0,0,0,0,0,0,-1,0,0,0,0,0,0,0,0,0,0,0,0,0,0,2,2,2,2,2,2,2,2,0,-1,0,0,0,0,0,-1,0,-1,-1,0,0,-1,-1,0,-1,-1,0,0,-1,-1,-1,0,0,-1,0,0,0,-1,0,0,0,0,-1,0,-1,0,-1,0,0,-1,-1,0,-1,-1,0,-1,0,-1,-1,-1,-1,-1,0,0,0,-1,-1,-1,0,-1,-1,-1,-1,0,-1,-1,-1,-1,-1,-1,-1,-1,-1,-1,-1,-1,-1,0,-1,-1,-1,-1,-1,-1,0,-1,-1,-1,-1,-1,-1,-1,0,-1,-1,-1,-1,-1,-1,-1,-1,-1,-1,-1,-1,1,12,1,3,1,58,0,7,-5,-21
2,2,2,2,2,2,2,2,0,0,0,0,2,0,0,0,0,0,3,0,0,0,0,0,0,0,0,0,-1,0,0,0,0,0,0,0,0,0,0,0,0,0,0,0,0,2,2,2,2,2,2,2,2,0,-1,0,0,0,0,0,0,0,-1,-1,0,0,-1,-1,0,-1,-1,0,0,-1,-1,0,0,0,-1,0,0,0,-1,0,0,0,0,-1,0,-1,0,-1,-1,0,-1,-1,-1,0,0,-1,0,-1,-1,0,-1,0,-1,-1,0,0,0,-1,-1,-1,-1,-1,-1,-1,-1,-1,-1,-1,-1,-1,-1,-1,-1,0,-1,-1,-1,-1,-1,-1,-1,-1,0,-1,-1,-1,-1,-1,-1,-1,-1,-1,-1,-1,-1,-1,-1,-1,-1,-1,-1,-1,-1,-1,-1,-1,1,12,1,3,1,54,0,7,-5,-21
2,2,2,2,2,2,2,2,0,0,0,0,2,0,0,0,0,0,3,0,0,-1,0,0,0,0,0,0,0,0,0,0,0,0,0,0,0,0,0,0,0,0,0,0,0,2,2,2,2,2,2,2,2,0,-1,-1,0,0,0,0,0,0,-1,-1,-1,0,0,-1,0,-1,-1,0,0,-1,-1,0,0,0,-1,0,0,0,-1,0,0,0,0,-1,0,-1,-1,-1,0,0,-1,-1,0,-1,-1,0,-1,0,0,0,-1,-1,0,-1,-1,-1,-1,-1,-1,0,-1,-1,0,-1,-1,-1,-1,-1,-1,-1,0,-1,-1,0,-1,-1,-1,-1,-1,-1,-1,-1,0,-1,-1,-1,-1,-1,-1,-1,-1,-1,-1,-1,-1,-1,-1,-1,-1,-1,-1,-1,-1,-1,-1,-1,1,12,0,3,1,54,1,7,-5,-21
2,2,2,2,2,2,2,2,0,0,0,0,2,0,0,0,0,0,-1,3,0,0,0,0,0,0,0,0,0,0,0,0,0,0,0,0,0,0,0,0,0,0,0,0,0,2,2,2,2,2,2,2,2,0,-1,0,0,0,0,0,0,0,-1,0,0,0,0,0,0,-1,0,0,0,0,-1,0,0,0,-1,0,-1,-1,0,0,0,0,0,-1,-1,-1,-1,0,0,-1,-1,-1,-1,-1,-1,0,-1,0,-1,-1,-1,-1,-1,-1,0,-1,-1,0,-1,0,-1,-1,-1,0,-1,-1,-1,-1,-1,-1,-1,-1,-1,-1,-1,0,-1,-1,-1,-1,-1,-1,-1,-1,-1,-1,-1,-1,-1,-1,-1,-1,-1,-1,-1,-1,-1,-1,-1,-1,-1,-1,-1,-1,-1,-1,1,12,0,3,1,55,1,7,-5,-21
2,2,2,2,2,2,2,2,0,0,0,0,2,0,0,0,0,0,-1,3,0,0,0,0,0,0,0,0,0,0,0,0,0,0,0,0,0,0,0,0,0,0,0,0,0,2,2,2,2,2,2,2,2,0,-1,-1,0,0,0,0,0,0,-1,-1,-1,0,0,-1,0,-1,-1,0,0,-1,-1,0,0,0,-1,0,0,0,-1,0,0,0,0,-1,0,-1,-1,-1,0,0,-1,-1,0,-1,-1,0,-1,0,0,0,-1,-1,0,-1,-1,-1,-1,-1,-1,0,-1,-1,0,-1,-1,-1,-1,-1,-1,-1,0,-1,0,0,-1,-1,-1,-1,-1,-1,-1,-1,-1,-1,-1,-1,-1,-1,-1,-1,-1,-1,-1,-1,-1,-1,-1,-1,-1,-1,-1,-1,-1,-1,-1,-1,1,12,0,3,1,54,1,7,-5,-21
2,2,2,2,2,2,2,2,0,0,0,0,3,0,0,0,0,0,2,0,0,0,0,0,0,0,0,0,0,0,-1,0,0,0,0,0,0,0,0,0,0,0,0,0,0,2,2,2,2,2,2,2,2,0,-1,0,0,0,0,0,0,0,-1,-1,0,0,0,-1,0,-1,0,0,0,0,-1,0,0,-1,-1,0,-1,-1,0,0,0,0,0,-1,-1,-1,-1,0,0,0,-1,-1,-1,-1,-1,0,-1,0,-1,-1,-1,-1,-1,-1,0,-1,0,0,-1,0,-1,-1,-1,-1,0,-1,-1,-1,-1,-1,-1,-1,-1,-1,-1,-1,-1,-1,-1,-1,-1,-1,-1,0,-1,-1,-1,-1,-1,-1,-1,-1,-1,-1,-1,-1,-1,-1,-1,-1,-1,-1,0,-1,-1,-1,1,12,1,3,1,54,0,7,-5,-21
2,2,2,2,2,2,2,2,0,0,0,0,3,0,0,0,0,0,2,0,0,0,0,0,0,0,0,0,0,0,-1,0,0,0,0,0,0,0,0,0,0,0,0,0,0,2,2,2,2,2,2,2,2,0,-1,0,0,0,-1,0,-1,0,-1,-1,-1,0,-1,-1,-1,-1,-1,0,0,-1,-1,-1,0,0,-1,0,0,0,-1,0,0,0,0,-1,0,-1,0,-1,0,0,-1,-1,0,0,-1,0,-1,0,-1,-1,-1,-1,-1,0,0,-1,-1,-1,-1,0,-1,-1,-1,-1,0,-1,-1,-1,-1,-1,-1,-1,-1,-1,-1,-1,-1,-1,0,0,-1,-1,-1,-1,-1,0,-1,-1,-1,-1,0,-1,-1,0,-1,-1,0,-1,-1,-1,-1,-1,-1,-1,-1,-1,1,12,1,3,1,54,0,7,-5,-21
2,2,2,2,2,2,2,2,0,0,0,0,2,0,0,0,0,0,3,0,0,0,0,0,0,0,0,0,0,0,0,0,0,0,0,0,0,0,0,0,0,0,0,-1,0,2,2,2,2,2,2,2,2,0,-1,-1,0,0,0,-1,0,0,-1,0,0,0,-1,-1,0,-1,0,-1,0,-1,-1,0,0,0,0,0,0,-1,-1,0,0,0,0,-1,0,-1,0,0,0,0,0,0,0,-1,0,0,-1,0,-1,-1,-1,-1,0,0,0,-1,-1,-1,-1,-1,-1,-1,-1,-1,-1,-1,-1,-1,-1,-1,-1,-1,-1,-1,-1,-1,-1,-1,-1,-1,-1,-1,-1,-1,-1,-1,-1,-1,-1,-1,-1,-1,-1,-1,-1,-1,-1,-1,-1,-1,-1,-1,-1,-1,-1,-1,1,12,1,3,1,58,1,7,-5,-21
2,2,2,2,2,2,2,2,0,0,0,0,3,0,0,0,0,0,2,0,0,0,0,0,0,0,0,0,0,0,0,0,0,0,0,0,0,0,0,0,0,0,0,-1,0,2,2,2,2,2,2,2,2,0,-1,0,0,0,0,0,0,0,-1,-1,0,0,-1,-1,0,-1,-1,0,0,-1,-1,0,0,0,-1,0,0,0,-1,0,0,0,0,-1,0,-1,0,-1,0,0,-1,-1,0,-1,-1,0,-1,0,-1,-1,-1,-1,-1,0,0,-1,0,0,-1,0,-1,-1,-1,0,-1,-1,-1,-1,-1,-1,-1,-1,-1,-1,-1,-1,-1,-1,-1,-1,-1,-1,-1,-1,-1,-1,-1,-1,-1,-1,-1,-1,-1,-1,-1,-1,-1,-1,-1,-1,-1,-1,-1,-1,-1,-1,1,12,1,3,1,54,0,7,-5,-21
2,2,2,2,2,2,2,2,0,0,0,0,2,0,0,0,0,0,3,0,0,0,0,0,0,0,0,0,0,0,-1,0,0,0,0,0,0,0,0,0,0,0,0,0,0,2,2,2,2,2,2,2,2,0,-1,0,0,0,0,0,-1,0,-1,-1,0,0,-1,-1,0,-1,-1,0,0,-1,-1,-1,0,0,-1,0,0,0,-1,0,0,0,0,-1,0,-1,0,-1,0,0,-1,-1,0,-1,-1,0,-1,0,-1,-1,-1,-1,-1,0,0,-1,-1,-1,-1,0,-1,-1,-1,-1,0,-1,-1,-1,-1,-1,-1,-1,-1,-1,-1,-1,-1,0,0,-1,-1,-1,-1,-1,-1,0,-1,-1,-1,-1,-1,-1,-1,0,-1,-1,-1,-1,-1,-1,-1,-1,-1,-1,-1,-1,1,12,0,3,1,56,0,7,-5,-21
2,2,2,2,2,2,2,2,0,0,0,0,3,0,0,0,0,0,2,0,0,0,0,0,0,0,0,0,0,0,-1,0,0,0,0,0,0,0,0,0,0,0,0,0,0,2,2,2,2,2,2,2,2,0,-1,0,0,0,0,0,0,0,-1,-1,0,0,-1,-1,0,-1,-1,0,0,-1,-1,-1,0,0,-1,0,0,0,-1,0,0,0,0,-1,0,-1,0,0,0,0,-1,-1,0,-1,-1,0,-1,-1,-1,-1,-1,-1,-1,0,0,-1,-1,-1,-1,0,-1,-1,-1,-1,0,-1,-1,-1,-1,-1,-1,-1,-1,-1,-1,-1,-1,0,0,-1,-1,-1,-1,0,-1,-1,-1,-1,-1,-1,-1,-1,-1,-1,-1,-1,-1,-1,-1,-1,-1,-1,-1,-1,-1,-1,1,12,1,3,1,61,1,7,-5,-21
2,2,2,2,2,2,2,2,0,0,0,0,3,0,0,0,0,0,2,0,0,0,0,0,0,0,0,0,0,0,-1,0,0,0,0,0,0,0,0,0,0,0,0,0,0,2,2,2,2,2,2,2,2,0,-1,0,0,0,0,0,-1,0,-1,-1,0,0,-1,-1,0,-1,-1,0,0,-1,-1,-1,0,0,-1,0,0,0,-1,0,0,0,0,-1,0,-1,0,-1,0,0,-1,0,0,-1,-1,0,-1,0,-1,-1,-1,-1,-1,0,0,-1,-1,-1,-1,0,-1,-1,-1,-1,0,-1,-1,-1,-1,-1,-1,-1,-1,-1,-1,-1,-1,0,-1,-1,-1,-1,-1,-1,-1,0,-1,-1,-1,-1,-1,-1,-1,0,-1,-1,-1,-1,-1,-1,-1,-1,-1,-1,-1,-1,1,12,0,3,1,58,0,7,-5,-21
0,2,2,2,2,2,2,2,0,0,0,0,0,0,0,0,0,0,0,0,0,0,0,0,0,0,0,0,0,0,0,0,0,0,0,0,0,0,0,0,0,0,0,2,2,2,2,2,2,2,0,0,0,0,0,0,-1,0,0,0,0,0,-1,3,2,2,3,-1,3,2,-1,-1,-1,0,3,-1,3,3,-1,2,-1,2,-1,0,0,3,0,3,3,2,3,2,0,0,0,2,2,-1,2,2,-1,3,2,2,-1,3,-1,2,-1,2,2,3,2,-1,2,0,-1,-1,-1,3,0,2,-1,3,0,3,2,2,0,0,2,-1,0,-1,-1,-1,-1,0,-1,-1,3,-1,0,0,-1,-1,3,-1,-1,3,-1,3,-1,0,0,-1,0,0,0,-1,1,9,1,3,1,59,0,4,-5,-21
2,2,2,2,2,2,2,2,0,0,0,0,3,0,0,0,0,0,2,0,0,0,0,0,0,0,0,0,0,0,-1,0,0,0,0,0,0,0,0,0,0,0,0,0,0,2,2,2,2,2,2,2,2,0,-1,0,0,0,0,0,-1,0,-1,-1,0,0,-1,-1,0,-1,-1,0,0,-1,-1,-1,0,0,-1,0,0,0,-1,0,0,0,0,-1,0,-1,0,-1,0,0,-1,-1,0,-1,-1,0,-1,0,-1,-1,-1,-1,-1,0,0,0,-1,-1,-1,0,-1,-1,-1,-1,0,-1,-1,-1,-1,-1,-1,-1,-1,-1,-1,-1,-1,-1,0,-1,-1,-1,-1,-1,-1,0,-1,-1,-1,-1,-1,-1,-1,0,-1,-1,-1,-1,-1,-1,-1,-1,-1,-1,-1,-1,1,12,0,3,1,59,0,7,-5,-21
0,2,2,2,2,2,2,2,0,0,0,0,0,0,0,0,0,0,0,0,0,0,0,0,0,0,0,0,0,0,0,0,0,0,0,0,0,0,0,0,0,0,0,2,2,2,2,2,2,2,0,0,0,0,0,0,-1,0,0,0,0,0,-1,3,2,2,3,-1,3,2,-1,-1,-1,0,3,-1,3,3,-1,2,-1,2,-1,0,0,3,0,3,3,2,3,2,0,0,0,2,2,-1,2,2,-1,3,2,2,-1,3,-1,2,-1,2,2,3,2,-1,2,0,-1,-1,-1,3,0,2,-1,3,0,3,2,2,0,0,2,-1,0,-1,-1,-1,-1,0,-1,-1,3,-1,0,0,-1,-1,3,-1,-1,3,-1,3,-1,0,-1,0,0,0,0,-1,1,14,0,3,0,59,1,4,-5,-21
2,2,2,2,2,2,2,2,0,0,0,0,2,0,0,0,0,0,3,0,0,0,0,0,0,0,0,0,-1,0,0,0,0,0,0,0,0,0,0,0,0,0,0,0,0,2,2,2,2,2,2,2,2,0,-1,0,0,0,0,0,0,0,-1,-1,0,0,-1,-1,0,-1,-1,0,0,-1,-1,0,0,0,-1,0,0,0,-1,0,0,0,-1,-1,0,-1,0,-1,0,0,-1,-1,0,-1,-1,0,0,0,0,-1,-1,-1,-1,0,0,-1,0,0,-1,0,-1,-1,-1,-1,-1,-1,-1,-1,-1,-1,-1,-1,-1,-1,-1,-1,-1,-1,-1,-1,-1,-1,-1,-1,-1,-1,-1,-1,-1,-1,-1,-1,-1,-1,-1,-1,-1,-1,-1,-1,-1,-1,-1,-1,-1,-1,1,12,1,3,1,54,0,7,-5,-21
2,2,2,2,2,2,2,2,0,0,0,0,2,0,0,0,0,0,3,0,0,0,0,0,0,0,0,0,0,0,0,0,0,0,0,0,0,0,0,0,0,0,0,-1,0,2,2,2,2,2,2,2,2,0,-1,0,0,0,0,-1,0,0,-1,0,0,0,-1,-1,0,-1,0,-1,0,-1,-1,0,0,0,0,0,0,-1,-1,-1,0,0,0,-1,0,-1,0,-1,0,0,0,0,0,-1,0,0,-1,0,-1,0,-1,0,-1,-1,-1,-1,-1,0,-1,-1,-1,-1,-1,-1,-1,-1,-1,-1,-1,-1,-1,-1,-1,-1,-1,-1,-1,-1,-1,-1,-1,-1,-1,-1,-1,-1,-1,-1,-1,-1,-1,0,-1,-1,-1,-1,-1,-1,-1,-1,-1,-1,-1,-1,-1,-1,1,12,1,3,1,58,1,7,-5,-21
2,2,2,2,2,2,2,2,0,0,0,0,3,0,0,0,0,0,2,0,0,0,0,0,0,0,0,0,0,0,-1,0,0,0,0,0,0,0,0,0,0,0,0,0,0,2,2,2,2,2,2,2,2,0,0,0,0,0,0,0,0,-1,-1,0,0,0,-1,0,0,-1,0,0,0,0,-1,0,0,0,0,-1,-1,0,0,-1,0,-1,0,-1,0,-1,-1,0,-1,-1,0,0,-1,-1,0,-1,-1,0,0,-1,-1,-1,0,-1,-1,-1,-1,0,-1,-1,0,-1,0,-1,-1,-1,-1,-1,-1,-1,-1,-1,-1,-1,-1,-1,-1,-1,-1,-1,-1,-1,-1,-1,-1,-1,-1,-1,-1,-1,-1,-1,-1,-1,-1,-1,-1,-1,-1,-1,-1,-1,-1,-1,-1,-1,1,12,0,3,1,58,0,7,-5,-21
0,2,2,2,2,2,2,2,0,0,0,0,0,0,0,0,0,0,0,0,0,0,0,0,0,0,0,0,0,0,0,0,0,0,0,0,0,0,0,0,0,0,0,2,2,2,2,2,2,2,0,0,0,0,0,0,-1,0,0,0,0,0,-1,3,2,2,3,-1,3,2,-1,-1,-1,0,3,-1,3,3,-1,2,-1,2,-1,0,0,3,0,3,3,2,3,2,0,0,0,2,2,-1,2,2,-1,3,2,2,-1,3,-1,2,-1,2,2,3,2,-1,2,0,-1,-1,-1,3,0,2,-1,3,0,3,2,2,0,0,2,-1,0,-1,-1,-1,-1,0,-1,-1,3,-1,0,0,-1,-1,3,-1,-1,3,-1,3,-1,0,-1,0,0,0,0,-1,1,9,1,3,1,59,1,7,-5,-21
2,2,2,2,2,2,2,2,0,0,0,0,3,0,0,0,0,0,2,0,0,0,0,0,0,0,0,0,0,0,-1,0,0,0,0,0,0,0,0,0,0,0,0,0,0,2,2,2,2,2,2,2,2,0,0,0,0,0,0,0,0,-1,-1,0,0,0,-1,0,0,-1,0,0,0,0,-1,0,-1,0,0,-1,-1,0,0,-1,0,-1,0,-1,0,-1,-1,0,-1,-1,0,-1,-1,-1,0,-1,-1,0,0,-1,-1,-1,0,-1,-1,-1,-1,0,-1,-1,0,-1,0,-1,-1,-1,-1,-1,-1,-1,-1,-1,-1,-1,-1,-1,-1,-1,0,-1,-1,-1,-1,-1,-1,-1,-1,-1,-1,-1,-1,-1,-1,-1,-1,-1,-1,-1,-1,-1,-1,0,-1,-1,-1,-1,1,12,0,3,1,58,1,7,-5,-21
2,2,2,2,2,2,2,2,0,0,0,0,3,0,0,0,0,0,2,0,0,0,0,0,0,0,0,0,0,0,0,0,-1,0,0,0,0,0,0,0,0,0,0,0,0,2,2,2,2,2,2,2,2,0,-1,0,0,-1,0,0,0,0,-1,-1,0,0,-1,-1,0,-1,-1,0,0,-1,-1,-1,0,0,-1,0,0,0,0,0,0,0,0,-1,0,-1,0,-1,0,0,-1,-1,0,-1,-1,0,-1,0,-1,-1,-1,-1,-1,0,0,-1,-1,-1,-1,0,-1,-1,-1,-1,0,-1,-1,-1,-1,-1,-1,-1,-1,-1,-1,-1,-1,-1,0,-1,0,-1,-1,-1,-1,-1,-1,-1,-1,0,-1,-1,-1,-1,-1,-1,-1,-1,-1,-1,-1,-1,-1,-1,-1,-1,1,12,0,3,1,54,0,7,-5,-21
2,2,2,2,2,2,2,2,0,0,0,0,3,0,0,0,0,0,2,0,0,0,0,0,0,0,0,0,0,0,-1,0,0,0,0,0,0,0,0,0,0,0,0,0,0,2,2,2,2,2,2,2,2,-1,-1,-1,0,0,0,0,-1,0,-1,-1,0,0,-1,-1,0,-1,-1,0,0,-1,-1,-1,0,0,-1,0,0,0,-1,0,0,0,0,-1,0,-1,0,-1,0,0,-1,-1,0,-1,-1,0,-1,0,-1,-1,-1,-1,-1,0,0,-1,-1,-1,-1,0,-1,-1,-1,-1,0,-1,-1,-1,-1,-1,-1,-1,-1,-1,-1,-1,-1,-1,0,-1,-1,-1,0,-1,-1,0,-1,-1,-1,-1,-1,0,-1,0,-1,-1,-1,-1,-1,-1,-1,-1,-1,-1,0,-1,1,12,0,3,1,54,0,7,-5,-21
2,2,2,2,2,2,2,2,0,0,0,0,2,0,0,0,0,0,3,0,0,0,0,0,0,0,0,0,-1,0,0,0,0,0,0,0,0,0,0,0,0,0,0,0,0,2,2,2,2,2,2,2,2,0,-1,0,0,0,0,0,0,0,-1,-1,0,0,0,0,0,-1,0,-1,-1,0,0,0,-1,0,0,0,0,-1,-1,0,0,-1,-1,-1,-1,0,-1,0,-1,0,0,-1,-1,-1,0,-1,-1,0,0,-1,-1,-1,0,-1,-1,0,0,-1,-1,-1,-1,-1,-1,-1,-1,-1,0,-1,-1,0,-1,-1,-1,-1,-1,-1,-1,-1,-1,-1,-1,-1,-1,-1,-1,-1,-1,-1,-1,-1,-1,-1,-1,-1,-1,-1,-1,-1,-1,-1,-1,-1,-1,0,-1,-1,1,12,1,3,1,57,1,7,-5,-21
2,2,2,2,2,2,2,2,0,0,0,0,3,0,0,0,0,0,2,0,0,0,0,0,0,0,0,0,0,0,-1,0,0,0,0,0,0,0,0,0,0,0,0,0,0,2,2,2,2,2,2,2,2,0,-1,0,0,0,0,0,-1,0,-1,-1,0,0,-1,0,0,0,-1,0,0,0,0,0,0,0,-1,0,-1,0,0,0,0,-1,-1,-1,-1,-1,-1,-1,-1,0,0,-1,-1,-1,0,-1,-1,0,-1,0,-1,-1,0,-1,-1,0,0,-1,-1,-1,-1,-1,-1,-1,-1,-1,0,-1,-1,0,-1,-1,-1,-1,-1,0,-1,0,-1,-1,-1,-1,-1,-1,-1,-1,-1,-1,-1,-1,-1,-1,-1,-1,-1,-1,-1,-1,-1,-1,-1,-1,-1,-1,-1,-1,1,12,0,3,1,54,0,7,-5,-21
0,2,2,2,2,2,2,2,0,0,0,0,0,0,0,0,0,0,0,0,0,0,0,0,0,0,0,0,0,0,0,0,0,0,0,0,0,0,0,0,0,0,0,2,2,2,2,2,2,2,0,0,0,0,0,0,-1,-1,0,0,0,0,0,3,2,2,3,-1,3,2,-1,-1,-1,0,3,-1,3,3,-1,2,-1,2,-1,0,0,3,0,3,3,2,3,2,0,0,0,2,2,-1,2,2,-1,3,2,2,-1,3,-1,2,-1,2,2,3,2,-1,2,0,-1,-1,-1,3,0,2,-1,3,0,3,2,2,0,0,2,-1,0,-1,-1,-1,-1,0,-1,-1,3,-1,0,0,-1,-1,3,-1,-1,3,-1,3,-1,0,-1,0,0,0,0,-1,1,9,1,3,1,51,1,1,-5,-21
2,2,2,2,2,2,2,2,0,0,0,0,3,0,0,0,0,0,2,0,0,0,0,0,0,0,0,0,0,0,-1,0,0,0,0,0,0,0,0,0,0,0,0,0,0,2,2,2,2,2,2,2,2,0,-1,-1,0,0,0,0,-1,0,-1,-1,0,0,-1,-1,0,-1,-1,0,0,-1,-1,-1,0,0,-1,0,0,0,-1,0,0,0,0,-1,0,-1,0,-1,0,0,-1,-1,0,-1,-1,0,-1,0,-1,-1,-1,-1,-1,0,0,-1,-1,-1,-1,0,-1,-1,-1,-1,0,-1,-1,-1,-1,-1,-1,-1,-1,-1,-1,-1,-1,-1,0,-1,-1,-1,0,-1,-1,0,-1,-1,-1,-1,-1,0,-1,0,-1,-1,-1,-1,-1,-1,-1,-1,-1,-1,-1,-1,1,12,0,3,1,58,0,7,-5,-21
2,2,2,2,2,2,2,2,0,0,0,0,2,0,0,0,0,0,3,0,0,0,0,0,0,0,0,0,0,0,0,0,0,0,0,0,0,0,0,0,0,0,0,-1,0,2,2,2,2,2,2,2,2,0,-1,0,0,0,0,-1,0,0,-1,0,0,0,-1,-1,0,-1,0,-1,0,-1,-1,0,0,0,0,0,0,0,-1,0,0,0,-1,-1,0,-1,0,-1,0,0,0,0,0,-1,-1,-1,-1,0,-1,0,-1,0,-1,-1,-1,-1,-1,0,-1,-1,0,-1,0,-1,-1,-1,-1,-1,-1,-1,-1,-1,-1,-1,-1,-1,-1,-1,-1,-1,-1,-1,-1,-1,-1,-1,-1,-1,-1,-1,-1,-1,-1,-1,-1,-1,-1,-1,-1,-1,-1,-1,-1,-1,-1,-1,1,12,0,3,1,54,1,7,-5,-21
2,2,2,2,2,2,2,2,0,0,0,0,3,0,0,0,0,0,2,0,0,0,0,0,0,0,0,0,0,0,-1,0,0,0,0,0,0,0,0,0,0,0,0,0,0,2,2,2,2,2,2,2,2,0,-1,-1,0,0,0,0,-1,0,-1,-1,0,0,-1,-1,0,-1,-1,0,0,-1,-1,-1,0,0,-1,0,0,0,-1,0,0,0,0,-1,0,-1,0,-1,0,0,-1,-1,0,-1,-1,0,-1,0,-1,-1,-1,-1,-1,0,0,-1,-1,-1,-1,0,-1,-1,-1,-1,0,-1,-1,-1,-1,-1,-1,-1,-1,-1,-1,-1,-1,-1,0,-1,-1,-1,0,-1,-1,0,-1,-1,-1,-1,-1,0,-1,0,-1,-1,-1,-1,-1,-1,-1,-1,-1,-1,-1,-1,1,12,0,3,1,55,0,7,-5,-21
2,2,2,2,2,2,2,2,0,0,0,0,3,0,0,0,0,0,2,0,0,0,0,0,0,0,0,0,0,0,-1,0,0,0,0,0,0,0,0,0,0,0,0,0,0,2,2,2,2,2,2,2,2,0,-1,0,0,0,0,0,0,-1,-1,0,0,0,0,0,0,-1,-1,0,0,0,-1,0,0,-1,-1,0,-1,-1,-1,0,0,0,0,-1,-1,-1,-1,0,0,0,-1,-1,-1,-1,-1,0,-1,0,-1,-1,-1,-1,0,-1,-1,0,0,-1,-1,-1,-1,-1,-1,-1,-1,-1,0,-1,-1,0,-1,-1,0,-1,-1,0,-1,-1,0,-1,-1,-1,-1,-1,-1,-1,-1,-1,-1,-1,-1,-1,-1,-1,-1,-1,-1,-1,-1,-1,-1,-1,-1,-1,-1,-1,1,12,0,3,1,54,0,7,-5,-21
2,2,2,2,2,2,2,2,0,0,0,0,3,0,0,0,0,0,2,0,0,0,0,0,0,0,0,0,0,0,-1,0,0,0,0,0,0,0,0,0,0,0,0,0,0,2,2,2,2,2,2,2,2,0,-1,0,-1,0,0,-1,0,0,-1,0,0,0,-1,-1,0,-1,0,0,0,0,-1,-1,0,0,0,0,0,0,-1,0,0,0,-1,-1,0,-1,0,-1,0,0,0,0,0,-1,-1,0,-1,-1,-1,0,-1,0,-1,-1,-1,-1,-1,0,-1,0,-1,-1,-1,-1,-1,-1,-1,0,-1,-1,-1,-1,-1,-1,-1,-1,-1,-1,-1,-1,-1,-1,-1,-1,-1,-1,-1,-1,-1,-1,-1,-1,-1,-1,-1,-1,-1,-1,-1,-1,-1,-1,-1,-1,-1,-1,1,12,0,3,1,57,0,7,-5,-21
2,2,2,2,2,2,2,2,0,0,0,0,3,0,0,0,0,0,2,0,0,0,0,0,0,0,0,0,0,0,-1,0,0,0,0,0,0,0,0,0,0,0,0,0,0,2,2,2,2,2,2,2,2,0,-1,0,0,0,0,0,-1,0,-1,-1,0,0,-1,-1,0,-1,-1,0,0,-1,-1,-1,0,0,-1,0,0,0,-1,0,0,0,0,-1,0,-1,0,-1,-1,0,0,-1,0,-1,-1,0,-1,0,-1,0,-1,-1,-1,0,0,0,-1,-1,-1,0,-1,-1,-1,-1,0,-1,-1,-1,-1,-1,-1,-1,-1,-1,-1,-1,-1,-1,0,-1,-1,-1,-1,-1,-1,-1,-1,-1,-1,-1,-1,-1,-1,0,-1,-1,-1,-1,-1,-1,-1,-1,-1,-1,-1,-1,1,12,0,3,1,54,0,7,-5,-21
2,2,2,2,2,2,2,2,0,0,0,0,3,0,0,0,0,0,2,0,0,0,0,0,0,0,0,0,0,0,-1,0,0,0,0,0,0,0,0,0,0,0,0,0,0,2,2,2,2,2,2,2,2,0,-1,0,0,0,0,-1,-1,0,-1,-1,0,0,-1,-1,0,-1,-1,0,0,-1,-1,-1,0,0,-1,0,0,0,-1,0,0,0,0,-1,0,-1,0,-1,0,0,-1,0,0,-1,-1,0,-1,0,-1,-1,-1,-1,-1,0,0,-1,-1,-1,-1,0,-1,-1,-1,-1,0,-1,-1,-1,-1,-1,-1,-1,-1,-1,-1,-1,-1,0,0,-1,-1,-1,-1,-1,-1,0,-1,-1,-1,-1,-1,-1,-1,0,-1,-1,-1,-1,-1,-1,-1,-1,-1,-1,-1,-1,1,12,0,3,1,56,0,7,-5,-21
2,2,2,2,2,2,2,2,0,0,0,0,3,0,0,0,0,0,2,0,0,0,0,0,0,0,0,0,0,0,-1,0,0,0,0,0,0,0,0,0,0,0,0,0,0,2,2,2,2,2,2,2,2,0,-1,0,0,0,0,0,-1,0,-1,-1,0,0,-1,-1,-1,-1,-1,0,0,-1,-1,-1,0,0,-1,0,0,0,-1,0,0,0,0,-1,0,-1,0,-1,0,0,-1,-1,0,0,-1,0,-1,0,-1,-1,-1,-1,-1,0,0,-1,-1,-1,-1,0,-1,-1,-1,-1,0,-1,-1,-1,-1,-1,-1,-1,-1,-1,-1,-1,-1,-1,0,-1,-1,-1,-1,-1,-1,0,-1,-1,-1,-1,-1,-1,-1,0,-1,-1,-1,0,-1,-1,-1,-1,-1,-1,-1,-1,1,12,0,3,1,54,1,7,-5,-21
2,2,2,2,2,2,2,2,0,0,0,0,2,0,0,0,0,0,3,0,0,0,0,0,0,0,0,0,0,0,0,0,0,0,0,0,0,0,0,0,0,0,0,-1,0,2,2,2,2,2,2,2,2,0,-1,0,0,0,0,-1,0,0,-1,0,0,0,-1,-1,0,-1,0,-1,0,-1,-1,0,0,0,0,0,0,-1,-1,-1,0,0,0,-1,0,-1,0,-1,0,0,0,0,0,-1,0,0,-1,0,-1,0,-1,0,-1,-1,-1,-1,-1,0,-1,-1,-1,-1,-1,-1,-1,-1,-1,-1,-1,-1,-1,-1,-1,-1,-1,-1,0,-1,-1,-1,-1,-1,-1,-1,-1,-1,-1,-1,-1,-1,-1,-1,-1,-1,-1,-1,-1,-1,-1,-1,-1,-1,-1,-1,-1,-1,1,12,1,3,1,60,1,7,-5,-21
2,2,2,2,2,2,2,2,0,0,0,0,3,0,0,0,0,0,2,0,0,0,0,0,0,0,0,0,0,0,-1,0,0,0,0,0,0,0,0,0,0,0,0,0,0,2,2,2,2,2,2,2,2,-1,-1,0,-1,-1,0,0,0,0,-1,-1,0,0,-1,0,0,0,-1,0,0,0,0,0,0,0,-1,0,-1,-1,0,0,0,-1,-1,-1,-1,-1,-1,-1,-1,0,0,-1,-1,-1,0,-1,-1,0,-1,0,-1,-1,0,-1,-1,0,0,-1,-1,-1,-1,-1,-1,-1,-1,-1,0,-1,-1,0,-1,-1,0,-1,-1,0,-1,-1,-1,-1,-1,-1,-1,-1,-1,-1,-1,-1,-1,-1,0,-1,-1,-1,0,-1,-1,-1,-1,-1,-1,0,-1,-1,-1,-1,1,12,0,3,1,54,0,7,-5,-21
2,2,2,2,2,2,2,2,0,0,0,0,2,0,0,0,0,0,-1,3,0,0,0,0,0,0,0,0,0,0,0,0,0,0,0,0,0,0,0,0,0,0,0,0,0,2,2,2,2,2,2,2,2,0,-1,0,0,-1,0,0,0,0,-1,0,0,0,0,0,0,-1,0,0,0,0,-1,0,0,0,-1,0,-1,-1,0,0,0,0,0,-1,-1,-1,-1,-1,0,-1,-1,0,0,-1,0,-1,-1,0,0,-1,-1,-1,-1,-1,0,-1,-1,0,-1,-1,0,-1,0,-1,-1,-1,-1,-1,-1,-1,-1,-1,-1,-1,-1,-1,-1,-1,-1,-1,-1,-1,-1,-1,-1,-1,-1,-1,-1,-1,-1,-1,-1,-1,-1,-1,-1,-1,-1,-1,-1,-1,-1,-1,-1,-1,1,12,0,3,1,59,1,7,-5,-21
2,2,2,2,2,2,2,2,0,0,0,0,3,0,0,0,0,0,2,0,0,0,0,0,0,0,0,0,0,0,-1,0,0,0,0,0,0,0,0,0,0,0,0,0,0,2,2,2,2,2,2,2,2,0,-1,0,0,0,0,0,-1,-1,-1,-1,0,0,-1,-1,0,-1,-1,0,0,-1,-1,-1,0,0,-1,0,0,0,-1,0,0,0,0,-1,0,-1,0,-1,0,0,-1,-1,0,-1,-1,0,-1,0,-1,-1,-1,-1,-1,0,0,-1,-1,-1,-1,0,-1,-1,-1,-1,0,-1,-1,-1,-1,-1,-1,-1,-1,-1,-1,0,-1,0,0,-1,-1,-1,-1,0,-1,0,-1,-1,-1,-1,-1,-1,-1,-1,-1,-1,-1,-1,-1,-1,-1,-1,-1,-1,-1,-1,1,12,0,3,1,58,0,7,-5,-21
2,2,2,2,2,2,2,2,0,0,0,0,3,0,0,0,0,0,2,0,0,0,0,0,0,0,0,0,0,0,-1,0,0,0,0,0,0,0,0,0,0,0,0,0,0,2,2,2,2,2,2,2,2,0,-1,0,0,0,0,0,0,0,-1,-1,0,0,-1,-1,0,-1,-1,0,0,-1,-1,-1,0,0,-1,0,0,0,-1,0,0,0,0,-1,0,-1,0,0,0,0,-1,-1,0,-1,-1,0,-1,-1,-1,-1,-1,-1,-1,0,0,-1,-1,-1,-1,0,-1,-1,-1,-1,0,-1,-1,-1,-1,-1,-1,-1,-1,-1,-1,-1,-1,0,0,-1,-1,-1,-1,0,-1,-1,-1,-1,-1,-1,-1,-1,-1,-1,-1,-1,-1,-1,-1,-1,-1,-1,-1,-1,-1,-1,1,12,1,3,1,66,1,7,-5,-21
0,2,2,2,2,2,2,2,0,0,0,0,0,0,0,0,0,0,0,0,0,0,0,0,0,0,0,0,0,0,0,0,0,0,0,0,0,0,0,0,0,0,0,2,2,2,2,2,2,2,0,0,0,0,0,0,-1,0,0,0,0,0,-1,3,2,2,3,-1,3,2,-1,-1,-1,0,3,-1,3,3,-1,2,-1,2,-1,0,0,3,0,3,3,2,3,2,0,0,0,2,2,-1,2,2,-1,3,2,2,-1,3,-1,2,-1,2,2,3,2,-1,2,0,-1,-1,-1,3,0,2,-1,3,0,3,2,2,0,0,2,-1,0,-1,-1,-1,-1,0,-1,-1,3,-1,0,0,-1,-1,3,-1,-1,3,-1,3,-1,0,-1,0,0,0,0,-1,1,12,1,3,0,57,1,4,-5,-21
2,2,2,2,2,2,2,2,0,0,0,0,3,0,0,0,0,0,2,0,0,0,0,0,0,0,0,0,0,0,-1,0,0,0,0,0,0,0,0,0,0,0,0,0,0,2,2,2,2,2,2,2,2,0,-1,0,0,0,0,0,-1,0,-1,-1,0,0,-1,-1,0,-1,-1,0,0,-1,-1,-1,0,0,-1,0,0,0,-1,0,0,0,0,-1,0,-1,0,-1,0,0,-1,0,0,-1,-1,0,-1,0,-1,-1,-1,-1,-1,0,0,-1,-1,-1,-1,-1,-1,-1,-1,-1,0,-1,-1,-1,-1,-1,-1,-1,-1,-1,-1,-1,-1,0,0,-1,-1,-1,-1,-1,-1,0,-1,-1,-1,-1,-1,-1,-1,0,-1,-1,-1,-1,-1,-1,-1,-1,-1,-1,-1,-1,1,12,0,3,1,58,0,7,-5,-21
2,2,2,2,2,2,2,2,0,0,0,0,2,0,0,0,0,0,-1,3,0,0,0,0,0,0,0,0,0,0,0,0,0,0,0,0,0,0,0,0,0,0,0,0,0,2,2,2,2,2,2,2,2,0,-1,0,0,0,0,0,0,0,-1,0,0,0,0,0,0,-1,0,0,0,0,-1,0,0,0,-1,0,-1,-1,0,0,0,0,0,-1,-1,-1,-1,0,0,-1,-1,-1,-1,-1,-1,0,-1,0,-1,-1,-1,-1,0,-1,0,-1,-1,0,-1,0,-1,-1,-1,0,-1,-1,-1,-1,-1,-1,-1,-1,-1,-1,-1,-1,-1,-1,-1,-1,-1,-1,-1,-1,-1,-1,-1,-1,-1,-1,-1,-1,-1,-1,-1,-1,-1,-1,-1,-1,-1,-1,-1,-1,-1,-1,1,12,0,3,1,55,1,7,-5,-21
2,2,2,2,2,2,2,2,0,0,0,0,2,0,0,0,0,0,3,0,0,0,0,0,0,0,0,0,0,0,0,0,0,0,0,0,0,0,0,0,0,0,0,-1,0,2,2,2,2,2,2,2,2,0,0,0,0,0,0,0,0,0,-1,-1,0,0,0,0,0,-1,0,-1,-1,0,-1,0,-1,-1,0,-1,0,0,-1,0,0,0,0,-1,-1,-1,-1,0,-1,0,0,0,-1,-1,-1,-1,0,0,0,-1,-1,-1,0,0,0,-1,-1,-1,-1,-1,-1,-1,-1,-1,-1,-1,-1,-1,-1,-1,-1,0,-1,-1,-1,0,-1,-1,-1,-1,-1,-1,-1,-1,-1,-1,-1,-1,-1,-1,-1,-1,-1,-1,-1,-1,-1,-1,-1,-1,-1,-1,-1,-1,-1,-1,1,12,0,3,1,58,1,7,-5,-21
2,2,2,2,2,2,2,2,0,0,0,0,3,0,0,0,0,0,2,0,0,0,0,0,0,0,0,0,0,0,-1,0,0,0,0,0,0,0,0,0,0,0,0,0,0,2,2,2,2,2,2,2,2,0,-1,0,0,0,0,0,0,0,-1,-1,0,0,0,-1,0,0,0,0,0,0,-1,-1,-1,-1,0,0,-1,0,0,0,-1,-1,-1,0,0,-1,-1,0,-1,0,-1,-1,-1,-1,-1,-1,0,-1,-1,-1,-1,0,-1,-1,0,0,0,0,-1,-1,-1,-1,0,0,0,-1,0,-1,-1,-1,-1,-1,-1,-1,-1,-1,-1,-1,-1,-1,-1,-1,-1,-1,-1,-1,-1,-1,-1,-1,-1,-1,-1,-1,-1,-1,-1,-1,-1,-1,-1,-1,-1,-1,-1,-1,1,12,0,3,1,58,0,7,-5,-21
2,2,2,2,2,2,2,2,0,0,0,0,2,0,0,0,0,0,3,0,0,0,0,0,0,0,0,0,0,0,0,0,0,0,0,0,0,0,0,0,0,0,0,-1,0,2,2,2,2,2,2,2,2,0,-1,0,0,0,0,-1,0,0,-1,0,0,0,-1,-1,0,-1,0,-1,0,-1,-1,0,0,-1,0,0,0,0,-1,0,-1,0,0,-1,0,-1,0,-1,0,0,0,0,0,-1,-1,0,-1,0,0,0,-1,-1,0,-1,0,-1,-1,-1,-1,0,-1,-1,-1,-1,-1,-1,-1,-1,-1,-1,-1,-1,-1,-1,-1,-1,-1,-1,-1,-1,-1,-1,-1,-1,-1,-1,-1,-1,-1,-1,-1,-1,-1,-1,-1,-1,-1,-1,-1,-1,-1,-1,-1,-1,-1,-1,1,12,1,3,1,54,1,7,-5,-21
2,2,2,2,2,2,2,2,0,0,0,0,2,0,0,0,0,0,3,0,0,0,0,0,0,0,0,0,0,0,0,0,0,0,0,0,0,0,0,0,0,0,0,-1,0,2,2,2,2,2,2,2,2,0,-1,0,0,0,0,-1,0,0,-1,0,-1,0,-1,-1,0,-1,0,-1,0,-1,-1,-1,0,0,0,0,0,-1,-1,-1,0,0,0,-1,0,-1,0,-1,0,0,0,0,0,-1,0,0,-1,0,-1,0,-1,0,-1,-1,-1,-1,-1,0,-1,-1,-1,-1,-1,-1,-1,-1,-1,-1,-1,-1,-1,-1,-1,-1,0,-1,-1,-1,-1,-1,-1,-1,-1,-1,-1,0,-1,-1,-1,-1,-1,-1,0,-1,-1,-1,-1,-1,-1,-1,-1,-1,-1,-1,-1,-1,1,12,0,3,1,54,0,7,-5,-21
2,2,2,2,2,2,2,2,0,0,0,0,2,0,0,0,0,0,3,0,0,-1,0,0,0,0,0,0,0,0,0,0,0,0,0,0,0,0,0,0,0,0,0,0,0,2,2,2,2,2,2,2,2,0,-1,0,0,0,0,0,-1,0,-1,-1,0,0,-1,-1,0,-1,-1,0,0,-1,-1,-1,0,0,-1,0,0,0,-1,0,0,0,0,-1,0,-1,0,-1,0,0,-1,-1,0,-1,-1,0,-1,0,-1,-1,-1,-1,-1,0,0,-1,-1,-1,-1,0,-1,-1,-1,-1,0,-1,-1,-1,-1,-1,-1,-1,-1,-1,-1,-1,-1,-1,0,-1,-1,-1,-1,-1,-1,0,-1,-1,-1,-1,-1,-1,-1,0,-1,-1,-1,0,-1,-1,-1,-1,-1,-1,-1,-1,1,12,1,3,1,58,0,7,-5,-21
2,2,2,2,2,2,2,2,0,0,0,0,2,0,0,0,0,0,3,0,0,0,0,0,0,0,0,0,0,0,0,0,0,0,0,0,0,0,0,0,0,0,0,-1,0,2,2,2,2,2,2,2,2,0,-1,0,0,0,0,-1,0,0,0,0,0,0,-1,-1,0,-1,0,-1,0,-1,-1,0,0,0,0,0,0,-1,-1,0,0,0,0,-1,0,-1,0,-1,0,0,0,0,0,-1,0,0,-1,0,-1,0,-1,0,-1,-1,-1,-1,-1,-1,-1,-1,-1,-1,-1,-1,-1,-1,-1,-1,-1,-1,-1,-1,-1,-1,-1,-1,-1,-1,-1,-1,-1,-1,-1,-1,-1,-1,-1,-1,-1,-1,-1,-1,-1,-1,-1,-1,-1,-1,-1,-1,-1,-1,-1,-1,-1,-1,1,12,1,3,1,54,0,7,-5,-21
2,2,2,2,2,2,2,2,0,0,0,0,3,0,0,0,0,0,2,0,0,0,0,0,0,0,0,0,0,0,-1,0,0,0,0,0,0,0,0,0,0,0,0,0,0,2,2,2,2,2,2,2,2,0,-1,0,0,0,0,0,-1,0,-1,-1,0,0,-1,-1,0,-1,-1,0,0,-1,-1,-1,0,0,-1,0,0,0,-1,0,0,0,0,-1,0,-1,0,-1,0,-1,-1,0,0,-1,-1,0,-1,0,-1,-1,-1,-1,-1,0,0,-1,-1,-1,-1,0,-1,-1,-1,-1,0,0,-1,-1,-1,-1,-1,-1,-1,-1,-1,-1,-1,0,-1,-1,-1,-1,-1,-1,-1,0,-1,-1,-1,-1,-1,-1,-1,0,-1,-1,-1,-1,-1,-1,-1,-1,-1,-1,-1,-1,1,12,0,3,1,58,0,7,-5,-21
2,2,2,2,2,2,2,2,0,0,0,0,2,0,0,0,0,0,-1,3,0,0,0,0,0,0,0,0,0,0,0,0,0,0,0,0,0,0,0,0,0,0,0,0,0,2,2,2,2,2,2,2,2,0,-1,0,0,-1,0,0,0,0,-1,-1,0,0,-1,-1,0,-1,-1,0,0,-1,-1,0,0,0,-1,0,0,0,-1,0,0,0,0,-1,0,-1,0,-1,0,0,-1,-1,0,-1,-1,0,-1,0,-1,-1,-1,-1,-1,0,0,-1,0,0,-1,0,-1,-1,-1,0,-1,-1,-1,-1,-1,-1,-1,-1,-1,-1,-1,-1,-1,-1,-1,-1,-1,-1,-1,-1,-1,-1,-1,-1,-1,-1,-1,-1,-1,-1,-1,-1,-1,0,-1,-1,-1,-1,-1,-1,-1,-1,1,12,1,3,1,59,0,7,-5,-21
2,2,2,2,2,2,2,2,0,0,0,0,2,0,0,0,0,0,3,0,0,0,0,0,0,0,0,0,-1,0,0,0,0,0,0,0,0,0,0,0,0,0,0,0,0,2,2,2,2,2,2,2,2,0,-1,0,0,0,0,0,0,0,-1,-1,0,0,-1,-1,0,-1,-1,0,0,-1,-1,0,0,0,-1,0,0,0,-1,0,0,0,0,-1,0,-1,0,-1,0,0,-1,0,0,-1,-1,0,-1,0,0,-1,-1,-1,0,-1,0,-1,-1,-1,-1,-1,0,-1,0,-1,-1,-1,-1,-1,-1,-1,-1,-1,-1,-1,-1,-1,-1,-1,-1,-1,-1,-1,-1,-1,-1,-1,-1,-1,-1,-1,-1,-1,-1,-1,-1,-1,-1,-1,-1,-1,-1,-1,-1,-1,-1,-1,1,12,1,3,1,54,1,7,-5,-21
2,2,2,2,2,2,2,2,0,0,0,0,2,0,0,0,0,0,3,0,0,0,0,0,0,0,0,0,-1,0,0,0,0,0,0,0,0,0,0,0,0,0,0,0,0,2,2,2,2,2,2,2,2,0,-1,0,0,0,0,0,0,0,-1,-1,0,0,-1,-1,0,-1,-1,0,0,-1,-1,0,0,0,-1,0,0,0,-1,0,0,0,0,-1,0,-1,0,-1,0,0,-1,-1,0,-1,-1,0,-1,0,0,-1,-1,-1,0,-1,0,-1,-1,-1,-1,0,-1,-1,-1,-1,0,-1,-1,-1,-1,-1,-1,-1,0,-1,-1,-1,-1,-1,-1,-1,-1,-1,-1,-1,-1,-1,-1,-1,-1,-1,-1,-1,-1,-1,-1,-1,-1,-1,-1,-1,-1,-1,-1,-1,-1,-1,1,12,1,3,1,54,1,7,-5,-21
2,2,2,2,2,2,2,2,0,0,0,0,3,0,0,0,0,0,2,0,0,0,0,0,0,0,0,0,0,0,0,0,0,0,0,0,0,0,0,0,0,0,0,-1,0,2,2,2,2,2,2,2,2,0,-1,0,0,0,0,0,0,0,-1,-1,0,0,-1,-1,0,-1,-1,0,0,-1,-1,0,0,0,-1,0,0,0,-1,0,0,0,0,-1,0,-1,0,-1,0,0,-1,-1,0,-1,-1,0,-1,0,-1,-1,-1,-1,-1,0,0,-1,0,0,-1,0,-1,-1,-1,0,-1,-1,-1,-1,-1,-1,-1,-1,-1,-1,-1,-1,-1,-1,-1,-1,-1,-1,-1,-1,-1,-1,-1,-1,-1,-1,-1,-1,-1,-1,-1,-1,-1,-1,-1,-1,-1,-1,-1,-1,-1,-1,1,12,0,3,1,54,0,7,-5,-21
2,2,2,2,2,2,2,2,0,0,0,0,2,0,0,0,0,0,3,0,0,0,0,0,0,0,0,0,-1,0,0,0,0,0,0,0,0,0,0,0,0,0,0,0,0,2,2,2,2,2,2,2,2,0,-1,0,0,0,0,0,0,0,-1,-1,0,0,-1,-1,0,-1,-1,0,0,-1,-1,0,0,0,-1,0,0,0,-1,0,0,0,-1,-1,0,-1,0,-1,-1,0,0,-1,-1,-1,0,-1,-1,0,-1,0,-1,0,0,-1,-1,0,0,-1,-1,-1,-1,-1,-1,-1,-1,-1,0,-1,-1,0,-1,-1,-1,-1,-1,0,-1,-1,-1,-1,-1,-1,-1,-1,-1,-1,-1,-1,-1,-1,-1,-1,-1,-1,-1,-1,-1,-1,-1,-1,-1,-1,-1,-1,-1,-1,1,12,0,3,1,54,0,7,-5,-21
2,2,2,2,2,2,2,2,0,0,0,0,2,0,0,0,0,0,3,0,0,0,0,0,0,0,0,0,-1,0,0,0,0,0,0,0,0,0,0,0,0,0,0,0,0,2,2,2,2,2,2,2,2,0,-1,0,0,0,0,0,0,0,-1,-1,0,0,-1,-1,0,-1,-1,0,0,-1,-1,0,0,0,-1,-1,0,0,-1,0,0,0,0,-1,0,-1,0,-1,0,0,-1,-1,0,-1,-1,0,-1,0,0,-1,-1,-1,0,-1,0,-1,0,-1,-1,-1,0,-1,0,-1,-1,-1,-1,-1,0,-1,-1,-1,-1,-1,-1,-1,-1,-1,-1,-1,-1,-1,-1,-1,-1,-1,-1,-1,-1,-1,-1,-1,-1,-1,-1,-1,-1,-1,-1,-1,-1,-1,-1,-1,-1,-1,1,12,1,3,1,58,0,7,-5,-21
2,2,2,2,2,2,2,2,0,0,0,0,2,0,0,0,0,0,-1,3,0,0,0,0,0,0,0,0,0,0,0,0,0,0,0,0,0,0,0,0,0,0,0,0,0,2,2,2,2,2,2,2,2,0,-1,0,0,-1,0,0,0,0,-1,0,0,0,0,0,0,-1,-1,0,0,0,-1,0,0,0,-1,0,-1,-1,0,0,0,0,0,-1,-1,-1,-1,0,0,0,-1,0,-1,-1,-1,0,-1,0,-1,-1,-1,-1,-1,-1,0,-1,-1,0,-1,0,-1,-1,-1,0,-1,-1,-1,-1,-1,-1,-1,-1,-1,-1,-1,-1,-1,-1,-1,-1,-1,-1,-1,-1,-1,-1,-1,-1,-1,-1,-1,-1,-1,-1,-1,-1,-1,-1,-1,-1,-1,-1,-1,-1,0,-1,1,12,0,3,1,55,0,7,-5,-21
2,2,2,2,2,2,2,2,0,0,0,0,2,0,0,0,0,0,3,0,0,0,0,0,0,0,0,0,-1,0,0,0,0,0,0,0,0,0,0,0,0,0,0,0,0,2,2,2,2,2,2,2,2,0,-1,0,0,0,0,0,0,0,-1,-1,0,0,-1,-1,0,-1,-1,0,0,-1,-1,0,0,0,-1,0,0,0,-1,0,0,0,0,-1,0,-1,0,-1,0,0,-1,-1,0,-1,-1,0,-1,0,0,-1,-1,-1,0,-1,0,-1,-1,-1,-1,0,-1,-1,-1,-1,0,-1,-1,-1,-1,-1,-1,-1,-1,-1,-1,-1,-1,-1,-1,-1,-1,-1,-1,-1,-1,-1,-1,-1,-1,-1,-1,-1,-1,-1,-1,-1,-1,-1,-1,0,-1,-1,-1,-1,-1,-1,1,12,1,3,1,57,0,7,-5,-21
2,2,2,2,2,2,2,2,0,0,0,0,2,0,0,0,0,0,-1,3,0,0,0,0,0,0,0,0,0,0,0,0,0,0,0,0,0,0,0,0,0,0,0,0,0,2,2,2,2,2,2,2,2,0,-1,0,0,0,0,0,0,0,-1,0,0,0,0,0,0,-1,0,0,0,0,-1,0,0,0,-1,0,-1,-1,0,0,0,0,0,-1,-1,-1,-1,0,0,-1,-1,-1,-1,-1,-1,0,-1,0,-1,-1,-1,-1,-1,-1,0,-1,-1,0,-1,0,-1,-1,-1,0,-1,-1,-1,-1,-1,-1,-1,-1,-1,-1,-1,0,-1,-1,-1,-1,-1,-1,-1,-1,-1,-1,-1,-1,-1,-1,-1,-1,-1,-1,-1,-1,-1,-1,-1,-1,-1,-1,-1,-1,-1,-1,1,12,0,3,1,55,0,7,-5,-21
2,2,2,2,2,2,2,2,0,0,0,0,2,0,0,0,0,0,3,0,0,0,0,0,0,0,0,0,0,0,0,0,0,0,0,0,0,0,0,0,0,0,0,-1,0,2,2,2,2,2,2,2,2,0,-1,0,0,0,0,-1,0,0,-1,0,0,0,-1,-1,0,-1,0,-1,0,-1,-1,0,0,0,0,0,-1,-1,0,0,-1,-1,0,-1,0,-1,-1,0,-1,0,-1,-1,-1,-1,-1,-1,0,-1,-1,-1,-1,0,-1,-1,0,0,0,0,-1,-1,-1,0,0,0,0,-1,0,-1,-1,-1,0,-1,-1,-1,-1,-1,-1,-1,-1,-1,-1,-1,-1,-1,-1,-1,-1,-1,-1,-1,-1,-1,-1,-1,-1,-1,-1,-1,-1,-1,-1,-1,-1,-1,-1,-1,1,12,1,3,1,54,0,7,-5,-21
2,2,2,2,2,2,2,2,0,0,0,0,3,0,0,0,0,0,2,0,0,0,0,0,0,0,0,0,0,0,-1,0,0,0,0,0,0,0,0,0,0,0,0,0,0,2,2,2,2,2,2,2,2,0,-1,0,0,0,0,0,-1,0,-1,-1,0,0,-1,-1,0,-1,-1,0,0,-1,-1,-1,0,0,-1,0,0,0,-1,0,0,0,0,-1,0,-1,0,-1,0,-1,-1,-1,0,-1,-1,0,-1,0,-1,-1,-1,-1,-1,0,0,-1,-1,-1,-1,0,-1,-1,-1,-1,0,-1,-1,-1,-1,-1,-1,-1,-1,-1,-1,-1,-1,-1,0,-1,-1,-1,-1,-1,-1,0,-1,-1,-1,-1,-1,-1,-1,0,-1,-1,-1,0,-1,-1,-1,-1,-1,-1,0,-1,1,12,0,3,1,54,1,7,-5,-21
2,2,2,2,2,2,2,2,0,0,0,0,2,0,0,0,0,0,3,0,0,0,0,0,0,0,0,0,0,0,0,0,0,0,0,0,0,0,0,0,0,0,0,-1,0,2,2,2,2,2,2,2,2,0,-1,0,0,0,0,-1,0,0,-1,0,-1,0,-1,-1,0,-1,0,-1,0,-1,-1,0,0,0,0,0,0,-1,-1,-1,0,0,0,-1,0,-1,0,-1,0,0,0,0,0,-1,0,0,-1,0,-1,0,-1,0,-1,-1,-1,-1,-1,0,-1,-1,-1,0,-1,-1,-1,-1,-1,-1,-1,-1,-1,-1,-1,-1,0,-1,-1,-1,-1,-1,-1,-1,-1,-1,-1,-1,-1,-1,-1,-1,-1,-1,-1,-1,-1,-1,-1,-1,-1,-1,-1,-1,-1,-1,-1,-1,1,12,1,3,1,58,1,7,-5,-21
2,2,2,2,2,2,2,2,0,0,0,0,2,0,0,0,0,0,3,0,0,0,0,0,0,0,0,0,0,0,0,0,0,0,0,0,0,0,0,0,0,0,0,-1,0,2,2,2,2,2,2,2,2,0,-1,-1,0,0,0,-1,0,0,-1,0,0,0,-1,-1,0,0,0,-1,0,-1,-1,0,0,0,0,0,0,-1,-1,0,0,0,0,-1,0,-1,0,0,0,0,0,0,-1,-1,0,0,-1,0,-1,-1,-1,-1,0,0,0,-1,-1,-1,-1,-1,-1,-1,-1,-1,-1,-1,-1,-1,-1,-1,-1,-1,-1,-1,-1,-1,-1,-1,-1,-1,-1,-1,-1,-1,-1,-1,-1,-1,-1,-1,-1,-1,-1,-1,-1,-1,-1,-1,-1,-1,-1,-1,-1,-1,-1,-1,1,12,1,3,1,58,1,7,-5,-21
2,2,2,2,2,2,2,2,0,0,0,0,3,0,0,0,0,0,2,0,0,0,0,0,0,0,0,0,0,0,-1,0,0,0,0,0,0,0,0,0,0,0,0,0,0,2,2,2,2,2,2,2,2,0,-1,0,0,0,0,0,-1,0,-1,-1,0,0,-1,-1,0,-1,-1,0,0,-1,-1,-1,0,0,-1,0,0,0,-1,0,0,0,0,-1,0,-1,0,-1,0,0,-1,-1,0,-1,-1,0,-1,0,-1,-1,-1,-1,-1,0,0,-1,-1,-1,-1,0,-1,-1,-1,-1,0,-1,-1,-1,-1,-1,-1,-1,-1,-1,-1,-1,-1,0,0,-1,-1,-1,0,-1,-1,0,-1,-1,-1,-1,-1,-1,-1,-1,-1,-1,-1,-1,-1,-1,-1,-1,-1,-1,-1,-1,1,12,0,3,1,56,0,7,-5,-21
2,2,2,2,2,2,2,2,0,0,0,0,3,0,0,0,0,0,2,0,0,0,0,0,0,0,0,0,0,0,-1,0,0,0,0,0,0,0,0,0,0,0,0,0,0,2,2,2,2,2,2,2,2,0,-1,0,0,0,0,0,-1,0,-1,-1,0,0,-1,-1,0,-1,-1,-1,0,-1,-1,-1,0,0,-1,0,0,0,-1,0,0,0,0,-1,0,-1,0,-1,0,0,-1,-1,0,-1,-1,0,-1,0,-1,-1,-1,-1,-1,0,0,0,-1,-1,-1,0,-1,-1,-1,-1,0,-1,-1,-1,-1,-1,-1,-1,-1,-1,-1,-1,-1,-1,0,-1,-1,-1,-1,-1,-1,0,-1,-1,-1,-1,-1,-1,-1,0,-1,-1,-1,0,-1,-1,-1,-1,-1,-1,-1,-1,1,12,1,3,1,58,0,7,-5,-21
2,2,2,2,2,2,2,2,0,0,0,0,2,0,0,0,0,0,3,0,0,0,0,0,0,0,0,0,0,0,0,0,0,0,0,0,0,0,0,0,0,0,0,-1,0,2,2,2,2,2,2,2,2,0,-1,0,0,-1,0,0,0,0,-1,-1,0,0,-1,0,0,0,-1,0,0,0,0,0,0,0,-1,0,-1,-1,0,0,0,-1,-1,-1,-1,-1,-1,-1,-1,0,0,-1,-1,-1,0,-1,-1,0,-1,0,-1,-1,0,-1,-1,0,0,-1,-1,-1,-1,-1,-1,-1,-1,-1,0,-1,-1,0,-1,-1,-1,-1,-1,0,-1,-1,-1,-1,-1,-1,-1,-1,-1,-1,-1,-1,-1,-1,-1,-1,-1,-1,0,-1,-1,-1,-1,-1,0,-1,-1,-1,-1,-1,1,12,1,3,1,54,1,7,-5,-21
2,2,2,2,2,2,2,2,0,0,0,0,2,0,0,0,0,0,-1,3,0,0,0,0,0,0,0,0,0,0,0,0,0,0,0,0,0,0,0,0,0,0,0,0,0,2,2,2,2,2,2,2,2,0,-1,0,0,-1,0,0,0,0,-1,0,0,0,0,0,0,-1,0,0,0,0,-1,0,0,0,-1,0,-1,-1,0,0,0,0,0,-1,-1,-1,-1,0,0,0,-1,-1,-1,-1,-1,0,-1,0,-1,-1,-1,-1,-1,-1,0,-1,-1,0,-1,0,-1,-1,-1,0,-1,-1,-1,-1,-1,-1,-1,-1,-1,-1,-1,-1,-1,-1,0,-1,-1,-1,-1,-1,-1,-1,-1,-1,-1,-1,-1,-1,-1,-1,-1,-1,-1,-1,-1,-1,-1,-1,-1,-1,-1,-1,1,12,0,3,1,59,0,7,-5,-21
2,2,2,2,2,2,2,2,0,0,0,0,3,0,0,0,0,0,2,0,0,0,0,0,0,0,0,0,0,0,-1,0,0,0,0,0,0,0,0,0,0,0,0,0,0,2,2,2,2,2,2,2,2,0,-1,0,0,0,0,0,-1,0,-1,-1,0,0,-1,-1,0,-1,-1,0,0,-1,-1,-1,0,0,-1,0,0,0,-1,0,0,0,0,-1,0,-1,0,-1,0,0,-1,-1,0,-1,-1,0,-1,0,-1,-1,-1,-1,-1,0,0,-1,-1,-1,-1,0,-1,-1,-1,-1,0,-1,-1,-1,-1,-1,-1,-1,-1,-1,-1,-1,-1,-1,-1,-1,-1,-1,-1,-1,-1,0,-1,-1,-1,-1,0,-1,-1,0,-1,-1,-1,0,-1,-1,-1,-1,-1,-1,-1,-1,1,12,0,3,1,57,0,7,-5,-21
2,2,2,2,2,2,2,2,0,0,0,0,3,0,0,0,0,0,2,0,0,0,0,0,0,0,0,0,0,0,-1,0,0,0,0,0,0,0,0,0,0,0,0,0,0,2,2,2,2,2,2,2,2,0,-1,0,0,0,0,0,-1,0,0,-1,0,0,-1,-1,-1,-1,-1,-1,0,-1,-1,-1,0,0,-1,0,0,0,-1,0,0,0,0,-1,0,-1,0,-1,0,0,0,-1,0,0,-1,-1,-1,0,-1,-1,-1,-1,0,0,0,-1,-1,-1,-1,0,-1,-1,-1,-1,0,-1,-1,-1,-1,-1,-1,-1,-1,-1,-1,-1,-1,-1,0,-1,-1,-1,-1,-1,-1,0,-1,-1,-1,-1,-1,-1,-1,0,-1,-1,-1,-1,-1,-1,-1,-1,-1,-1,-1,-1,1,12,0,3,1,54,0,7,-5,-21
2,2,2,2,2,2,2,2,0,0,0,0,3,0,0,0,0,0,2,0,0,0,0,0,0,0,0,0,0,0,-1,0,0,0,0,0,0,0,0,0,0,0,0,0,0,2,2,2,2,2,2,2,2,0,-1,0,0,0,0,0,-1,0,0,-1,0,0,-1,-1,-1,-1,-1,0,0,-1,-1,-1,0,0,-1,0,0,0,-1,0,0,-1,0,-1,-1,-1,0,-1,0,0,0,-1,0,0,-1,0,-1,0,-1,-1,-1,-1,-1,0,0,0,-1,-1,-1,0,-1,-1,-1,-1,0,-1,-1,-1,-1,-1,-1,-1,-1,-1,-1,-1,-1,-1,0,-1,-1,-1,-1,-1,-1,0,-1,-1,-1,-1,-1,-1,-1,0,-1,-1,-1,-1,-1,-1,-1,-1,-1,-1,-1,-1,1,12,0,3,1,54,0,7,-5,-21
2,2,2,2,2,2,2,2,0,0,0,0,2,0,0,0,0,0,3,0,0,0,0,0,0,0,0,0,-1,0,0,0,0,0,0,0,0,0,0,0,0,0,0,0,0,2,2,2,2,2,2,2,2,0,-1,0,0,0,0,0,0,-1,-1,-1,0,0,-1,-1,0,-1,-1,0,0,-1,-1,-1,0,0,-1,0,0,0,-1,0,0,0,0,-1,0,-1,0,-1,-1,0,-1,-1,0,-1,-1,0,-1,0,-1,-1,0,-1,-1,0,0,0,-1,-1,-1,0,-1,-1,-1,-1,0,-1,-1,-1,-1,-1,-1,-1,-1,-1,-1,-1,-1,-1,0,-1,-1,-1,-1,-1,-1,0,-1,-1,-1,-1,-1,-1,-1,0,-1,-1,-1,-1,-1,-1,-1,-1,-1,-1,-1,-1,1,12,0,3,1,54,1,7,-5,-21
2,2,2,2,2,2,2,2,0,0,0,0,3,0,0,0,0,0,2,0,0,0,0,0,0,0,0,0,0,0,-1,0,0,0,0,0,0,0,0,0,0,0,0,0,0,2,2,2,2,2,2,2,2,0,-1,0,0,0,0,0,-1,0,0,-1,0,0,-1,-1,-1,-1,0,-1,0,-1,-1,-1,0,0,-1,0,0,0,-1,0,0,0,0,-1,0,-1,0,-1,0,0,0,-1,0,0,-1,-1,-1,0,-1,-1,-1,-1,0,-1,0,-1,-1,-1,-1,0,-1,-1,-1,-1,0,-1,-1,-1,-1,-1,-1,-1,-1,-1,-1,-1,-1,-1,0,-1,-1,-1,-1,-1,-1,0,-1,-1,-1,-1,-1,-1,-1,0,-1,-1,-1,-1,-1,-1,-1,-1,-1,-1,-1,-1,1,12,0,3,1,54,0,7,-5,-21
2,2,2,2,2,2,2,2,0,0,0,0,2,0,0,0,0,0,3,0,0,0,0,0,0,0,0,0,-1,0,0,0,0,0,0,0,0,0,0,0,0,0,0,0,0,2,2,2,2,2,2,2,2,0,-1,0,0,0,0,0,0,-1,-1,0,0,0,0,0,0,-1,-1,0,0,0,-1,0,0,0,-1,0,-1,-1,-1,0,0,0,0,-1,-1,-1,-1,0,0,0,-1,-1,-1,-1,-1,0,-1,0,-1,-1,-1,-1,-1,-1,0,-1,0,0,-1,0,-1,-1,-1,-1,-1,-1,-1,-1,-1,-1,-1,-1,-1,0,0,-1,-1,-1,-1,-1,0,-1,-1,-1,-1,-1,-1,-1,-1,-1,-1,-1,-1,-1,-1,-1,-1,-1,-1,-1,-1,-1,-1,-1,-1,-1,1,12,1,3,1,54,1,7,-5,-21
2,2,2,2,2,2,2,2,0,0,0,0,3,0,0,0,0,0,2,0,0,0,0,0,0,0,0,0,0,0,-1,0,0,0,0,0,0,0,0,0,0,0,0,0,0,2,2,2,2,2,2,2,2,-1,-1,-1,0,0,0,0,-1,0,-1,-1,0,0,-1,-1,0,-1,-1,0,0,-1,-1,-1,0,0,-1,0,0,0,-1,0,0,0,0,-1,0,-1,0,-1,0,0,-1,-1,0,-1,-1,0,-1,0,-1,-1,-1,-1,-1,0,0,-1,-1,-1,-1,0,-1,-1,-1,-1,0,-1,-1,-1,-1,-1,-1,-1,-1,-1,-1,-1,-1,-1,0,-1,-1,-1,0,-1,-1,0,-1,-1,-1,-1,-1,0,-1,0,-1,-1,-1,-1,-1,-1,-1,-1,-1,-1,0,-1,1,12,0,3,1,59,0,7,-5,-21
2,2,2,2,2,2,2,2,0,0,0,0,3,0,0,0,0,0,2,0,0,0,0,0,0,0,0,0,0,0,-1,0,0,0,0,0,0,0,0,0,0,0,0,0,0,2,2,2,2,2,2,2,2,0,-1,0,0,0,0,0,-1,0,-1,-1,0,0,-1,-1,0,-1,-1,0,0,-1,-1,-1,0,0,-1,0,0,0,-1,0,0,0,0,-1,0,-1,0,-1,0,0,-1,-1,0,-1,-1,0,-1,0,-1,-1,-1,-1,-1,0,0,-1,-1,-1,-1,0,-1,-1,-1,-1,0,-1,-1,-1,-1,-1,-1,-1,-1,-1,-1,-1,-1,0,0,0,-1,-1,-1,-1,-1,0,-1,-1,-1,-1,-1,-1,-1,-1,-1,-1,-1,-1,-1,-1,-1,-1,-1,-1,-1,-1,1,12,0,3,1,58,0,7,-5,-21
2,2,2,2,2,2,2,2,0,0,0,0,2,0,0,0,0,0,3,0,0,0,0,0,0,0,0,0,0,0,-1,0,0,0,0,0,0,0,0,0,0,0,0,0,0,2,2,2,2,2,2,2,2,0,-1,0,0,0,0,0,-1,0,-1,-1,0,0,-1,-1,0,-1,-1,-1,0,-1,-1,-1,0,0,-1,0,0,0,-1,0,0,0,0,-1,0,-1,0,-1,0,0,-1,-1,0,0,-1,0,-1,0,-1,-1,-1,-1,-1,0,0,-1,-1,-1,-1,0,-1,-1,-1,-1,0,-1,-1,-1,-1,-1,-1,-1,-1,-1,-1,-1,-1,-1,0,-1,-1,-1,-1,-1,-1,0,-1,-1,-1,-1,-1,-1,-1,0,-1,-1,-1,0,-1,-1,-1,-1,-1,-1,-1,-1,1,12,0,3,1,56,0,7,-5,-21
2,2,2,2,2,2,2,2,0,0,0,0,2,0,0,0,0,0,3,0,0,0,0,0,0,0,0,0,0,0,0,0,0,0,0,0,0,0,0,0,0,0,0,-1,0,2,2,2,2,2,2,2,2,0,-1,0,0,0,0,-1,0,0,-1,0,0,0,-1,-1,0,-1,0,-1,0,-1,0,0,0,0,0,0,0,-1,-1,0,0,-1,-1,0,0,-1,0,-1,0,0,0,0,0,-1,0,0,-1,0,-1,0,-1,0,-1,-1,-1,-1,-1,-1,-1,-1,-1,-1,-1,-1,-1,-1,-1,-1,0,-1,-1,-1,-1,-1,-1,-1,-1,-1,-1,-1,-1,-1,-1,-1,-1,-1,-1,-1,-1,-1,-1,-1,-1,-1,-1,-1,-1,-1,-1,-1,-1,-1,-1,-1,-1,-1,1,12,1,3,1,54,1,7,-5,-21
2,2,2,2,2,2,2,2,0,0,0,0,2,0,0,0,0,0,3,0,0,0,0,0,0,0,0,0,0,0,0,0,0,0,0,0,0,0,0,0,0,0,0,-1,0,2,2,2,2,2,2,2,2,0,-1,0,0,0,0,-1,0,0,-1,0,0,0,-1,-1,0,-1,0,-1,0,-1,-1,0,0,0,0,0,0,0,-1,0,0,0,-1,0,0,-1,0,-1,0,0,0,0,0,-1,0,0,-1,0,-1,0,-1,0,-1,-1,-1,-1,-1,-1,-1,-1,-1,-1,-1,-1,-1,-1,-1,-1,-1,-1,-1,-1,-1,-1,-1,-1,-1,-1,-1,-1,-1,-1,-1,-1,-1,-1,-1,-1,-1,-1,-1,-1,-1,-1,-1,-1,-1,-1,-1,-1,-1,-1,-1,-1,-1,-1,1,12,0,3,1,54,1,7,-5,-21
2,2,2,2,2,2,2,2,0,0,0,0,3,0,0,0,0,0,2,0,0,0,0,0,0,0,0,0,0,0,-1,0,0,0,0,0,0,0,0,0,0,0,0,0,0,2,2,2,2,2,2,2,2,0,-1,-1,0,0,0,0,-1,0,-1,-1,0,0,-1,-1,0,-1,-1,0,0,-1,-1,-1,0,0,-1,0,0,0,-1,0,0,0,0,-1,0,-1,0,-1,0,0,-1,-1,0,-1,-1,0,-1,0,-1,-1,-1,-1,-1,-1,0,-1,-1,-1,-1,0,-1,-1,-1,-1,0,-1,-1,-1,-1,-1,-1,-1,-1,-1,-1,-1,-1,-1,0,-1,-1,-1,0,-1,-1,0,-1,-1,-1,-1,-1,0,-1,0,-1,-1,-1,-1,-1,0,-1,-1,-1,-1,-1,-1,1,12,0,3,1,56,0,7,-5,-21
2,2,2,2,2,2,2,2,0,0,0,0,2,0,0,0,0,0,3,0,0,0,0,0,0,0,0,0,-1,0,0,0,0,0,0,0,0,0,0,0,0,0,0,0,0,2,2,2,2,2,2,2,2,0,-1,0,0,0,0,0,0,0,-1,-1,0,0,-1,0,0,-1,-1,0,0,-1,-1,0,0,0,-1,0,0,0,-1,0,0,0,0,-1,0,-1,0,-1,0,0,-1,0,0,-1,-1,0,-1,0,0,-1,-1,-1,0,-1,0,-1,-1,-1,-1,-1,-1,-1,0,-1,-1,-1,-1,-1,-1,-1,-1,-1,-1,-1,-1,-1,-1,-1,-1,-1,-1,-1,-1,-1,-1,-1,-1,-1,-1,-1,-1,-1,-1,-1,-1,-1,-1,-1,-1,-1,-1,-1,-1,-1,-1,-1,1,12,0,3,1,54,0,7,-5,-21
2,2,2,2,2,2,2,2,0,0,0,0,3,0,0,0,0,0,2,0,0,0,0,0,0,0,0,0,0,0,-1,0,0,0,0,0,0,0,0,0,0,0,0,0,0,2,2,2,2,2,2,2,2,0,-1,-1,0,0,0,0,-1,0,-1,-1,0,0,-1,-1,0,-1,-1,0,0,-1,-1,-1,0,0,-1,0,0,0,-1,0,0,0,0,-1,0,-1,-1,-1,0,0,-1,-1,0,-1,-1,0,-1,0,-1,-1,-1,-1,-1,0,0,-1,-1,-1,-1,0,-1,-1,-1,0,0,-1,-1,-1,-1,-1,-1,-1,-1,-1,-1,-1,-1,-1,0,-1,-1,-1,0,-1,-1,0,-1,-1,-1,-1,-1,0,-1,0,-1,-1,-1,-1,-1,-1,-1,-1,-1,-1,-1,-1,1,12,0,3,1,55,0,7,-5,-21
2,2,2,2,2,2,2,2,0,0,0,0,3,0,0,0,0,0,2,0,0,0,0,0,0,0,0,0,0,0,-1,0,0,0,0,0,0,0,0,0,0,0,0,0,0,2,2,2,2,2,2,2,2,0,-1,0,0,0,0,0,-1,0,-1,-1,0,0,-1,-1,0,-1,-1,0,0,-1,-1,-1,0,0,-1,0,0,0,-1,0,0,0,0,-1,0,-1,0,-1,0,0,-1,-1,0,-1,-1,0,-1,0,-1,-1,0,-1,-1,0,0,0,-1,-1,-1,0,-1,-1,-1,-1,0,-1,-1,-1,-1,-1,-1,-1,-1,-1,-1,-1,-1,-1,0,-1,-1,-1,-1,-1,-1,0,-1,-1,-1,-1,-1,-1,-1,-1,-1,-1,-1,-1,-1,-1,-1,-1,-1,-1,-1,-1,1,12,0,3,1,59,0,7,-5,-21
2,2,2,2,2,2,2,2,0,0,0,0,3,0,0,0,0,0,2,0,0,0,0,0,0,0,0,0,0,0,-1,0,0,0,0,0,0,0,0,0,0,0,0,0,0,2,2,2,2,2,2,2,2,0,-1,-1,0,0,0,0,0,-1,-1,0,0,0,-1,0,0,-1,0,-1,-1,0,-1,0,0,0,0,0,0,-1,0,0,0,-1,0,0,-1,-1,-1,-1,0,-1,-1,0,0,-1,0,-1,-1,0,0,-1,-1,-1,-1,-1,0,-1,-1,0,-1,-1,0,-1,0,-1,0,-1,-1,-1,-1,-1,-1,-1,-1,-1,-1,0,-1,-1,-1,-1,-1,-1,-1,-1,-1,-1,-1,-1,-1,-1,-1,-1,-1,-1,-1,-1,-1,-1,-1,-1,-1,-1,-1,-1,-1,-1,1,12,0,3,1,58,1,7,-5,-21
2,2,2,2,2,2,2,2,0,0,0,0,3,0,0,0,0,0,2,0,0,0,0,0,0,0,0,0,0,0,-1,0,0,0,0,0,0,0,0,0,0,0,0,0,0,2,2,2,2,2,2,2,2,0,-1,0,0,0,-1,0,0,0,-1,-1,0,-1,0,-1,0,0,0,0,0,0,-1,-1,-1,-1,0,0,-1,-1,0,0,-1,-1,0,-1,0,-1,-1,0,-1,0,-1,-1,-1,-1,-1,-1,0,-1,-1,-1,-1,0,-1,-1,0,0,0,0,-1,0,-1,0,0,0,0,-1,0,-1,-1,-1,-1,-1,-1,-1,-1,-1,-1,-1,-1,-1,-1,-1,-1,-1,-1,-1,-1,-1,-1,-1,-1,-1,-1,-1,-1,0,-1,-1,-1,-1,-1,-1,-1,-1,-1,-1,1,12,1,3,1,54,0,7,-5,-21
2,2,2,2,2,2,2,2,0,0,0,0,3,0,0,0,0,0,2,0,0,0,0,0,0,0,0,0,0,0,-1,0,0,0,0,0,0,0,0,0,0,0,0,0,0,2,2,2,2,2,2,2,2,0,-1,0,0,0,0,0,-1,0,-1,-1,0,0,-1,-1,0,-1,-1,0,0,-1,-1,-1,0,0,-1,0,0,0,-1,0,0,0,0,-1,0,-1,0,-1,0,0,-1,0,0,-1,-1,0,-1,0,-1,-1,-1,-1,-1,0,0,-1,-1,-1,-1,0,-1,-1,-1,-1,0,-1,-1,-1,-1,-1,-1,-1,-1,-1,-1,-1,-1,0,0,-1,-1,-1,-1,-1,-1,0,-1,-1,-1,-1,-1,-1,-1,-1,-1,-1,-1,-1,-1,-1,-1,-1,-1,-1,-1,-1,1,12,0,3,1,56,0,7,-5,-21
0,2,2,2,2,2,2,2,0,0,0,0,0,0,0,0,0,0,0,0,0,0,0,0,0,0,0,0,0,0,0,0,0,0,0,0,0,0,0,0,0,0,0,2,2,2,2,2,2,2,0,0,0,0,0,0,-1,0,0,0,0,0,-1,3,2,2,3,-1,3,2,-1,-1,-1,0,3,-1,3,3,-1,2,-1,2,-1,0,0,3,0,3,3,2,3,2,0,0,0,2,2,-1,2,2,-1,3,2,2,-1,3,-1,2,-1,2,2,3,2,-1,2,0,-1,-1,-1,3,0,2,-1,3,0,3,2,2,0,0,2,-1,0,-1,-1,-1,-1,0,-1,-1,3,-1,0,0,-1,-1,3,-1,-1,3,-1,3,-1,0,-1,0,0,0,0,-1,1,12,0,3,1,55,1,1,-5,-21
2,2,2,2,2,2,2,2,0,0,0,0,3,0,0,0,0,0,2,0,0,0,0,0,0,0,0,0,0,0,-1,0,0,0,0,0,0,0,0,0,0,0,0,0,0,2,2,2,2,2,2,2,2,0,-1,0,0,0,0,0,0,0,-1,0,0,0,0,-1,-1,0,0,0,-1,0,0,0,0,0,0,0,-1,0,0,-1,-1,0,0,-1,-1,-1,-1,-1,-1,0,0,0,-1,-1,-1,-1,0,-1,0,-1,-1,0,-1,-1,0,0,0,0,-1,-1,-1,-1,-1,-1,-1,-1,-1,-1,-1,-1,-1,-1,-1,-1,-1,-1,-1,-1,-1,-1,-1,-1,-1,-1,-1,-1,-1,-1,-1,-1,-1,-1,-1,-1,-1,-1,-1,-1,-1,-1,-1,-1,-1,-1,-1,-1,1,12,0,3,1,58,0,7,-5,-21
2,2,2,2,2,2,2,2,0,0,0,0,2,0,0,0,0,0,3,0,0,0,0,0,0,0,0,0,-1,0,0,0,0,0,0,0,0,0,0,0,0,0,0,0,0,2,2,2,2,2,2,2,2,0,-1,0,0,0,0,0,0,0,-1,-1,0,0,-1,-1,0,-1,-1,0,0,-1,-1,0,0,0,-1,0,0,0,-1,0,0,0,-1,-1,0,-1,0,-1,0,0,-1,-1,0,-1,-1,0,0,0,0,-1,-1,-1,-1,0,0,-1,0,0,-1,0,-1,-1,-1,-1,-1,-1,-1,-1,-1,-1,-1,-1,-1,-1,-1,-1,-1,-1,-1,-1,-1,-1,-1,-1,-1,-1,-1,-1,-1,-1,-1,-1,-1,-1,-1,-1,-1,-1,-1,-1,-1,-1,-1,-1,-1,-1,1,12,0,3,1,54,0,7,-5,-21
0,2,2,2,2,2,2,2,0,0,0,0,0,0,0,0,0,0,0,0,0,0,0,0,0,0,0,0,0,0,0,0,0,0,0,0,0,0,0,0,0,0,0,2,2,2,2,2,2,2,0,0,0,0,0,0,-1,0,0,0,0,0,-1,3,2,2,3,-1,3,2,-1,-1,-1,0,3,-1,3,3,-1,2,-1,2,-1,0,0,3,0,3,3,2,3,2,0,0,0,2,2,-1,2,2,-1,3,2,2,-1,3,-1,2,-1,2,2,3,2,-1,2,0,-1,-1,-1,3,0,2,-1,3,0,3,2,2,0,0,2,-1,0,-1,-1,-1,-1,0,-1,-1,3,-1,0,0,-1,-1,3,-1,-1,3,-1,3,-1,0,-1,0,0,0,0,-1,1,12,1,3,1,59,1,2,-5,-21
2,2,2,2,2,2,2,2,0,0,0,0,2,0,0,0,0,0,3,0,0,0,0,0,0,0,0,0,0,0,0,0,0,0,0,0,0,0,0,0,0,0,0,-1,0,2,2,2,2,2,2,2,2,0,-1,0,0,0,0,-1,0,0,-1,0,0,0,-1,-1,0,-1,0,-1,0,-1,-1,0,0,-1,0,0,0,0,-1,0,-1,0,0,-1,0,-1,0,-1,0,0,0,0,0,-1,-1,0,-1,0,0,0,-1,-1,0,-1,0,-1,-1,-1,-1,0,-1,-1,-1,-1,-1,-1,-1,-1,-1,-1,-1,-1,-1,-1,-1,-1,-1,-1,-1,-1,-1,-1,-1,-1,-1,-1,-1,-1,-1,-1,-1,-1,-1,-1,-1,-1,-1,-1,-1,-1,-1,-1,-1,-1,-1,-1,1,12,0,3,1,54,1,7,-5,-21
2,2,2,2,2,2,2,2,0,0,0,0,3,0,0,0,0,0,2,0,0,0,0,0,0,0,0,0,0,0,-1,0,0,0,0,0,0,0,0,0,0,0,0,0,0,2,2,2,2,2,2,2,2,0,-1,0,0,0,0,0,-1,0,-1,-1,0,0,-1,-1,0,-1,-1,0,0,-1,-1,-1,0,0,-1,0,0,0,-1,0,0,0,0,-1,0,-1,0,-1,0,0,-1,-1,0,-1,-1,0,-1,0,-1,-1,-1,-1,-1,0,0,-1,-1,-1,-1,0,-1,-1,-1,-1,0,-1,-1,-1,-1,-1,-1,-1,-1,-1,-1,-1,-1,-1,-1,-1,-1,0,0,-1,-1,0,-1,-1,-1,-1,-1,-1,-1,0,-1,-1,-1,-1,-1,-1,-1,-1,-1,-1,-1,-1,1,12,1,3,1,56,0,7,-5,-21
2,2,2,2,2,2,2,2,0,0,0,0,3,0,0,0,0,0,2,0,0,0,0,0,0,0,0,0,0,0,-1,0,0,0,0,0,0,0,0,0,0,0,0,0,0,2,2,2,2,2,2,2,2,0,-1,0,0,0,0,0,-1,-1,-1,-1,0,0,-1,-1,0,-1,-1,0,0,-1,-1,-1,0,0,-1,0,0,0,-1,0,0,0,0,-1,0,-1,0,-1,0,0,-1,-1,0,-1,-1,0,-1,0,-1,-1,-1,-1,-1,0,0,-1,-1,-1,-1,0,-1,-1,-1,-1,0,-1,-1,-1,-1,-1,-1,-1,-1,-1,-1,0,-1,0,0,-1,-1,-1,-1,0,-1,0,-1,-1,-1,-1,-1,-1,-1,-1,-1,-1,-1,-1,-1,-1,-1,-1,-1,-1,-1,-1,1,12,1,3,1,58,0,7,-5,-21
2,2,2,2,2,2,2,2,0,0,0,0,3,0,0,0,0,0,2,0,0,0,0,0,0,0,0,0,0,0,-1,0,0,0,0,0,0,0,0,0,0,0,0,0,0,2,2,2,2,2,2,2,2,0,-1,0,0,0,0,-1,-1,0,-1,-1,0,0,-1,-1,0,-1,-1,0,0,-1,-1,-1,0,0,-1,0,0,0,-1,0,0,0,0,-1,0,-1,0,-1,0,0,-1,-1,0,-1,-1,0,-1,0,-1,-1,-1,0,-1,0,0,-1,-1,-1,-1,0,-1,-1,-1,-1,0,-1,-1,-1,-1,-1,-1,-1,-1,-1,-1,-1,-1,0,0,-1,-1,-1,-1,-1,-1,0,-1,-1,-1,-1,-1,-1,-1,0,-1,-1,-1,-1,-1,-1,-1,-1,-1,-1,-1,-1,1,12,0,3,1,56,0,7,-5,-21
2,2,2,2,2,2,2,2,0,0,0,0,3,0,0,0,0,0,2,0,0,0,0,0,0,0,0,0,0,0,0,0,-1,0,0,0,0,0,0,0,0,0,0,0,0,2,2,2,2,2,2,2,2,0,-1,0,0,-1,0,0,0,0,-1,-1,0,0,-1,-1,0,0,-1,0,0,0,0,0,0,0,0,0,-1,-1,0,0,0,-1,-1,-1,-1,-1,-1,-1,-1,0,0,-1,-1,-1,0,-1,-1,0,-1,0,-1,-1,0,-1,-1,0,0,-1,-1,-1,-1,-1,-1,-1,-1,-1,0,-1,-1,0,-1,-1,-1,-1,-1,0,-1,0,-1,-1,-1,-1,-1,-1,-1,-1,-1,-1,-1,-1,-1,-1,-1,-1,0,-1,-1,-1,-1,-1,-1,-1,-1,-1,-1,-1,1,12,0,3,1,54,1,7,-5,-21
2,2,2,2,2,2,2,2,0,0,0,0,3,0,0,0,0,0,2,0,0,0,0,0,0,0,0,0,0,0,0,0,0,0,0,0,0,0,0,0,0,0,0,-1,0,2,2,2,2,2,2,2,2,0,-1,0,0,0,0,-1,0,0,-1,-1,0,0,-1,-1,0,-1,-1,0,0,-1,-1,0,0,0,-1,0,0,0,-1,0,0,0,0,-1,0,-1,0,-1,0,0,-1,-1,0,-1,-1,0,-1,0,-1,-1,-1,-1,-1,0,0,-1,0,0,-1,0,-1,-1,-1,0,-1,-1,-1,-1,-1,-1,-1,-1,-1,-1,-1,-1,-1,-1,-1,-1,-1,-1,-1,-1,-1,-1,-1,-1,-1,-1,-1,-1,-1,-1,-1,-1,-1,-1,-1,-1,-1,-1,0,-1,-1,-1,1,12,0,3,1,54,0,7,-5,-21
2,2,2,2,2,2,2,2,0,0,0,0,3,0,0,0,0,0,2,0,0,0,0,0,0,0,0,0,0,0,-1,0,0,0,0,0,0,0,0,0,0,0,0,0,0,2,2,2,2,2,2,2,2,0,-1,0,0,0,0,0,0,0,-1,-1,0,0,0,-1,-1,0,0,0,0,0,-1,-1,-1,-1,0,0,-1,0,0,0,-1,-1,-1,0,0,-1,-1,0,-1,0,-1,-1,-1,-1,-1,-1,0,0,-1,-1,-1,0,-1,-1,0,0,0,0,-1,-1,-1,-1,0,0,0,-1,0,-1,-1,-1,-1,-1,-1,-1,-1,-1,-1,-1,-1,-1,-1,-1,-1,-1,-1,-1,-1,-1,-1,-1,-1,-1,-1,-1,-1,-1,-1,-1,-1,-1,-1,-1,-1,-1,-1,-1,1,12,0,3,1,58,0,7,-5,-21
2,2,2,2,2,2,2,2,0,0,0,0,3,0,0,0,0,0,2,0,0,0,0,0,0,0,0,0,0,0,-1,0,0,0,0,0,0,0,0,0,0,0,0,0,0,2,2,2,2,2,2,2,2,0,-1,0,0,0,0,0,-1,0,-1,-1,0,0,-1,0,0,0,-1,0,0,0,0,0,0,0,-1,0,-1,0,0,0,0,-1,-1,-1,-1,-1,-1,-1,-1,0,0,-1,-1,-1,0,-1,-1,0,-1,0,-1,-1,0,-1,-1,-1,0,-1,-1,-1,-1,-1,-1,-1,-1,-1,0,-1,-1,0,-1,-1,0,-1,-1,0,-1,-1,-1,-1,-1,-1,-1,-1,-1,-1,-1,-1,-1,-1,-1,-1,-1,-1,0,-1,-1,-1,-1,-1,-1,-1,-1,-1,-1,-1,1,12,1,3,1,54,0,7,-5,-21
2,2,2,2,2,2,2,2,0,0,0,0,3,0,0,0,0,0,2,0,0,0,0,0,0,0,0,0,0,0,-1,0,0,0,0,0,0,0,0,0,0,0,0,0,0,2,2,2,2,2,2,2,2,0,-1,0,0,0,0,0,-1,0,-1,-1,0,0,-1,-1,-1,-1,-1,0,0,-1,-1,-1,0,0,-1,0,0,0,-1,0,0,0,0,-1,0,-1,0,-1,0,0,-1,-1,0,0,-1,0,-1,0,-1,-1,-1,-1,-1,0,0,-1,-1,-1,-1,0,-1,-1,-1,-1,0,-1,-1,-1,-1,-1,0,-1,-1,-1,-1,-1,-1,-1,0,-1,-1,-1,-1,-1,-1,0,-1,-1,-1,-1,-1,-1,-1,0,-1,-1,-1,-1,-1,-1,-1,-1,-1,-1,-1,-1,1,12,0,3,1,54,1,7,-5,-21
2,2,2,2,2,2,2,2,0,0,0,0,2,0,0,0,0,0,3,0,0,0,0,0,0,0,0,0,0,0,0,0,0,0,0,0,0,0,0,0,0,0,0,-1,0,2,2,2,2,2,2,2,2,0,-1,0,0,0,0,-1,0,0,-1,0,0,0,-1,-1,0,-1,0,-1,0,0,-1,0,0,0,0,-1,0,0,-1,0,0,0,-1,-1,0,-1,0,-1,0,0,0,0,0,-1,-1,-1,0,-1,-1,0,-1,-1,0,0,0,-1,-1,-1,-1,-1,-1,-1,-1,-1,-1,-1,-1,-1,-1,-1,-1,-1,-1,-1,-1,-1,0,-1,-1,-1,-1,-1,-1,-1,-1,-1,-1,-1,-1,-1,-1,-1,-1,-1,-1,-1,-1,-1,-1,-1,-1,-1,-1,-1,-1,-1,1,12,1,3,1,59,1,7,-5,-21
2,2,2,2,2,2,2,2,0,0,0,0,3,0,0,0,0,0,2,0,0,0,0,0,0,0,0,0,0,0,-1,0,0,0,0,0,0,0,0,0,0,0,0,0,0,2,2,2,2,2,2,2,2,0,-1,0,0,0,0,0,0,-1,-1,0,0,0,0,0,0,-1,-1,0,0,0,-1,0,0,-1,-1,0,-1,-1,-1,0,0,0,0,-1,-1,-1,-1,0,0,0,-1,-1,-1,-1,-1,0,-1,0,-1,-1,-1,-1,0,-1,-1,0,0,-1,-1,-1,-1,-1,-1,-1,-1,-1,0,-1,-1,0,-1,-1,0,-1,-1,0,-1,-1,0,-1,-1,-1,-1,-1,-1,-1,-1,-1,-1,-1,-1,-1,-1,-1,-1,-1,-1,-1,-1,-1,-1,-1,-1,-1,-1,-1,1,12,1,3,1,54,0,7,-5,-21
2,2,2,2,2,2,2,2,0,0,0,0,2,0,0,0,0,0,3,0,0,0,0,0,0,0,0,0,0,0,0,0,0,0,0,0,0,0,0,0,0,0,0,-1,0,2,2,2,2,2,2,2,2,0,-1,0,0,0,0,-1,0,0,-1,0,0,0,-1,-1,0,-1,0,-1,0,-1,-1,0,0,0,0,0,0,0,-1,0,0,0,-1,-1,0,-1,0,-1,0,0,0,0,0,-1,-1,-1,-1,0,-1,0,-1,-1,-1,-1,-1,-1,-1,0,-1,-1,0,-1,0,-1,-1,-1,-1,-1,-1,-1,-1,-1,-1,-1,-1,-1,-1,-1,-1,-1,-1,-1,-1,-1,-1,-1,-1,-1,-1,-1,-1,-1,0,-1,-1,-1,-1,-1,-1,-1,-1,-1,-1,-1,-1,-1,1,12,0,3,1,54,1,7,-5,-21
2,2,2,2,2,2,2,2,0,0,0,0,3,0,0,0,0,0,2,0,0,0,0,0,0,0,0,0,0,0,-1,0,0,0,0,0,0,0,0,0,0,0,0,0,0,2,2,2,2,2,2,2,2,0,-1,0,0,0,0,0,-1,-1,-1,-1,0,0,-1,-1,0,-1,-1,0,0,-1,-1,-1,0,0,-1,0,0,0,-1,0,0,0,0,-1,0,-1,0,-1,0,0,-1,-1,0,-1,-1,0,-1,0,-1,-1,-1,-1,-1,0,0,-1,-1,-1,-1,0,-1,-1,-1,-1,0,-1,-1,-1,-1,-1,-1,-1,-1,-1,-1,-1,-1,0,0,-1,0,-1,-1,0,-1,0,-1,-1,-1,-1,-1,-1,-1,-1,-1,-1,-1,-1,-1,-1,-1,-1,-1,-1,-1,-1,1,12,0,3,1,61,0,7,-5,-21
2,2,2,2,2,2,2,2,0,0,0,0,2,0,0,0,0,0,3,0,0,0,0,0,0,0,0,0,-1,0,0,0,0,0,0,0,0,0,0,0,0,0,0,0,0,2,2,2,2,2,2,2,2,0,-1,0,0,0,0,0,0,-1,-1,0,0,0,0,0,-1,0,0,-1,-1,0,0,-1,0,0,0,-1,-1,0,0,0,0,-1,0,-1,-1,-1,-1,0,-1,-1,0,-1,-1,-1,0,-1,-1,0,-1,-1,-1,-1,0,-1,-1,-1,-1,0,-1,-1,0,-1,0,-1,-1,-1,-1,-1,-1,-1,-1,-1,-1,-1,-1,-1,-1,-1,0,-1,0,-1,-1,-1,-1,-1,-1,-1,-1,0,-1,-1,-1,-1,-1,-1,-1,-1,-1,-1,-1,-1,0,-1,-1,-1,1,12,0,3,1,57,1,7,-5,-21
2,2,2,2,2,2,2,2,0,0,0,0,2,0,0,0,0,0,-1,3,0,0,0,0,0,0,0,0,0,0,0,0,0,0,0,0,0,0,0,0,0,0,0,0,0,2,2,2,2,2,2,2,2,0,-1,0,0,0,0,0,0,0,-1,0,0,0,0,0,0,-1,0,0,0,0,-1,0,-1,0,-1,0,-1,-1,0,0,0,0,0,-1,-1,-1,-1,0,0,-1,-1,-1,-1,-1,-1,0,-1,0,-1,-1,-1,-1,-1,-1,0,-1,-1,0,-1,0,-1,-1,-1,0,-1,-1,-1,-1,-1,-1,-1,-1,-1,-1,-1,-1,-1,-1,-1,-1,-1,-1,-1,-1,-1,-1,-1,-1,-1,-1,-1,-1,0,-1,-1,-1,-1,-1,-1,-1,-1,-1,-1,0,-1,-1,1,12,0,3,1,55,0,7,-5,-21
2,2,2,2,2,2,2,2,0,0,0,0,3,0,0,0,0,0,2,0,0,0,0,0,0,0,0,0,0,0,-1,0,0,0,0,0,0,0,0,0,0,0,0,0,0,2,2,2,2,2,2,2,2,0,-1,0,0,0,0,0,0,0,-1,0,0,0,0,0,-1,-1,0,0,-1,0,0,0,0,0,-1,-1,-1,-1,0,-1,0,-1,0,-1,-1,0,-1,0,-1,0,0,-1,-1,-1,0,-1,-1,0,0,-1,-1,0,0,-1,-1,-1,-1,0,-1,-1,0,-1,0,0,-1,-1,-1,-1,-1,-1,-1,-1,-1,-1,-1,-1,-1,-1,-1,-1,-1,-1,-1,-1,-1,-1,-1,-1,-1,-1,-1,-1,-1,-1,-1,-1,-1,-1,-1,-1,-1,-1,-1,-1,-1,-1,1,12,1,3,1,57,0,7,-5,-21
2,2,2,2,2,2,2,2,0,0,0,0,3,0,0,0,0,0,2,0,0,0,0,0,0,0,0,0,0,0,-1,0,0,0,0,0,0,0,0,0,0,0,0,0,0,2,2,2,2,2,2,2,2,0,-1,0,0,0,0,0,0,-1,-1,0,0,0,-1,0,0,-1,0,-1,-1,0,-1,0,0,0,0,0,0,-1,0,0,0,-1,0,-1,-1,-1,-1,-1,0,-1,-1,0,0,-1,0,-1,-1,0,0,-1,-1,-1,-1,-1,0,-1,-1,0,-1,-1,0,-1,0,-1,0,-1,-1,-1,-1,-1,-1,-1,-1,-1,-1,0,-1,-1,-1,-1,-1,-1,-1,-1,-1,-1,-1,-1,-1,-1,-1,-1,-1,-1,-1,-1,-1,-1,-1,-1,-1,-1,-1,-1,-1,-1,1,12,1,3,1,57,0,7,-5,-21
2,2,2,2,2,2,2,2,0,0,0,0,2,0,0,0,0,0,-1,3,0,0,0,0,0,0,0,0,0,0,0,0,0,0,0,0,0,0,0,0,0,0,0,0,0,2,2,2,2,2,2,2,2,0,-1,-1,0,0,0,0,0,0,-1,-1,-1,0,0,-1,0,-1,-1,0,0,-1,-1,0,0,0,-1,0,0,0,-1,0,0,0,0,-1,0,-1,-1,-1,0,0,-1,-1,0,-1,-1,0,-1,0,0,0,-1,-1,0,-1,-1,-1,-1,-1,-1,0,-1,-1,0,-1,-1,-1,-1,-1,-1,-1,0,-1,-1,0,-1,-1,-1,-1,-1,-1,-1,-1,0,-1,-1,-1,-1,-1,-1,-1,-1,-1,-1,-1,-1,-1,-1,-1,-1,-1,-1,-1,-1,-1,-1,-1,1,12,1,3,1,54,0,7,-5,-21
2,2,2,2,2,2,2,2,0,0,0,0,2,0,0,0,0,0,3,0,0,0,0,0,0,0,0,0,-1,0,0,0,0,0,0,0,0,0,0,0,0,0,0,0,0,2,2,2,2,2,2,2,2,0,-1,0,0,0,0,0,0,-1,-1,0,0,0,0,0,-1,0,0,-1,-1,0,0,-1,0,0,0,-1,-1,0,0,-1,0,-1,0,-1,-1,-1,-1,0,-1,-1,0,-1,-1,-1,0,-1,-1,0,0,-1,-1,-1,0,-1,-1,-1,-1,0,-1,0,0,-1,0,-1,-1,-1,-1,-1,-1,-1,-1,-1,-1,-1,-1,-1,-1,-1,0,-1,-1,-1,-1,-1,-1,0,-1,-1,-1,-1,-1,-1,-1,0,-1,-1,-1,-1,-1,-1,-1,-1,-1,-1,-1,-1,1,12,0,3,1,54,1,7,-5,-21
2,2,2,2,2,2,2,2,0,0,0,0,2,0,0,0,0,0,-1,3,0,0,0,0,0,0,0,0,0,0,0,0,0,0,0,0,0,0,0,0,0,0,0,0,0,2,2,2,2,2,2,2,2,0,-1,0,0,-1,0,0,0,0,-1,0,0,0,0,0,0,-1,0,0,0,0,-1,0,0,0,-1,0,-1,-1,0,0,0,0,0,-1,-1,-1,-1,0,0,0,-1,-1,-1,-1,-1,0,-1,0,-1,-1,-1,-1,-1,-1,0,-1,-1,0,-1,0,-1,-1,-1,0,-1,-1,-1,-1,-1,-1,0,-1,-1,-1,-1,-1,-1,-1,-1,-1,-1,-1,-1,-1,-1,-1,-1,-1,-1,-1,-1,-1,-1,-1,-1,-1,-1,-1,-1,-1,-1,-1,-1,-1,-1,-1,1,12,0,3,1,59,0,7,-5,-21
2,2,2,2,2,2,2,2,0,0,0,0,2,0,0,0,0,0,3,0,0,0,0,0,0,0,0,0,0,0,0,0,0,0,0,0,0,0,0,0,0,0,0,-1,0,2,2,2,2,2,2,2,2,0,-1,0,0,0,0,-1,0,0,-1,0,0,0,-1,-1,0,-1,0,-1,-1,-1,-1,0,0,0,0,0,0,0,-1,0,0,0,-1,0,0,-1,0,-1,0,0,0,0,0,-1,0,0,-1,0,-1,-1,-1,0,-1,-1,-1,-1,-1,-1,-1,-1,-1,-1,-1,-1,-1,-1,-1,-1,-1,-1,-1,0,-1,-1,-1,-1,-1,-1,-1,-1,-1,-1,-1,-1,-1,-1,-1,-1,-1,-1,-1,-1,-1,0,-1,-1,-1,-1,-1,-1,-1,-1,-1,-1,-1,-1,1,12,0,3,1,54,1,7,-5,-21
2,2,2,2,2,2,2,2,0,0,0,0,3,0,0,0,0,0,2,0,0,0,0,0,0,0,0,0,0,0,-1,0,0,0,0,0,0,0,0,0,0,0,0,0,0,2,2,2,2,2,2,2,2,0,-1,0,0,0,0,0,0,0,-1,-1,0,0,0,-1,0,0,0,0,0,0,-1,-1,-1,-1,0,0,-1,0,0,0,-1,-1,-1,0,0,-1,-1,0,-1,0,-1,-1,-1,-1,-1,-1,0,-1,-1,-1,-1,0,-1,-1,0,0,0,0,-1,-1,-1,-1,0,0,0,-1,0,-1,-1,-1,-1,-1,-1,-1,-1,-1,-1,-1,-1,-1,-1,-1,-1,-1,-1,-1,-1,-1,-1,-1,-1,-1,-1,-1,-1,-1,-1,-1,-1,-1,-1,-1,-1,-1,-1,-1,1,12,0,3,1,58,1,7,-5,-21
2,2,2,2,2,2,2,2,0,0,0,0,3,0,0,0,0,0,2,0,0,0,0,0,0,0,0,0,0,0,-1,0,0,0,0,0,0,0,0,0,0,0,0,0,0,2,2,2,2,2,2,2,2,0,-1,0,0,0,0,0,-1,0,-1,-1,0,0,-1,0,0,-1,-1,0,0,-1,-1,-1,0,0,-1,0,0,0,-1,0,0,0,0,-1,0,-1,0,-1,0,0,-1,-1,0,-1,-1,0,-1,0,-1,-1,-1,-1,-1,0,0,-1,-1,-1,-1,0,-1,-1,-1,-1,0,-1,-1,-1,-1,-1,-1,-1,-1,-1,-1,-1,-1,-1,-1,-1,-1,0,0,-1,-1,0,-1,-1,-1,-1,-1,-1,-1,-1,-1,-1,-1,-1,-1,-1,-1,-1,-1,-1,-1,-1,1,12,0,3,1,60,0,7,-5,-21
2,2,2,2,2,2,2,2,0,0,0,0,2,0,0,0,0,0,3,0,0,0,0,0,0,0,0,0,0,0,0,0,0,0,0,0,0,0,0,0,0,0,0,-1,0,2,2,2,2,2,2,2,2,0,-1,0,0,0,0,-1,0,-1,-1,0,0,0,-1,-1,0,-1,0,-1,-1,-1,-1,0,0,0,0,0,0,0,-1,0,0,0,-1,0,0,-1,0,-1,0,0,0,0,0,-1,0,0,-1,0,-1,0,-1,0,-1,-1,-1,-1,-1,-1,-1,-1,-1,-1,-1,-1,-1,-1,-1,-1,-1,-1,-1,-1,-1,-1,-1,-1,-1,-1,-1,-1,-1,-1,-1,-1,-1,-1,-1,-1,-1,-1,-1,-1,-1,0,-1,-1,-1,0,-1,-1,-1,-1,-1,-1,-1,-1,1,12,0,3,1,54,1,7,-5,-21
2,2,2,2,2,2,2,2,0,0,0,0,3,0,0,0,0,0,2,0,0,0,0,0,0,0,0,0,0,0,0,0,-1,0,0,0,0,0,0,0,0,0,0,0,0,2,2,2,2,2,2,2,2,0,-1,0,0,-1,0,0,0,0,-1,-1,0,0,-1,0,0,0,-1,0,0,0,0,0,0,0,-1,0,-1,-1,0,-1,0,-1,-1,-1,-1,-1,-1,-1,-1,0,0,-1,-1,-1,0,-1,-1,0,-1,0,-1,-1,0,-1,-1,0,0,-1,-1,-1,-1,-1,-1,-1,-1,0,0,-1,-1,0,-1,-1,-1,-1,-1,0,-1,-1,-1,-1,-1,-1,-1,-1,-1,-1,-1,-1,-1,-1,-1,-1,-1,-1,0,-1,-1,-1,-1,-1,0,-1,-1,-1,-1,-1,1,12,0,3,1,54,1,7,-5,-21
2,2,2,2,2,2,2,2,0,0,0,0,2,0,0,0,0,0,-1,3,0,0,0,0,0,0,0,0,0,0,0,0,0,0,0,0,0,0,0,0,0,0,0,0,0,2,2,2,2,2,2,2,2,0,-1,0,0,-1,0,0,0,0,-1,0,0,0,0,0,0,-1,0,0,0,0,-1,0,0,0,-1,0,-1,-1,0,0,0,0,0,-1,-1,-1,-1,0,0,0,-1,-1,-1,-1,-1,0,-1,0,-1,-1,-1,-1,-1,-1,0,-1,-1,0,-1,0,-1,-1,-1,0,-1,-1,-1,-1,-1,-1,-1,-1,-1,-1,-1,-1,-1,-1,0,-1,-1,-1,-1,-1,-1,-1,-1,-1,-1,-1,-1,-1,-1,-1,-1,-1,-1,-1,-1,-1,-1,-1,-1,-1,-1,-1,1,12,0,3,1,57,0,7,-5,-21
2,2,2,2,2,2,2,2,0,0,0,0,2,0,0,0,0,0,-1,3,0,0,0,0,0,0,0,0,0,0,0,0,0,0,0,0,0,0,0,0,0,0,0,0,0,2,2,2,2,2,2,2,2,0,-1,0,0,0,0,0,0,-1,-1,0,0,0,0,0,0,-1,0,0,0,0,-1,0,0,0,-1,0,-1,-1,0,0,0,0,0,-1,-1,-1,-1,0,0,-1,-1,-1,-1,-1,-1,0,-1,0,-1,-1,-1,-1,-1,-1,0,-1,-1,0,-1,0,-1,-1,-1,0,-1,-1,-1,-1,-1,-1,-1,-1,-1,-1,-1,0,-1,-1,-1,-1,-1,-1,-1,-1,-1,-1,-1,-1,-1,-1,-1,-1,0,-1,-1,-1,-1,-1,-1,-1,-1,-1,-1,-1,-1,-1,1,12,0,3,1,55,0,7,-5,-21
2,2,2,2,2,2,2,2,0,0,0,0,3,0,0,0,0,0,2,-1,0,0,0,0,0,0,0,0,0,0,0,0,0,0,0,0,0,0,0,0,0,0,0,0,0,2,2,2,2,2,2,2,2,0,-1,0,-1,0,0,-1,0,0,-1,0,0,0,-1,-1,0,-1,0,-1,0,-1,-1,0,0,0,0,0,0,0,-1,0,0,0,-1,-1,0,-1,0,-1,0,0,0,0,0,-1,-1,0,-1,0,-1,-1,-1,-1,-1,-1,0,-1,0,0,-1,0,-1,-1,-1,0,-1,-1,-1,-1,-1,-1,-1,-1,-1,-1,-1,-1,-1,-1,-1,-1,-1,-1,-1,-1,-1,-1,-1,-1,-1,-1,-1,-1,-1,-1,-1,-1,-1,-1,-1,-1,-1,-1,-1,-1,-1,-1,1,12,0,3,1,58,0,7,-5,-21
2,2,2,2,2,2,2,2,0,0,0,0,3,0,0,0,0,0,2,0,0,0,0,0,0,0,0,0,0,0,-1,0,0,0,0,0,0,0,0,0,0,0,0,0,0,2,2,2,2,2,2,2,2,0,-1,0,0,0,0,0,0,0,-1,-1,0,0,-1,-1,0,-1,-1,0,0,-1,-1,0,0,0,-1,-1,0,0,-1,0,0,0,0,-1,0,-1,0,-1,0,0,-1,-1,0,-1,-1,0,-1,0,0,-1,-1,-1,0,-1,0,-1,0,-1,-1,-1,0,-1,0,-1,-1,-1,-1,-1,0,-1,-1,-1,-1,-1,-1,-1,-1,-1,-1,-1,-1,-1,-1,-1,-1,-1,-1,-1,-1,-1,-1,-1,-1,-1,-1,-1,-1,-1,-1,-1,-1,-1,-1,-1,-1,-1,1,12,1,3,1,58,0,7,-5,-21
2,2,2,2,2,2,2,2,0,0,0,0,3,0,0,0,0,0,2,0,0,0,0,0,0,0,0,0,0,0,-1,0,0,0,0,0,0,0,0,0,0,0,0,0,0,2,2,2,2,2,2,2,2,0,-1,0,-1,-1,0,0,0,0,-1,-1,0,0,-1,0,0,0,-1,0,0,0,0,0,0,0,-1,0,-1,-1,0,0,0,-1,-1,-1,-1,-1,-1,-1,-1,0,0,-1,-1,-1,0,-1,-1,0,-1,0,-1,-1,0,-1,-1,0,0,-1,-1,-1,-1,-1,-1,-1,-1,-1,0,-1,-1,0,-1,-1,0,-1,-1,0,-1,-1,-1,-1,-1,-1,-1,-1,-1,-1,-1,-1,-1,-1,0,-1,-1,-1,0,-1,-1,-1,-1,-1,-1,-1,-1,-1,-1,-1,1,12,0,3,1,54,1,7,-5,-21
2,2,2,2,2,2,2,2,0,0,0,0,2,0,0,0,0,0,3,0,0,0,0,0,0,0,0,0,-1,0,0,0,0,0,0,0,0,0,0,0,0,0,0,0,0,2,2,2,2,2,2,2,2,0,-1,0,0,0,0,0,0,-1,-1,0,0,0,0,0,0,-1,-1,0,0,0,-1,0,-1,-1,-1,0,-1,-1,-1,0,0,0,0,-1,-1,-1,-1,0,0,0,-1,-1,-1,-1,-1,0,-1,0,-1,-1,-1,-1,0,-1,-1,0,0,-1,-1,-1,-1,-1,-1,-1,-1,-1,0,-1,-1,0,-1,-1,0,-1,-1,0,-1,-1,0,-1,-1,-1,-1,-1,-1,-1,-1,-1,-1,-1,-1,-1,-1,-1,-1,-1,-1,-1,-1,-1,-1,0,-1,-1,-1,-1,1,12,0,3,1,54,1,7,-5,-21
2,2,2,2,2,2,2,2,0,0,0,0,2,0,0,0,0,0,3,0,0,0,0,0,0,0,0,0,0,0,0,0,0,0,0,0,0,0,0,0,0,0,0,-1,0,2,2,2,2,2,2,2,2,0,-1,0,0,0,0,-1,0,0,-1,0,0,0,-1,-1,0,-1,0,-1,0,-1,-1,0,0,0,0,0,0,-1,-1,0,0,0,0,-1,0,-1,0,0,0,0,0,0,0,-1,0,0,-1,0,-1,0,-1,0,-1,-1,-1,-1,-1,-1,-1,-1,-1,-1,-1,-1,-1,-1,-1,-1,-1,-1,-1,-1,-1,-1,-1,-1,-1,-1,-1,-1,-1,-1,-1,-1,-1,-1,-1,-1,-1,-1,-1,-1,-1,-1,-1,-1,-1,-1,-1,-1,-1,-1,-1,-1,-1,-1,1,12,1,3,1,54,1,7,-5,-21
2,2,2,2,2,2,2,2,0,0,0,0,2,0,0,0,0,0,3,0,0,0,0,0,0,0,0,0,0,0,0,0,0,0,0,0,0,0,0,0,0,0,0,-1,0,2,2,2,2,2,2,2,2,0,-1,0,0,0,0,-1,0,0,-1,0,0,0,-1,-1,0,-1,0,-1,0,-1,-1,0,0,0,0,0,0,0,-1,0,-1,0,-1,-1,0,-1,0,-1,0,0,0,0,0,-1,0,0,-1,0,-1,0,-1,0,-1,-1,-1,-1,-1,0,-1,-1,-1,-1,-1,-1,-1,0,-1,-1,-1,-1,-1,-1,-1,-1,-1,-1,-1,-1,-1,-1,-1,-1,-1,-1,-1,-1,-1,-1,-1,-1,-1,-1,-1,-1,-1,-1,-1,-1,-1,-1,-1,-1,-1,-1,-1,-1,1,12,1,3,1,60,1,7,-5,-21
2,2,2,2,2,2,2,2,0,0,0,0,3,0,0,0,0,0,2,0,0,0,0,0,0,0,0,0,0,0,-1,0,0,0,0,0,0,0,0,0,0,0,0,0,0,2,2,2,2,2,2,2,2,0,-1,0,0,0,0,0,0,-1,-1,0,0,0,-1,0,-1,-1,0,-1,-1,0,-1,0,0,0,0,0,0,-1,0,0,0,-1,0,-1,-1,-1,-1,-1,0,-1,-1,0,0,-1,0,-1,-1,0,0,-1,-1,-1,-1,-1,0,-1,-1,0,-1,-1,0,-1,0,-1,0,-1,-1,-1,-1,-1,-1,-1,-1,-1,-1,0,-1,-1,-1,-1,-1,-1,-1,-1,-1,-1,-1,-1,-1,-1,-1,-1,-1,-1,-1,-1,0,-1,-1,-1,-1,-1,-1,-1,-1,-1,1,12,1,3,1,58,0,7,-5,-21
2,2,2,2,2,2,2,2,0,0,0,0,2,0,0,0,0,0,-1,3,0,0,0,0,0,0,0,0,0,0,0,0,0,0,0,0,0,0,0,0,0,0,0,0,0,2,2,2,2,2,2,2,2,0,-1,0,0,0,0,0,0,0,-1,0,0,0,0,0,0,-1,0,0,0,0,-1,0,0,0,-1,0,-1,-1,0,0,0,0,0,-1,-1,-1,0,0,0,-1,-1,-1,-1,-1,-1,0,-1,0,-1,-1,-1,-1,-1,-1,0,-1,-1,0,-1,0,-1,-1,-1,0,-1,-1,-1,-1,-1,-1,-1,-1,-1,-1,-1,-1,-1,-1,-1,-1,-1,-1,-1,-1,-1,-1,-1,-1,-1,-1,-1,-1,-1,-1,-1,-1,-1,-1,-1,-1,-1,-1,-1,-1,-1,-1,1,12,0,3,1,55,0,7,-5,-21
2,2,2,2,2,2,2,2,0,0,0,0,3,0,0,0,0,0,2,0,0,0,0,0,0,0,0,0,0,0,-1,0,0,0,0,0,0,0,0,0,0,0,0,0,0,2,2,2,2,2,2,2,2,0,-1,0,0,0,0,0,-1,0,-1,-1,0,0,-1,-1,0,-1,-1,0,0,-1,-1,-1,0,0,-1,0,0,0,-1,0,0,0,0,-1,0,-1,0,-1,-1,0,0,-1,0,-1,-1,0,-1,0,-1,-1,-1,-1,-1,0,0,0,-1,-1,-1,0,-1,-1,-1,-1,0,-1,-1,-1,-1,-1,-1,-1,-1,-1,-1,-1,-1,-1,0,-1,-1,-1,-1,-1,-1,0,-1,-1,-1,-1,-1,-1,-1,0,-1,-1,-1,-1,-1,-1,-1,-1,-1,-1,-1,-1,1,12,0,3,1,54,1,7,-5,-21
2,2,2,2,2,2,2,2,0,0,0,0,2,0,0,0,0,0,3,0,0,0,0,0,0,0,0,0,-1,0,0,0,0,0,0,0,0,0,0,0,0,0,0,0,0,2,2,2,2,2,2,2,2,0,-1,0,0,0,0,0,-1,0,-1,-1,0,0,-1,-1,0,-1,-1,0,0,-1,-1,-1,0,0,-1,0,0,0,-1,0,0,0,0,-1,0,-1,0,-1,0,0,-1,-1,0,-1,-1,0,-1,0,-1,-1,-1,-1,-1,0,0,-1,-1,-1,-1,0,-1,-1,-1,-1,0,-1,-1,-1,-1,-1,-1,-1,-1,-1,-1,-1,-1,-1,0,-1,-1,-1,-1,-1,-1,0,-1,-1,-1,-1,-1,-1,-1,0,-1,-1,-1,0,-1,-1,-1,-1,-1,-1,-1,-1,1,12,1,3,1,54,0,7,-5,-21
2,2,2,2,2,2,2,2,0,0,0,0,2,0,0,0,0,0,3,0,0,0,0,0,0,0,0,0,0,0,0,0,0,0,0,0,0,0,0,0,0,0,0,-1,0,2,2,2,2,2,2,2,2,0,-1,0,0,0,0,-1,0,0,-1,0,0,0,-1,-1,0,-1,0,-1,0,-1,-1,0,0,0,0,0,0,0,-1,0,0,0,-1,-1,0,-1,0,-1,0,0,0,0,0,-1,0,0,-1,0,-1,0,-1,0,-1,-1,-1,-1,-1,0,-1,-1,-1,-1,-1,-1,-1,-1,-1,-1,-1,-1,-1,-1,-1,-1,-1,-1,-1,-1,-1,-1,-1,-1,-1,-1,-1,-1,-1,-1,-1,-1,-1,-1,-1,-1,-1,-1,-1,-1,-1,-1,-1,-1,-1,-1,-1,-1,1,12,1,3,1,59,1,7,-5,-21
2,2,2,2,2,2,2,2,0,0,0,0,2,0,0,0,0,0,3,0,0,0,0,0,0,0,0,0,0,0,0,0,0,0,0,0,0,0,0,0,0,0,0,-1,0,2,2,2,2,2,2,2,2,0,-1,0,0,-1,0,0,0,0,-1,-1,0,0,-1,0,0,0,-1,0,0,0,0,0,0,0,-1,0,-1,-1,0,0,0,-1,-1,-1,-1,-1,-1,-1,-1,0,0,-1,-1,-1,0,-1,-1,0,-1,0,-1,-1,0,-1,-1,0,0,-1,-1,-1,-1,-1,-1,-1,-1,-1,0,-1,-1,0,-1,-1,-1,-1,-1,0,-1,-1,-1,-1,-1,-1,-1,-1,-1,-1,-1,-1,-1,-1,-1,-1,-1,-1,0,-1,-1,-1,-1,-1,0,-1,-1,-1,-1,-1,1,12,1,3,1,54,0,7,-5,-21
2,2,2,2,2,2,2,2,0,0,0,0,2,0,0,0,0,0,-1,3,0,0,0,0,0,0,0,0,0,0,0,0,0,0,0,0,0,0,0,0,0,0,0,0,0,2,2,2,2,2,2,2,2,0,-1,0,0,-1,0,0,0,0,-1,0,0,0,0,0,0,-1,-1,0,0,0,-1,0,0,0,-1,0,-1,-1,0,0,0,0,0,-1,-1,-1,-1,0,0,0,-1,0,-1,-1,-1,0,-1,0,-1,-1,-1,-1,-1,-1,0,-1,-1,0,-1,0,-1,-1,-1,0,-1,-1,-1,-1,-1,-1,-1,-1,-1,-1,-1,-1,-1,-1,-1,-1,-1,-1,-1,-1,-1,-1,-1,-1,-1,-1,-1,-1,0,-1,-1,-1,-1,-1,-1,-1,-1,-1,-1,-1,-1,-1,1,12,0,3,1,55,0,7,-5,-21
2,2,2,2,2,2,2,2,0,0,0,0,2,0,0,0,0,0,3,0,0,0,0,0,0,0,0,0,0,0,0,0,0,0,0,0,0,0,0,0,0,0,0,-1,0,2,2,2,2,2,2,2,2,0,-1,0,0,0,0,-1,0,0,-1,0,0,0,-1,-1,0,-1,0,-1,0,-1,-1,-1,0,0,-1,0,0,0,-1,0,0,0,0,-1,0,-1,0,-1,0,0,-1,-1,0,0,-1,-1,0,-1,-1,-1,-1,0,-1,-1,0,0,0,0,-1,-1,-1,-1,0,0,-1,-1,-1,-1,-1,-1,-1,-1,-1,-1,-1,-1,-1,-1,-1,-1,-1,-1,-1,-1,-1,-1,-1,-1,-1,-1,-1,-1,-1,-1,-1,-1,-1,-1,-1,-1,-1,-1,-1,-1,-1,-1,1,12,0,3,1,54,0,7,-5,-21
2,2,2,2,2,2,2,2,0,0,0,0,3,0,0,0,0,0,2,0,0,0,0,0,0,0,0,0,0,0,-1,0,0,0,0,0,0,0,0,0,0,0,0,0,0,2,2,2,2,2,2,2,2,0,-1,0,0,0,0,0,0,0,-1,-1,0,0,-1,-1,0,-1,-1,0,0,-1,-1,0,0,0,-1,0,0,0,-1,0,0,0,0,-1,0,-1,0,-1,0,0,-1,-1,0,-1,-1,0,-1,0,0,-1,-1,-1,0,-1,0,-1,-1,-1,-1,0,-1,-1,-1,-1,0,-1,-1,-1,-1,-1,-1,-1,-1,-1,-1,-1,-1,-1,-1,-1,-1,-1,-1,0,-1,-1,-1,-1,-1,-1,-1,-1,-1,-1,-1,-1,-1,-1,-1,-1,-1,-1,-1,-1,-1,-1,1,12,0,3,1,57,0,7,-5,-21
2,2,2,2,2,2,2,2,0,0,0,0,2,0,0,0,0,0,-1,3,0,0,0,0,0,0,0,0,0,0,0,0,0,0,0,0,0,0,0,0,0,0,0,0,0,2,2,2,2,2,2,2,2,0,-1,-1,0,0,0,0,0,0,-1,-1,-1,0,0,-1,0,-1,-1,0,0,-1,-1,0,0,0,-1,0,0,0,-1,0,0,0,0,-1,0,-1,-1,-1,0,0,-1,-1,-1,-1,-1,0,-1,0,0,0,-1,-1,0,-1,-1,-1,-1,-1,-1,0,-1,-1,0,-1,-1,-1,-1,-1,-1,-1,0,-1,-1,0,-1,-1,-1,-1,-1,-1,-1,-1,0,-1,-1,-1,-1,-1,-1,-1,-1,-1,-1,-1,-1,-1,-1,-1,-1,-1,-1,-1,0,-1,-1,-1,1,12,1,3,1,54,1,7,-5,-21
2,2,2,2,2,2,2,2,0,0,0,0,3,0,0,0,0,0,2,0,0,0,0,0,0,0,0,0,0,0,-1,0,0,0,0,0,0,0,0,0,0,0,0,0,0,2,2,2,2,2,2,2,2,0,-1,0,0,0,0,0,-1,0,-1,-1,0,0,-1,-1,0,-1,-1,0,0,-1,-1,-1,0,0,-1,0,0,0,-1,0,0,0,0,-1,0,-1,0,-1,0,0,-1,-1,0,-1,-1,0,-1,0,-1,-1,-1,-1,-1,0,0,-1,-1,-1,-1,0,-1,-1,-1,-1,0,-1,-1,-1,-1,-1,-1,-1,-1,-1,-1,-1,-1,-1,0,-1,-1,-1,-1,-1,-1,0,-1,-1,-1,-1,-1,-1,-1,0,-1,-1,-1,0,-1,-1,-1,-1,-1,-1,-1,-1,1,12,1,3,1,57,0,7,-5,-21
2,2,2,2,2,2,2,2,0,0,0,0,2,0,0,0,0,0,3,0,0,0,0,0,0,0,0,0,-1,0,0,0,0,0,0,0,0,0,0,0,0,0,0,0,0,2,2,2,2,2,2,2,2,0,-1,0,0,0,0,0,0,-1,-1,0,0,0,0,0,-1,-1,0,-1,-1,0,-1,0,-1,0,0,0,0,-1,0,0,-1,-1,0,-1,-1,-1,-1,0,-1,-1,0,0,0,-1,0,-1,-1,0,-1,-1,-1,-1,0,-1,0,-1,-1,0,-1,-1,0,-1,0,-1,-1,-1,-1,-1,-1,-1,0,-1,-1,-1,-1,-1,-1,0,-1,-1,0,-1,-1,-1,-1,-1,-1,-1,-1,-1,-1,-1,-1,-1,-1,-1,-1,-1,-1,-1,-1,-1,-1,-1,-1,-1,1,12,1,3,1,53,1,7,-5,-21
2,2,2,2,2,2,2,2,0,0,0,0,2,0,0,0,0,0,-1,3,0,0,0,0,0,0,0,0,0,0,0,0,0,0,0,0,0,0,0,0,0,0,0,0,0,2,2,2,2,2,2,2,2,0,-1,0,0,0,0,0,0,0,-1,-1,0,0,-1,-1,0,-1,-1,0,0,-1,-1,0,0,0,-1,0,0,0,-1,0,0,0,0,-1,0,-1,0,0,0,0,-1,-1,0,-1,-1,0,-1,0,-1,-1,-1,-1,-1,0,0,-1,0,0,-1,0,-1,-1,-1,-1,-1,-1,-1,-1,-1,-1,-1,-1,-1,-1,-1,-1,-1,-1,-1,-1,-1,-1,-1,-1,-1,-1,-1,-1,-1,-1,-1,-1,-1,-1,-1,-1,-1,-1,-1,-1,-1,-1,-1,-1,-1,-1,1,12,1,3,1,63,1,7,-5,-21
2,2,2,2,2,2,2,2,0,0,0,0,3,0,0,0,0,0,2,0,0,0,0,0,0,0,0,0,0,0,-1,0,0,0,0,0,0,0,0,0,0,0,0,0,0,2,2,2,2,2,2,2,2,0,-1,0,-1,-1,0,0,0,-1,-1,-1,0,0,-1,0,0,0,-1,0,0,0,0,0,0,0,-1,0,-1,-1,0,0,0,-1,-1,-1,-1,-1,-1,-1,-1,0,0,-1,-1,0,0,-1,-1,0,-1,0,-1,-1,0,-1,-1,0,0,-1,-1,-1,-1,-1,-1,-1,-1,-1,0,-1,-1,0,-1,-1,0,-1,-1,0,-1,-1,-1,-1,-1,-1,-1,-1,-1,-1,-1,-1,-1,-1,0,-1,-1,-1,0,-1,-1,-1,-1,-1,-1,-1,-1,-1,-1,-1,1,12,0,3,1,54,1,7,-5,-21
2,2,2,2,2,2,2,2,0,0,0,0,2,0,0,0,0,0,3,0,0,0,0,0,0,0,0,0,0,0,0,0,0,0,0,0,0,0,0,0,0,0,0,-1,0,2,2,2,2,2,2,2,2,0,-1,0,0,0,0,-1,0,0,-1,0,0,0,-1,-1,0,-1,0,-1,0,-1,-1,0,0,0,0,0,0,-1,-1,0,0,0,-1,0,0,0,0,-1,0,0,0,0,0,-1,0,0,-1,0,-1,0,-1,0,-1,-1,-1,-1,-1,-1,-1,-1,-1,-1,-1,-1,-1,-1,-1,-1,-1,-1,-1,-1,-1,-1,-1,-1,-1,-1,-1,-1,-1,-1,-1,-1,-1,-1,-1,-1,-1,-1,-1,-1,-1,-1,-1,-1,-1,-1,-1,-1,-1,-1,-1,-1,-1,-1,1,12,1,3,1,54,1,7,-5,-21
2,2,2,2,2,2,2,2,0,0,0,0,2,0,0,0,0,0,-1,3,0,0,0,0,0,0,0,0,0,0,0,0,0,0,0,0,0,0,0,0,0,0,0,0,0,2,2,2,2,2,2,2,2,0,-1,0,0,0,0,0,0,0,-1,-1,0,0,0,-1,0,0,0,0,0,0,-1,-1,-1,-1,0,0,-1,0,0,-1,-1,-1,-1,0,0,-1,-1,0,-1,0,-1,-1,-1,-1,-1,-1,0,0,-1,-1,-1,0,-1,-1,0,0,0,0,-1,-1,-1,-1,0,0,0,-1,0,-1,-1,-1,-1,-1,-1,-1,-1,-1,-1,-1,-1,-1,-1,-1,-1,-1,-1,-1,-1,-1,-1,-1,-1,-1,-1,-1,-1,-1,-1,-1,-1,-1,-1,-1,-1,-1,-1,-1,1,12,0,3,1,55,1,7,-5,-21
2,2,2,2,2,2,2,2,0,0,0,0,3,0,0,0,0,0,2,0,0,0,0,0,0,0,0,0,0,0,0,0,-1,0,0,0,0,0,0,0,0,0,0,0,0,2,2,2,2,2,2,2,2,0,-1,0,0,-1,0,0,0,0,-1,-1,0,0,-1,0,0,0,-1,0,0,0,0,0,0,0,-1,0,-1,-1,0,0,0,-1,-1,-1,-1,-1,-1,-1,-1,0,0,-1,-1,-1,0,-1,0,-1,-1,0,-1,0,-1,-1,0,0,0,0,-1,-1,-1,-1,0,0,-1,-1,0,-1,-1,-1,-1,-1,-1,-1,-1,-1,-1,-1,-1,-1,-1,-1,-1,-1,-1,-1,-1,-1,-1,-1,-1,-1,-1,-1,-1,-1,-1,-1,-1,-1,-1,-1,-1,-1,-1,-1,1,12,1,3,1,54,0,7,-5,-21
2,2,2,2,2,2,2,2,0,0,0,0,3,0,0,0,0,0,2,0,0,0,0,0,0,0,0,0,0,0,0,0,-1,0,0,0,0,0,0,0,0,0,0,0,0,2,2,2,2,2,2,2,2,0,-1,0,0,-1,0,0,0,0,-1,-1,0,0,-1,0,0,0,-1,0,0,0,0,0,0,0,-1,0,-1,-1,0,0,0,-1,-1,-1,-1,-1,-1,-1,-1,0,0,-1,-1,-1,0,-1,-1,0,-1,0,-1,-1,0,-1,-1,0,0,-1,-1,-1,-1,-1,-1,-1,-1,-1,0,-1,-1,0,-1,-1,-1,-1,-1,0,-1,0,-1,-1,-1,-1,-1,-1,-1,-1,-1,-1,-1,-1,-1,0,-1,-1,-1,-1,-1,-1,-1,-1,-1,-1,-1,-1,-1,-1,1,12,0,3,1,54,1,7,-5,-21
2,2,2,2,2,2,2,2,0,0,0,0,2,0,0,0,0,0,3,0,0,0,0,0,0,0,0,0,0,0,0,0,0,0,0,0,0,0,0,0,0,0,0,-1,0,2,2,2,2,2,2,2,2,0,-1,0,0,0,0,-1,0,0,-1,0,0,0,-1,-1,0,-1,0,-1,0,-1,-1,0,0,0,0,0,0,0,-1,0,-1,0,-1,-1,0,-1,0,-1,0,0,0,-1,-1,-1,0,0,-1,0,-1,0,-1,0,-1,-1,-1,-1,-1,0,-1,-1,-1,-1,-1,-1,-1,0,-1,-1,-1,0,-1,-1,-1,-1,-1,-1,-1,-1,-1,-1,-1,-1,-1,-1,-1,-1,-1,-1,-1,-1,0,-1,-1,-1,-1,-1,-1,-1,-1,-1,-1,-1,-1,-1,-1,-1,1,12,1,3,1,55,1,7,-5,-21
2,2,2,2,2,2,2,2,0,0,0,0,3,0,0,0,0,0,2,0,0,0,0,0,0,0,0,0,0,0,-1,0,0,0,0,0,0,0,0,0,0,0,0,0,0,2,2,2,2,2,2,2,2,0,-1,0,0,0,0,0,-1,0,-1,-1,0,0,-1,-1,-1,-1,-1,0,0,-1,-1,0,0,0,-1,0,0,0,-1,0,0,0,0,-1,0,-1,0,-1,0,0,-1,-1,0,0,-1,0,-1,0,0,0,-1,-1,0,-1,0,-1,-1,0,-1,-1,0,-1,0,-1,-1,-1,-1,-1,-1,-1,-1,-1,-1,-1,-1,-1,-1,-1,-1,-1,-1,-1,-1,-1,-1,-1,-1,-1,-1,-1,-1,-1,-1,-1,-1,-1,-1,-1,-1,-1,-1,-1,-1,-1,-1,-1,1,12,0,3,1,54,0,7,-5,-21
2,2,2,2,2,2,2,2,0,0,0,0,3,0,0,0,0,0,2,0,0,0,0,0,0,0,0,0,0,0,-1,0,0,0,0,0,0,0,0,0,0,0,0,0,0,2,2,2,2,2,2,2,2,0,-1,0,0,0,0,0,-1,0,0,-1,0,0,-1,-1,-1,-1,-1,0,0,-1,-1,-1,0,0,-1,0,0,0,-1,0,0,0,0,-1,0,-1,0,-1,0,0,-1,-1,0,-1,-1,0,-1,0,-1,-1,-1,-1,-1,0,0,-1,-1,-1,-1,0,-1,-1,-1,-1,0,-1,-1,-1,-1,-1,-1,-1,-1,-1,-1,-1,-1,-1,-1,-1,-1,0,0,-1,-1,0,-1,-1,-1,-1,-1,-1,-1,0,-1,-1,-1,-1,-1,-1,-1,-1,-1,-1,-1,-1,1,12,1,3,1,56,0,7,-5,-21
2,2,2,2,2,2,2,2,0,0,0,0,2,0,0,0,0,0,3,0,0,0,0,0,0,0,0,0,-1,0,0,0,0,0,0,0,0,0,0,0,0,0,0,0,0,2,2,2,2,2,2,2,2,0,-1,0,0,0,0,0,0,0,-1,-1,0,-1,0,-1,0,0,0,-1,0,0,0,-1,0,-1,0,0,-1,-1,0,0,-1,-1,0,-1,0,-1,-1,0,-1,0,-1,-1,-1,-1,-1,-1,0,-1,-1,-1,-1,0,-1,-1,0,0,0,0,-1,-1,-1,-1,-1,0,0,-1,0,-1,-1,-1,-1,-1,-1,-1,-1,-1,-1,0,-1,-1,-1,-1,-1,-1,-1,0,-1,-1,-1,-1,-1,-1,-1,-1,-1,-1,-1,-1,-1,-1,-1,-1,-1,-1,-1,-1,1,12,0,3,1,54,0,7,-5,-21
2,2,2,2,2,2,2,2,0,0,0,0,3,0,0,0,0,0,2,0,0,0,0,0,0,0,0,0,0,0,-1,0,0,0,0,0,0,0,0,0,0,0,0,0,0,2,2,2,2,2,2,2,2,0,-1,0,0,0,0,0,0,-1,-1,0,0,0,-1,0,-1,-1,0,-1,-1,0,-1,0,0,0,0,0,0,-1,0,0,0,-1,0,-1,-1,-1,-1,-1,0,-1,-1,0,0,-1,0,-1,-1,0,0,-1,-1,-1,-1,-1,0,-1,-1,0,-1,-1,0,-1,0,-1,0,-1,-1,-1,-1,-1,-1,-1,-1,-1,-1,0,-1,-1,-1,-1,-1,-1,-1,-1,-1,-1,-1,-1,-1,-1,-1,-1,-1,-1,0,-1,-1,-1,-1,-1,-1,-1,-1,-1,-1,-1,1,12,1,3,1,58,0,7,-5,-21
2,2,2,2,2,2,2,2,0,0,0,0,3,0,0,0,0,0,2,0,0,0,0,0,0,0,0,0,0,0,-1,0,0,0,0,0,0,0,0,0,0,0,0,0,0,2,2,2,2,2,2,2,2,0,-1,0,0,0,0,0,0,0,-1,-1,0,0,-1,-1,0,-1,-1,0,0,-1,-1,-1,0,0,-1,0,0,0,-1,0,0,0,0,-1,0,-1,0,0,0,0,-1,-1,0,-1,-1,0,-1,-1,-1,-1,-1,-1,-1,0,0,-1,-1,-1,-1,0,-1,-1,-1,-1,0,-1,-1,-1,-1,-1,-1,-1,-1,-1,-1,-1,-1,0,0,-1,-1,-1,-1,0,-1,-1,-1,-1,-1,-1,-1,-1,-1,-1,-1,-1,-1,-1,-1,-1,-1,-1,-1,-1,-1,-1,1,12,1,3,1,62,1,7,-5,-21
2,2,2,2,2,2,2,2,0,0,0,0,2,0,0,0,0,0,-1,3,0,0,0,0,0,0,0,0,0,0,0,0,0,0,0,0,0,0,0,0,0,0,0,0,0,2,2,2,2,2,2,2,2,0,-1,-1,0,0,0,0,0,0,-1,-1,-1,0,0,-1,0,0,-1,0,0,-1,-1,0,0,0,-1,0,0,0,-1,0,0,0,0,-1,0,-1,-1,-1,0,0,-1,-1,-1,-1,-1,0,-1,0,0,0,-1,-1,0,-1,-1,-1,-1,-1,-1,0,-1,-1,0,-1,-1,-1,-1,-1,-1,-1,0,-1,-1,0,-1,-1,-1,-1,-1,-1,-1,-1,0,-1,-1,-1,-1,-1,-1,-1,-1,-1,-1,-1,-1,-1,-1,-1,-1,-1,-1,-1,-1,-1,-1,-1,1,12,1,3,1,54,1,7,-5,-21
2,2,2,2,2,2,2,2,0,0,0,0,3,0,0,0,0,0,2,0,0,0,0,0,0,0,0,0,0,0,-1,0,0,0,0,0,0,0,0,0,0,0,0,0,0,2,2,2,2,2,2,2,2,0,-1,0,0,0,0,0,-1,-1,-1,-1,0,0,-1,-1,0,-1,-1,0,0,-1,-1,-1,0,0,-1,0,0,0,-1,0,0,0,0,-1,0,-1,0,-1,0,0,-1,-1,0,-1,-1,0,-1,0,-1,-1,-1,-1,-1,0,0,-1,-1,-1,-1,0,-1,-1,-1,-1,0,-1,-1,-1,-1,-1,-1,-1,-1,-1,-1,-1,-1,0,0,-1,0,-1,-1,0,-1,0,-1,-1,-1,-1,-1,-1,-1,-1,-1,-1,-1,-1,-1,-1,-1,-1,-1,-1,-1,-1,1,12,0,3,1,61,1,7,-5,-21
2,2,2,2,2,2,2,2,0,0,0,0,3,0,0,0,0,0,2,0,0,0,0,0,0,0,0,0,0,0,-1,0,0,0,0,0,0,0,0,0,0,0,0,0,0,2,2,2,2,2,2,2,2,0,-1,0,0,0,0,0,-1,0,-1,-1,0,0,-1,-1,-1,-1,-1,0,0,-1,-1,-1,0,0,-1,0,0,0,-1,0,0,0,0,-1,0,-1,0,-1,0,0,-1,-1,0,0,-1,0,-1,0,0,-1,-1,-1,0,-1,0,-1,-1,0,-1,-1,0,-1,0,-1,-1,0,-1,-1,-1,-1,0,-1,-1,-1,-1,-1,-1,-1,-1,-1,-1,-1,-1,-1,-1,-1,-1,-1,-1,-1,-1,-1,-1,-1,-1,-1,-1,-1,-1,-1,-1,-1,-1,-1,-1,-1,1,12,1,3,1,57,0,7,-5,-21
2,2,2,2,2,2,2,2,0,0,0,0,2,0,0,0,0,0,3,0,0,0,0,0,0,0,0,0,-1,0,0,0,0,0,0,0,0,0,0,0,0,0,0,0,0,2,2,2,2,2,2,2,2,0,-1,0,0,0,0,0,0,-1,-1,0,0,0,0,0,0,-1,-1,0,0,0,-1,0,0,0,-1,0,-1,-1,-1,0,0,0,0,-1,-1,-1,-1,0,0,0,-1,-1,-1,-1,-1,0,-1,0,-1,-1,-1,-1,-1,-1,0,-1,0,0,-1,0,-1,-1,-1,0,-1,-1,-1,-1,-1,-1,-1,-1,-1,0,0,-1,-1,-1,-1,-1,-1,-1,-1,-1,-1,-1,-1,-1,-1,-1,-1,-1,-1,-1,-1,-1,-1,-1,-1,-1,-1,-1,-1,-1,-1,-1,1,12,0,3,1,54,0,7,-5,-21
2,2,2,2,2,2,2,2,0,0,0,0,2,0,0,0,0,0,3,0,0,0,0,0,0,0,0,0,-1,0,0,0,0,0,0,0,0,0,0,0,0,0,0,0,0,2,2,2,2,2,2,2,2,0,-1,0,0,0,0,0,0,0,-1,-1,0,0,0,-1,0,-1,-1,0,0,-1,-1,0,0,0,-1,0,0,0,-1,0,0,0,-1,-1,0,-1,0,-1,0,0,-1,-1,0,-1,-1,0,-1,0,-1,-1,-1,-1,-1,0,0,-1,-1,-1,-1,0,-1,-1,-1,-1,0,-1,-1,-1,-1,-1,-1,-1,-1,-1,-1,-1,-1,0,0,-1,-1,-1,-1,-1,-1,-1,-1,-1,-1,-1,-1,-1,-1,-1,-1,-1,-1,-1,-1,-1,-1,-1,-1,-1,-1,-1,1,12,1,3,1,54,0,7,-5,-21
2,2,2,2,2,2,2,2,0,0,0,0,2,0,0,0,0,0,3,0,0,0,0,0,0,0,0,0,0,0,0,0,0,0,0,0,0,0,0,0,0,0,0,-1,0,2,2,2,2,2,2,2,2,0,-1,0,0,0,0,-1,0,0,-1,0,0,0,-1,-1,0,-1,0,-1,0,-1,-1,-1,0,0,-1,0,0,0,-1,0,0,0,0,-1,-1,-1,0,-1,0,0,-1,-1,0,-1,-1,0,-1,0,-1,-1,-1,-1,-1,0,-1,-1,-1,-1,-1,0,-1,0,-1,-1,0,-1,-1,-1,-1,-1,-1,-1,-1,-1,-1,-1,-1,-1,0,-1,-1,-1,-1,-1,-1,0,-1,-1,-1,-1,-1,-1,-1,0,-1,0,-1,-1,-1,-1,-1,-1,-1,-1,-1,-1,1,12,1,3,1,54,1,7,-5,-21
2,2,2,2,2,2,2,2,0,0,0,0,2,0,0,0,0,0,3,0,0,0,0,0,0,0,0,0,-1,0,0,0,0,0,0,0,0,0,0,0,0,0,0,0,0,2,2,2,2,2,2,2,2,0,-1,0,0,0,0,-1,0,0,-1,0,0,0,-1,-1,0,-1,0,-1,0,-1,-1,0,0,0,0,0,0,-1,-1,0,0,0,0,-1,0,-1,0,0,0,0,0,0,0,-1,0,0,-1,0,-1,0,-1,0,-1,-1,-1,-1,-1,-1,-1,-1,-1,-1,-1,-1,-1,-1,-1,-1,-1,-1,-1,-1,-1,-1,-1,-1,-1,-1,-1,-1,-1,-1,-1,-1,-1,-1,-1,-1,-1,-1,-1,-1,-1,-1,-1,-1,-1,-1,-1,-1,-1,-1,-1,-1,-1,-1,1,12,1,3,1,58,1,7,-5,-21
2,2,2,2,2,2,2,2,0,0,0,0,3,0,0,0,0,0,2,0,0,0,0,0,0,0,0,0,0,0,-1,0,0,0,0,0,0,0,0,0,0,0,0,0,0,2,2,2,2,2,2,2,2,0,-1,0,0,0,0,0,-1,0,-1,-1,0,0,-1,0,0,-1,-1,0,0,-1,-1,-1,0,0,-1,0,0,0,-1,0,0,0,0,-1,0,0,0,-1,0,0,-1,-1,0,-1,-1,0,-1,0,-1,-1,-1,-1,-1,0,0,-1,-1,-1,-1,0,-1,-1,-1,-1,0,-1,-1,-1,-1,-1,-1,-1,-1,-1,-1,-1,-1,-1,-1,-1,-1,0,0,-1,-1,-1,-1,-1,-1,-1,-1,-1,-1,-1,-1,-1,-1,-1,-1,-1,-1,-1,-1,-1,-1,-1,1,12,0,3,1,60,0,7,-5,-21
0,2,2,2,2,2,2,2,0,0,0,0,0,0,0,0,0,0,0,0,0,0,0,0,0,0,0,0,0,0,0,0,0,0,0,0,0,0,0,0,0,0,0,2,2,2,2,2,2,2,0,0,0,0,0,0,-1,0,0,0,0,0,-1,3,2,2,3,-1,3,2,-1,-1,-1,0,3,-1,3,3,-1,2,-1,2,-1,0,0,3,0,3,3,2,3,2,0,0,0,2,2,-1,2,2,-1,3,2,2,-1,3,-1,2,-1,2,2,3,2,-1,2,0,-1,-1,-1,3,0,2,-1,3,0,3,2,2,0,0,2,-1,0,-1,-1,-1,-1,0,-1,-1,3,-1,0,0,-1,-1,3,-1,-1,3,-1,3,-1,0,-1,0,0,0,0,-1,1,12,1,3,0,59,0,4,-5,-21
2,2,2,2,2,2,2,2,0,0,0,0,2,0,0,0,0,0,3,0,0,0,0,0,0,0,0,0,-1,0,0,0,0,0,0,0,0,0,0,0,0,0,0,0,0,2,2,2,2,2,2,2,2,0,-1,0,0,0,0,0,0,0,-1,-1,0,0,-1,-1,0,-1,-1,0,0,-1,-1,0,0,0,-1,0,0,0,-1,0,0,0,0,-1,0,-1,0,-1,0,0,-1,-1,0,-1,-1,0,-1,0,0,-1,-1,-1,0,-1,0,-1,-1,-1,-1,0,-1,-1,-1,-1,0,-1,-1,-1,-1,-1,-1,-1,-1,-1,-1,-1,-1,-1,-1,-1,-1,-1,-1,-1,-1,-1,-1,-1,-1,-1,-1,-1,-1,-1,-1,-1,-1,-1,-1,0,-1,-1,-1,-1,-1,-1,1,12,1,3,1,59,1,7,-5,-21
2,2,2,2,2,2,2,2,0,0,0,0,2,0,0,0,0,0,3,0,0,0,0,0,0,0,0,0,0,0,0,0,0,0,0,0,0,0,0,0,0,0,0,-1,0,2,2,2,2,2,2,2,2,0,-1,0,0,0,0,-1,0,0,-1,0,0,0,-1,-1,0,-1,0,-1,2,-1,-1,0,0,0,0,0,0,-1,-1,0,0,0,0,-1,0,-1,0,-1,0,0,0,0,0,-1,0,0,-1,0,-1,0,-1,0,-1,-1,-1,-1,-1,0,-1,-1,-1,-1,-1,-1,-1,-1,-1,-1,-1,-1,-1,-1,-1,-1,-1,-1,-1,-1,-1,-1,-1,-1,-1,-1,-1,-1,-1,-1,-1,-1,-1,-1,-1,-1,-1,-1,-1,-1,-1,-1,-1,-1,-1,-1,-1,-1,1,12,1,3,1,54,1,7,-5,-21
2,2,2,2,2,2,2,2,0,0,0,0,3,0,0,0,0,0,2,0,0,0,0,0,0,0,0,0,0,0,-1,0,0,0,0,0,0,0,0,0,0,0,0,0,0,2,2,2,2,2,2,2,2,0,-1,0,0,0,0,0,-1,0,-1,-1,0,0,-1,-1,0,-1,-1,0,0,-1,-1,-1,0,0,-1,0,0,0,-1,0,0,0,0,-1,0,-1,0,-1,0,-1,-1,-1,0,-1,-1,0,-1,0,-1,-1,-1,-1,-1,0,0,-1,-1,-1,-1,0,-1,-1,-1,-1,0,-1,-1,-1,-1,-1,-1,-1,-1,-1,-1,-1,-1,-1,0,-1,-1,-1,-1,-1,-1,0,-1,-1,-1,-1,-1,-1,-1,0,-1,-1,-1,0,-1,-1,-1,0,-1,-1,-1,-1,1,12,0,3,1,54,1,7,-5,-21
2,2,2,2,2,2,2,2,0,0,0,0,2,0,0,0,0,0,3,0,0,0,0,0,0,0,0,0,-1,0,0,0,0,0,0,0,0,0,0,0,0,0,0,0,0,2,2,2,2,2,2,2,2,0,-1,0,0,0,0,0,0,-1,-1,0,0,0,0,0,0,-1,-1,0,0,0,-1,0,-1,-1,0,0,-1,-1,-1,0,0,0,0,-1,-1,-1,-1,0,0,0,-1,-1,-1,-1,-1,0,-1,0,-1,-1,-1,-1,0,-1,-1,0,0,-1,-1,-1,-1,-1,-1,-1,-1,-1,0,-1,-1,0,-1,-1,0,-1,-1,0,-1,-1,0,-1,-1,-1,-1,-1,-1,-1,-1,-1,-1,-1,-1,-1,-1,-1,-1,-1,-1,-1,-1,-1,-1,-1,-1,-1,-1,-1,1,12,0,3,1,54,1,7,-5,-21
0,2,2,2,2,2,2,2,0,0,0,0,0,0,0,0,0,0,0,0,0,0,0,0,0,0,0,0,0,0,0,0,0,0,0,0,0,0,0,0,0,0,0,2,2,2,2,2,2,2,0,0,0,0,0,0,-1,0,0,0,0,0,-1,3,2,2,3,-1,3,2,-1,-1,-1,0,3,-1,3,3,-1,2,-1,2,-1,0,0,3,0,3,3,2,3,2,0,0,0,2,2,-1,2,2,-1,3,2,2,-1,3,-1,2,-1,2,2,3,2,-1,2,0,-1,-1,-1,3,0,2,-1,3,0,3,2,2,0,0,2,-1,0,-1,-1,-1,-1,0,-1,-1,3,-1,0,0,-1,-1,3,-1,-1,3,-1,3,-1,0,-1,0,0,0,0,-1,1,11,0,3,0,59,1,4,-5,-21
2,2,2,2,2,2,2,2,0,0,0,0,3,0,0,0,0,0,2,0,0,0,0,0,0,0,0,0,0,0,-1,0,0,0,0,0,0,0,0,0,0,0,0,0,0,2,2,2,2,2,2,2,2,0,-1,0,0,0,0,0,0,0,-1,0,0,0,0,0,0,-1,0,0,0,0,-1,0,0,0,-1,0,-1,-1,0,0,0,0,0,-1,-1,-1,-1,0,0,-1,-1,-1,-1,-1,-1,0,-1,0,-1,-1,-1,-1,0,-1,0,-1,-1,0,-1,0,-1,-1,-1,0,-1,-1,-1,-1,-1,-1,-1,-1,-1,-1,-1,-1,-1,-1,-1,-1,-1,-1,-1,-1,-1,-1,-1,-1,-1,-1,-1,-1,-1,-1,-1,-1,-1,-1,-1,-1,-1,-1,-1,-1,-1,-1,1,12,0,3,1,58,1,7,-5,-21
2,2,2,2,2,2,2,2,0,0,0,0,3,0,0,0,0,0,2,0,0,0,0,0,0,0,0,0,0,0,-1,0,0,0,0,0,0,0,0,0,0,0,0,0,0,2,2,2,2,2,2,2,2,0,-1,0,0,0,0,0,0,-1,-1,0,0,0,0,0,0,-1,-1,0,0,0,-1,0,0,-1,0,0,0,0,0,0,0,-1,0,-1,-1,-1,0,0,0,0,-1,-1,-1,-1,-1,0,-1,0,-1,-1,-1,-1,0,-1,0,-1,-1,-1,-1,-1,-1,-1,-1,-1,-1,-1,-1,-1,-1,-1,0,0,-1,-1,-1,-1,-1,-1,-1,-1,-1,-1,-1,-1,-1,-1,-1,-1,-1,-1,-1,-1,-1,-1,-1,-1,-1,-1,-1,-1,-1,-1,-1,-1,-1,-1,1,12,1,3,1,54,0,7,-5,-21
2,2,2,2,2,2,2,2,0,0,0,0,3,0,0,0,0,0,2,0,0,0,0,0,0,0,0,0,0,0,-1,0,0,0,0,0,0,0,0,0,0,0,0,0,0,2,2,2,2,2,2,2,2,0,0,0,0,0,0,0,0,-1,-1,0,0,0,-1,0,0,-1,0,0,0,0,-1,0,-1,0,0,-1,-1,0,0,-1,0,-1,0,-1,0,-1,-1,0,-1,-1,0,-1,-1,-1,0,-1,-1,0,0,-1,-1,-1,0,-1,-1,-1,-1,0,-1,-1,0,-1,0,-1,-1,-1,-1,-1,-1,-1,-1,-1,-1,-1,-1,-1,-1,-1,0,-1,-1,-1,-1,-1,-1,-1,-1,-1,-1,-1,-1,-1,-1,-1,-1,-1,-1,-1,-1,-1,-1,0,-1,-1,-1,-1,1,12,0,3,1,60,0,7,-5,-21
2,2,2,2,2,2,2,2,0,0,0,0,3,0,0,0,0,0,2,0,0,0,0,0,0,0,0,0,0,0,-1,0,0,0,0,0,0,0,0,0,0,0,0,0,0,2,2,2,2,2,2,2,2,0,-1,0,0,0,0,0,-1,0,-1,-1,0,0,-1,-1,-1,-1,-1,0,0,-1,-1,-1,0,0,-1,0,0,0,-1,0,0,0,0,-1,-1,-1,0,-1,0,0,0,-1,0,0,-1,0,-1,0,-1,-1,-1,-1,-1,0,0,0,-1,-1,-1,0,-1,-1,-1,-1,0,-1,-1,-1,-1,-1,-1,-1,-1,-1,-1,-1,-1,-1,0,-1,-1,-1,-1,-1,-1,0,-1,-1,-1,-1,-1,-1,-1,0,-1,-1,-1,-1,-1,-1,-1,-1,-1,-1,-1,-1,1,12,0,3,1,54,1,7,-5,-21
2,2,2,2,2,2,2,2,0,0,0,0,2,0,0,0,0,0,-1,3,0,0,0,0,0,0,0,0,0,0,0,0,0,0,0,0,0,0,0,0,0,0,0,0,0,2,2,2,2,2,2,2,2,0,-1,0,0,0,0,0,0,0,-1,0,0,0,0,0,0,-1,0,0,0,0,-1,0,0,0,-1,0,0,0,-1,0,0,0,0,-1,0,-1,0,-1,0,0,-1,-1,0,0,-1,0,-1,0,-1,-1,-1,-1,-1,-1,-1,-1,-1,-1,-1,-1,-1,-1,-1,-1,-1,-1,-1,-1,-1,-1,-1,-1,-1,-1,-1,-1,-1,-1,-1,-1,-1,-1,-1,-1,-1,-1,-1,-1,-1,-1,-1,-1,-1,-1,-1,-1,-1,-1,-1,-1,-1,-1,-1,-1,-1,-1,1,12,1,3,1,58,1,7,-5,-21
0,2,2,2,2,2,2,2,0,0,0,0,0,0,0,0,0,0,0,0,0,0,0,0,0,0,0,0,0,0,0,0,0,0,0,0,0,0,0,0,0,0,0,2,2,2,2,2,2,2,0,0,0,0,0,0,-1,0,0,0,0,0,-1,3,2,2,3,-1,3,2,-1,-1,-1,0,3,-1,3,3,-1,2,-1,2,-1,0,0,3,0,3,3,2,3,2,0,0,0,2,2,-1,2,2,-1,3,2,2,-1,3,-1,2,-1,2,2,3,2,-1,2,0,-1,-1,-1,3,0,2,-1,3,0,3,2,2,0,0,2,-1,0,-1,-1,-1,-1,0,-1,-1,3,-1,0,0,-1,-1,3,-1,-1,3,-1,3,-1,0,-1,0,0,0,0,-1,1,9,1,3,0,59,1,6,-5,-21
2,2,2,2,2,2,2,2,0,0,0,0,3,0,0,0,0,0,2,0,0,0,0,0,0,0,0,0,0,0,-1,0,0,0,0,0,0,0,0,0,0,0,0,0,0,2,2,2,2,2,2,2,2,0,-1,0,0,0,0,0,-1,0,-1,-1,0,0,-1,-1,0,-1,-1,0,0,-1,-1,-1,0,0,-1,0,0,0,-1,0,0,0,0,-1,0,-1,0,-1,0,-1,-1,-1,0,-1,-1,0,-1,0,-1,-1,-1,-1,-1,0,0,-1,-1,-1,-1,0,-1,-1,-1,-1,0,-1,-1,-1,-1,-1,-1,-1,-1,-1,-1,-1,-1,0,0,-1,-1,-1,-1,0,-1,0,-1,-1,-1,-1,-1,-1,-1,0,-1,-1,-1,-1,-1,-1,-1,-1,-1,-1,-1,-1,1,12,0,3,1,58,0,7,-5,-21
2,2,2,2,2,2,2,2,0,0,0,0,2,0,0,0,0,0,3,0,0,0,0,0,0,0,0,0,0,0,0,0,0,0,0,0,0,0,0,0,0,0,0,-1,0,2,2,2,2,2,2,2,2,0,-1,0,0,0,0,-1,0,0,-1,0,0,0,-1,-1,0,-1,0,-1,0,-1,-1,0,0,0,0,0,0,0,-1,0,0,0,-1,-1,0,-1,0,-1,0,-1,0,0,-1,-1,0,0,-1,0,-1,0,-1,0,-1,-1,0,-1,-1,-1,0,0,-1,-1,-1,-1,-1,-1,-1,-1,-1,-1,-1,-1,-1,-1,-1,-1,-1,-1,-1,-1,-1,-1,-1,-1,-1,-1,-1,-1,-1,-1,-1,-1,-1,-1,-1,-1,-1,-1,-1,-1,-1,-1,-1,-1,-1,-1,1,12,1,3,1,55,0,7,-5,-21
2,2,2,2,2,2,2,2,0,0,0,0,2,0,0,0,0,0,3,0,0,0,0,0,0,0,0,0,-1,0,0,0,0,0,0,0,0,0,0,0,0,0,0,0,0,2,2,2,2,2,2,2,2,0,-1,0,0,0,0,0,0,0,-1,-1,0,0,-1,-1,0,-1,-1,0,0,-1,-1,0,0,0,-1,0,0,0,-1,0,0,0,0,-1,0,-1,0,-1,0,0,-1,-1,0,-1,-1,0,-1,0,0,-1,-1,-1,0,-1,0,-1,0,-1,-1,-1,0,-1,0,-1,-1,-1,-1,-1,-1,-1,-1,-1,-1,-1,-1,-1,-1,-1,-1,-1,-1,-1,-1,-1,-1,-1,-1,-1,-1,-1,-1,-1,-1,-1,-1,-1,-1,-1,-1,-1,-1,-1,-1,-1,-1,-1,1,12,1,3,1,54,0,7,-5,-21
2,2,2,2,2,2,2,2,0,0,0,0,3,0,0,0,0,0,2,0,0,0,0,0,0,0,0,0,0,0,-1,0,0,0,0,0,0,0,0,0,0,0,0,0,0,2,2,2,2,2,2,2,2,0,0,0,0,0,0,0,0,-1,-1,0,0,0,-1,0,0,-1,0,0,0,0,-1,0,0,0,0,-1,-1,0,0,-1,0,-1,0,-1,0,-1,-1,0,-1,-1,0,-1,-1,-1,0,-1,-1,0,0,-1,-1,-1,0,-1,-1,-1,-1,0,-1,-1,0,-1,0,-1,-1,-1,-1,-1,-1,-1,-1,-1,-1,-1,-1,-1,-1,-1,0,-1,-1,-1,-1,-1,-1,-1,-1,-1,-1,-1,-1,-1,-1,-1,-1,-1,-1,-1,-1,-1,-1,-1,-1,-1,-1,-1,1,12,0,3,1,54,0,7,-5,-21
2,2,2,2,2,2,2,2,0,0,0,0,2,0,0,0,0,0,3,0,0,0,0,0,0,0,0,0,0,0,0,0,0,0,0,0,0,0,0,0,0,0,0,-1,0,2,2,2,2,2,2,2,2,0,-1,0,0,0,0,0,0,-1,-1,0,0,0,-1,0,0,-1,-1,0,0,0,-1,0,0,0,-1,0,-1,-1,-1,0,0,0,0,-1,-1,-1,-1,0,0,0,-1,-1,-1,-1,-1,0,-1,0,-1,-1,-1,-1,-1,-1,0,-1,0,0,-1,0,-1,-1,-1,0,-1,-1,-1,-1,-1,-1,-1,-1,-1,0,0,-1,-1,-1,-1,-1,-1,-1,-1,0,-1,-1,-1,-1,-1,-1,-1,-1,-1,-1,-1,-1,-1,-1,-1,-1,-1,-1,-1,-1,-1,-1,1,12,1,3,1,54,1,7,-5,-21
2,2,2,2,2,2,2,2,0,0,0,0,2,0,0,0,0,0,3,0,0,0,0,0,0,0,0,0,0,0,0,0,0,0,0,0,0,0,0,0,0,0,0,-1,0,2,2,2,2,2,2,2,2,0,-1,0,0,0,0,-1,0,0,0,0,0,0,-1,-1,0,-1,0,-1,0,-1,-1,0,0,0,0,0,0,-1,-1,0,0,0,0,-1,0,-1,0,-1,0,-1,0,0,0,-1,0,0,-1,0,-1,0,-1,0,-1,-1,-1,-1,-1,0,-1,-1,-1,-1,-1,-1,-1,-1,-1,-1,-1,-1,-1,-1,-1,-1,-1,-1,-1,-1,-1,-1,-1,-1,-1,-1,-1,-1,-1,-1,-1,-1,-1,-1,-1,-1,-1,-1,-1,-1,-1,-1,-1,-1,-1,-1,-1,-1,1,12,1,3,1,58,1,7,-5,-21
2,2,2,2,2,2,2,2,0,0,0,0,3,0,0,0,0,0,2,0,0,0,0,0,0,0,0,0,0,0,-1,0,0,0,0,0,0,0,0,0,0,0,0,0,0,2,2,2,2,2,2,2,2,0,-1,0,0,0,0,0,-1,0,-1,-1,0,0,-1,-1,-1,-1,-1,0,0,-1,-1,-1,0,0,-1,0,0,0,-1,0,0,0,0,-1,0,-1,0,-1,0,0,-1,-1,0,0,-1,0,-1,0,-1,-1,-1,-1,-1,0,0,-1,-1,-1,-1,0,-1,-1,-1,-1,0,-1,-1,-1,-1,0,-1,-1,0,-1,-1,-1,-1,-1,0,-1,-1,-1,-1,-1,-1,0,-1,-1,-1,-1,-1,-1,-1,-1,-1,-1,-1,-1,-1,-1,-1,-1,-1,-1,-1,-1,1,12,0,3,1,54,0,7,-5,-21
2,2,2,2,2,2,2,2,0,0,0,0,2,0,0,0,0,0,3,0,0,0,0,0,0,0,0,0,-1,0,0,0,0,0,0,0,0,0,0,0,0,0,0,0,0,2,2,2,2,2,2,2,2,0,-1,0,0,0,0,0,-1,-1,-1,-1,0,0,-1,-1,0,-1,-1,0,0,-1,-1,-1,0,0,-1,0,0,0,-1,0,0,0,0,-1,0,-1,0,-1,0,0,-1,-1,0,-1,-1,0,-1,0,-1,-1,-1,-1,-1,0,0,-1,-1,-1,-1,0,-1,-1,-1,-1,0,-1,-1,-1,-1,-1,-1,-1,-1,-1,-1,-1,-1,0,0,-1,0,-1,-1,0,-1,0,-1,-1,-1,-1,-1,-1,-1,-1,-1,-1,-1,-1,-1,-1,-1,-1,-1,-1,-1,-1,1,12,0,3,1,61,0,7,-5,-21
2,2,2,2,2,2,2,2,0,0,0,0,2,0,0,0,0,0,3,0,0,0,0,0,0,0,0,0,-1,0,0,0,0,0,0,0,0,0,0,0,0,0,0,0,0,2,2,2,2,2,2,2,2,0,-1,0,0,0,0,0,0,0,-1,-1,0,0,-1,-1,0,-1,-1,0,0,-1,-1,0,0,0,-1,0,0,0,-1,0,0,0,0,-1,0,-1,0,-1,0,0,-1,-1,0,-1,-1,0,-1,0,0,-1,-1,-1,0,-1,0,-1,-1,-1,-1,0,-1,-1,-1,-1,0,-1,-1,-1,-1,-1,-1,-1,-1,-1,-1,-1,-1,-1,-1,-1,-1,-1,-1,0,-1,-1,-1,-1,-1,-1,-1,-1,-1,-1,-1,-1,-1,-1,-1,-1,-1,-1,-1,-1,-1,-1,1,12,0,3,1,54,1,7,-5,-21
2,2,2,2,2,2,2,2,0,0,0,0,3,0,0,0,0,0,2,0,0,0,0,0,0,0,0,0,0,0,-1,0,0,0,0,0,0,0,0,0,0,0,0,0,0,2,2,2,2,2,2,2,2,0,-1,0,0,0,0,0,-1,0,-1,-1,0,0,-1,-1,0,-1,-1,0,0,-1,-1,-1,0,0,-1,0,0,0,-1,0,0,0,0,-1,0,-1,0,-1,0,0,-1,0,0,-1,-1,0,-1,0,-1,-1,-1,-1,-1,0,0,-1,-1,-1,-1,-1,-1,-1,-1,-1,0,-1,-1,-1,-1,-1,-1,-1,-1,-1,-1,-1,-1,0,0,-1,-1,-1,-1,-1,-1,0,-1,-1,-1,-1,-1,-1,-1,0,-1,-1,-1,-1,-1,-1,-1,-1,-1,-1,-1,-1,1,12,1,3,1,58,0,7,-5,-21
2,2,2,2,2,2,2,2,0,0,0,0,2,0,0,0,0,0,-1,3,0,0,0,0,0,0,0,0,0,0,0,0,0,0,0,0,0,0,0,0,0,0,0,0,0,2,2,2,2,2,2,2,2,0,-1,0,0,0,0,0,0,0,-1,-1,0,0,-1,-1,0,-1,-1,0,0,-1,-1,0,0,0,-1,0,0,0,-1,0,0,0,0,-1,0,-1,0,-1,0,0,-1,-1,0,-1,-1,0,-1,0,-1,-1,-1,-1,0,0,0,-1,0,0,-1,0,-1,-1,-1,-1,-1,-1,-1,-1,-1,-1,-1,-1,-1,-1,-1,-1,-1,-1,-1,-1,-1,-1,-1,-1,-1,-1,-1,-1,-1,-1,-1,-1,-1,-1,-1,-1,-1,-1,-1,-1,-1,-1,-1,-1,-1,-1,1,12,1,3,1,59,0,7,-5,-21
2,2,2,2,2,2,2,2,0,0,0,0,2,0,0,0,0,0,3,0,0,0,0,0,0,0,0,0,0,0,-1,0,0,0,0,0,0,0,0,0,0,0,0,0,0,2,2,2,2,2,2,2,2,0,-1,0,0,0,0,0,-1,0,-1,-1,0,0,-1,-1,0,-1,-1,-1,0,-1,-1,-1,0,0,-1,0,0,0,-1,0,0,0,0,-1,0,-1,0,-1,0,0,-1,-1,0,0,-1,0,-1,0,-1,-1,-1,-1,-1,0,0,-1,-1,-1,-1,0,-1,-1,-1,-1,0,-1,-1,-1,-1,-1,-1,-1,-1,-1,-1,-1,-1,-1,0,-1,-1,-1,-1,-1,-1,0,-1,-1,-1,-1,-1,-1,-1,0,-1,-1,-1,0,-1,-1,-1,-1,-1,-1,-1,-1,1,12,1,3,1,56,0,7,-5,-21
2,2,2,2,2,2,2,2,0,0,0,0,2,0,0,0,0,0,3,0,0,0,0,0,0,0,0,0,0,0,0,0,0,0,0,0,0,0,0,0,0,0,0,-1,0,2,2,2,2,2,2,2,2,0,-1,0,0,0,0,-1,0,0,-1,-1,0,0,-1,-1,-1,-1,-1,0,0,-1,-1,-1,-1,0,-1,0,0,0,-1,0,0,0,0,-1,0,-1,0,-1,0,0,-1,-1,0,0,-1,0,-1,0,-1,-1,-1,-1,-1,0,0,-1,-1,-1,-1,0,-1,-1,-1,-1,0,-1,-1,-1,-1,-1,-1,-1,-1,-1,-1,-1,-1,-1,0,-1,-1,-1,-1,0,-1,0,-1,-1,-1,-1,-1,-1,-1,0,-1,-1,-1,0,-1,-1,-1,-1,-1,-1,-1,-1,1,12,0,3,1,54,0,7,-5,-21
2,2,2,2,2,2,2,2,0,0,0,0,2,0,0,0,0,0,-1,3,0,0,0,0,0,0,0,0,0,0,0,0,0,0,0,0,0,0,0,0,0,0,0,0,0,2,2,2,2,2,2,2,2,-1,-1,-1,0,-1,0,0,0,0,-1,0,0,0,0,0,0,-1,0,0,0,0,-1,0,0,0,-1,0,-1,0,-1,0,0,0,0,-1,0,-1,0,-1,-1,0,0,-1,0,-1,-1,0,-1,0,-1,-1,-1,-1,-1,0,0,0,-1,-1,-1,0,-1,-1,-1,-1,0,-1,-1,-1,-1,-1,-1,-1,-1,-1,-1,-1,-1,-1,-1,-1,-1,-1,-1,-1,-1,-1,-1,-1,-1,-1,-1,-1,-1,-1,-1,-1,-1,-1,-1,-1,-1,-1,-1,-1,-1,-1,1,12,0,3,1,54,0,7,-5,-21
2,2,2,2,2,2,2,2,0,0,0,0,2,0,0,0,0,0,3,0,0,0,0,0,0,0,0,0,0,0,0,0,0,0,0,0,0,0,0,0,0,0,0,-1,0,2,2,2,2,2,2,2,2,0,-1,0,2,0,0,-1,0,0,-1,0,0,0,-1,-1,0,-1,0,-1,0,0,-1,0,0,0,0,-1,0,0,-1,0,0,0,-1,-1,0,-1,0,-1,0,0,0,0,0,-1,0,0,-1,0,-1,0,-1,0,-1,-1,-1,-1,-1,0,-1,-1,-1,-1,-1,-1,-1,-1,-1,-1,-1,-1,-1,-1,-1,-1,-1,-1,-1,-1,-1,-1,-1,-1,-1,-1,-1,-1,-1,-1,-1,-1,-1,-1,-1,-1,-1,-1,-1,-1,-1,-1,-1,-1,-1,-1,-1,-1,1,12,1,3,1,54,1,7,-5,-21
2,2,2,2,2,2,2,2,0,0,0,0,2,0,0,0,0,0,-1,3,0,0,0,0,0,0,0,0,0,0,0,0,0,0,0,0,0,0,0,0,0,0,0,0,0,2,2,2,2,2,2,2,2,0,-1,0,0,-1,0,0,0,0,-1,0,0,0,0,0,0,-1,-1,0,0,0,-1,0,0,0,-1,0,-1,-1,0,0,0,0,0,-1,-1,-1,-1,0,0,0,-1,0,-1,-1,-1,0,-1,0,-1,-1,-1,-1,-1,-1,0,-1,-1,0,-1,0,-1,-1,-1,0,-1,-1,-1,-1,-1,-1,-1,-1,-1,-1,-1,-1,-1,-1,-1,-1,-1,-1,-1,-1,-1,-1,-1,-1,-1,-1,-1,-1,-1,-1,-1,-1,-1,-1,-1,-1,-1,-1,-1,-1,0,-1,1,12,1,3,1,55,0,7,-5,-21
2,2,2,2,2,2,2,2,0,0,0,0,3,0,0,0,0,0,2,0,0,0,0,0,0,0,0,0,0,0,-1,0,0,0,0,0,0,0,0,0,0,0,0,0,0,2,2,2,2,2,2,2,2,0,-1,-1,0,0,0,0,-1,0,-1,-1,0,0,-1,0,0,-1,-1,0,0,-1,-1,-1,0,0,-1,0,0,0,-1,0,0,0,0,-1,0,-1,0,-1,0,0,-1,-1,0,-1,-1,0,-1,0,-1,-1,-1,-1,-1,0,0,-1,-1,-1,-1,0,-1,-1,-1,-1,0,-1,-1,-1,-1,-1,-1,-1,-1,-1,-1,-1,-1,-1,0,-1,-1,-1,0,-1,-1,0,-1,-1,-1,-1,-1,0,-1,-1,-1,-1,-1,-1,-1,-1,-1,-1,-1,-1,-1,-1,1,12,0,3,1,58,0,7,-5,-21
2,2,2,2,2,2,2,2,0,0,0,0,3,0,0,0,0,0,2,0,0,0,0,0,0,0,0,0,0,0,-1,0,0,0,0,0,0,0,0,0,0,0,0,0,0,2,2,2,2,2,2,2,2,0,-1,0,0,0,0,0,-1,0,0,-1,0,0,-1,-1,-1,-1,-1,0,0,-1,-1,-1,0,0,-1,0,0,0,-1,0,0,-1,0,-1,-1,-1,0,-1,0,0,0,-1,0,0,-1,0,-1,0,-1,-1,-1,-1,-1,0,0,0,-1,-1,-1,0,-1,-1,-1,-1,0,-1,-1,-1,-1,-1,-1,-1,-1,-1,-1,-1,-1,-1,0,-1,-1,-1,-1,-1,-1,0,-1,-1,-1,-1,-1,-1,-1,0,-1,-1,-1,-1,-1,-1,-1,-1,-1,-1,-1,-1,1,12,0,3,1,53,0,7,-5,-21
2,2,2,2,2,2,2,2,0,0,0,0,2,0,0,0,0,0,3,0,0,0,0,0,0,0,0,0,0,0,0,0,0,0,0,0,0,0,0,0,0,0,0,-1,0,2,2,2,2,2,2,2,2,0,-1,0,0,-1,0,0,0,-1,-1,0,0,0,0,0,0,-1,-1,0,0,0,-1,0,0,0,-1,0,-1,-1,0,0,0,0,0,-1,-1,-1,-1,0,0,0,-1,0,-1,-1,-1,0,-1,0,-1,-1,-1,-1,-1,-1,0,-1,-1,0,-1,0,-1,-1,-1,0,-1,-1,-1,-1,-1,-1,-1,-1,-1,-1,-1,-1,-1,-1,-1,-1,-1,-1,0,-1,-1,-1,-1,-1,-1,-1,-1,-1,0,-1,-1,-1,-1,-1,-1,-1,-1,-1,-1,-1,-1,-1,1,12,0,3,1,55,0,7,-5,-21
2,2,2,2,2,2,2,2,0,0,0,0,2,0,0,0,0,0,3,0,0,0,0,0,0,0,0,0,-1,0,0,0,0,0,0,0,0,0,0,0,0,0,0,0,0,2,2,2,2,2,2,2,2,0,-1,0,0,0,0,0,0,0,-1,-1,0,0,-1,-1,0,-1,-1,0,0,0,-1,0,0,0,-1,0,0,0,-1,0,0,0,0,-1,0,-1,0,-1,0,0,-1,-1,0,-1,-1,0,-1,0,0,-1,-1,-1,0,-1,0,-1,0,-1,-1,-1,0,-1,-1,-1,-1,-1,-1,-1,-1,-1,-1,-1,-1,-1,-1,-1,-1,-1,-1,-1,-1,-1,-1,-1,-1,-1,-1,-1,-1,-1,-1,-1,-1,-1,-1,-1,-1,-1,-1,-1,-1,-1,-1,-1,-1,-1,1,12,1,3,1,54,1,7,-5,-21
2,2,2,2,2,2,2,2,0,0,0,0,2,0,0,0,0,0,3,0,0,0,0,0,0,0,0,0,0,0,0,0,0,0,0,0,0,0,0,0,0,0,0,-1,0,2,2,2,2,2,2,2,2,0,-1,0,0,0,0,-1,0,0,-1,0,0,0,-1,-1,0,-1,-1,-1,0,-1,-1,0,0,0,0,0,0,-1,-1,0,0,0,0,-1,0,-1,0,-1,0,0,0,0,0,-1,0,0,-1,-1,-1,0,-1,0,-1,-1,-1,-1,-1,0,-1,-1,-1,-1,-1,0,-1,-1,-1,-1,-1,-1,0,-1,-1,-1,-1,-1,-1,-1,-1,-1,-1,-1,-1,-1,-1,-1,-1,-1,-1,-1,-1,-1,-1,-1,-1,-1,-1,-1,-1,-1,-1,-1,-1,-1,-1,-1,1,12,1,3,1,54,1,7,-5,-21
2,2,2,2,2,2,2,2,0,0,0,0,2,0,0,0,0,0,3,0,0,0,0,0,0,0,0,0,0,0,0,0,0,0,0,0,0,0,0,0,0,0,0,-1,0,2,2,2,2,2,2,2,2,0,-1,0,-1,0,0,-1,0,0,-1,0,0,0,-1,-1,0,-1,0,-1,0,-1,-1,0,0,0,0,0,0,-1,-1,0,0,0,0,-1,0,-1,0,0,0,0,0,0,0,-1,0,0,-1,0,-1,0,-1,0,-1,-1,-1,-1,-1,-1,-1,-1,-1,-1,-1,-1,-1,-1,-1,-1,-1,-1,-1,-1,-1,-1,-1,-1,-1,-1,-1,-1,-1,-1,-1,-1,0,-1,-1,-1,-1,-1,-1,-1,-1,-1,-1,-1,-1,-1,-1,-1,-1,-1,-1,-1,-1,-1,1,12,1,3,1,54,1,7,-5,-21
2,2,2,2,2,2,2,2,0,0,0,0,3,0,0,0,0,0,2,0,0,0,0,0,0,0,0,0,0,0,-1,0,0,0,0,0,0,0,0,0,0,0,0,0,0,2,2,2,2,2,2,2,2,0,-1,0,0,0,0,0,0,0,-1,-1,0,0,0,-1,0,0,0,0,0,0,-1,-1,-1,-1,0,0,-1,0,0,0,-1,-1,-1,0,0,-1,-1,0,-1,0,-1,-1,-1,-1,-1,-1,0,-1,-1,-1,-1,0,-1,-1,0,0,0,0,-1,-1,-1,-1,0,0,0,-1,0,-1,-1,-1,-1,-1,-1,-1,-1,-1,-1,-1,-1,-1,-1,-1,-1,-1,-1,-1,-1,-1,-1,-1,-1,-1,-1,-1,-1,-1,-1,-1,-1,-1,-1,-1,-1,-1,-1,-1,1,12,1,3,1,58,1,7,-5,-21
2,2,2,2,2,2,2,2,0,0,0,0,3,0,0,0,0,0,2,0,0,0,0,0,0,0,0,0,0,0,-1,0,0,0,0,0,0,0,0,0,0,0,0,0,0,2,2,2,2,2,2,2,2,0,-1,0,0,0,0,0,-1,0,-1,-1,0,0,-1,-1,-1,-1,-1,0,0,-1,-1,-1,0,0,-1,0,0,0,-1,0,0,0,0,-1,0,-1,0,-1,0,0,-1,-1,0,0,-1,0,-1,0,-1,-1,-1,-1,-1,0,0,-1,-1,-1,-1,0,-1,-1,-1,-1,0,-1,-1,-1,-1,-1,0,-1,-1,-1,-1,-1,-1,-1,0,-1,-1,-1,-1,-1,-1,0,-1,-1,-1,-1,-1,-1,-1,0,-1,-1,-1,-1,-1,-1,-1,-1,-1,-1,-1,-1,1,12,1,3,1,54,1,7,-5,-21
2,2,2,2,2,2,2,2,0,0,0,0,2,0,0,0,0,0,3,0,0,0,0,0,0,0,0,0,0,0,0,0,0,0,0,0,0,0,0,0,0,0,0,-1,0,2,2,2,2,2,2,2,2,0,-1,0,0,0,0,-1,0,0,0,0,0,0,-1,-1,0,-1,0,-1,0,-1,-1,0,0,0,0,0,0,-1,-1,0,0,0,0,-1,0,-1,0,-1,0,0,0,0,0,-1,0,0,-1,0,-1,0,-1,0,-1,-1,-1,-1,-1,-1,-1,-1,-1,-1,-1,-1,-1,-1,-1,-1,-1,-1,-1,-1,-1,-1,-1,-1,-1,-1,-1,-1,-1,-1,-1,-1,-1,-1,-1,-1,-1,-1,-1,-1,-1,-1,-1,-1,-1,-1,-1,-1,-1,-1,-1,-1,-1,-1,1,12,0,3,1,54,1,7,-5,-21
2,2,2,2,2,2,2,2,0,0,0,0,2,0,0,0,0,0,3,0,0,0,0,0,0,0,0,0,-1,0,0,0,0,0,0,0,0,0,0,0,0,0,0,0,0,2,2,2,2,2,2,2,2,0,-1,0,0,0,0,0,0,-1,-1,0,0,0,0,0,0,-1,-1,0,0,0,-1,0,0,0,-1,0,-1,-1,0,0,0,0,0,-1,-1,-1,-1,0,0,0,-1,-1,-1,-1,-1,0,-1,0,-1,-1,-1,-1,-1,-1,0,-1,0,0,-1,0,-1,-1,-1,0,-1,-1,-1,-1,-1,-1,-1,-1,-1,0,-1,-1,-1,-1,-1,-1,-1,-1,-1,-1,-1,-1,-1,-1,-1,-1,-1,-1,-1,-1,-1,-1,-1,-1,-1,-1,-1,-1,-1,-1,-1,-1,1,12,0,3,1,54,1,7,-5,-21
2,2,2,2,2,2,2,2,0,0,0,0,2,0,0,0,0,0,-1,3,0,0,0,0,0,0,0,0,0,0,0,0,0,0,0,0,0,0,0,0,0,0,0,0,0,2,2,2,2,2,2,2,2,0,-1,0,0,-1,0,0,0,0,-1,0,-1,0,0,0,0,-1,0,0,0,0,-1,0,0,0,-1,0,-1,-1,0,0,0,0,0,-1,-1,-1,-1,0,0,0,-1,-1,-1,-1,-1,0,-1,0,-1,-1,-1,-1,-1,-1,0,-1,-1,0,-1,0,0,-1,-1,0,-1,-1,-1,-1,-1,-1,-1,-1,-1,-1,-1,-1,-1,-1,-1,-1,-1,-1,-1,-1,-1,-1,-1,-1,-1,-1,-1,-1,-1,-1,-1,-1,-1,-1,-1,-1,-1,-1,-1,-1,0,-1,1,12,0,3,1,55,0,7,-5,-21
2,2,2,2,2,2,2,2,0,0,0,0,2,0,0,0,0,0,3,0,0,0,0,0,0,0,0,0,0,0,0,0,0,0,0,0,0,0,0,0,0,0,0,-1,0,2,2,2,2,2,2,2,2,0,-1,0,0,0,0,0,-1,0,-1,-1,0,0,-1,-1,0,-1,-1,0,0,-1,-1,-1,0,0,-1,0,0,0,-1,0,0,0,0,-1,0,-1,0,-1,0,0,-1,-1,0,-1,-1,0,-1,0,-1,-1,-1,-1,-1,0,0,-1,-1,-1,-1,0,-1,-1,-1,-1,0,-1,-1,-1,-1,-1,-1,-1,-1,-1,-1,-1,-1,-1,0,-1,-1,-1,-1,-1,-1,0,-1,-1,-1,0,-1,-1,-1,0,-1,-1,-1,-1,-1,-1,-1,-1,-1,-1,-1,-1,1,12,1,3,1,54,0,7,-5,-21
2,2,2,2,2,2,2,2,0,0,0,0,2,0,0,0,0,0,3,0,0,0,0,0,0,0,0,0,-1,0,0,0,0,0,0,0,0,0,0,0,0,0,0,0,0,2,2,2,2,2,2,2,2,0,-1,0,0,0,0,0,0,0,-1,-1,0,0,0,0,0,-1,0,-1,-1,0,0,0,-1,0,0,0,0,-1,-1,0,0,-1,-1,-1,-1,0,-1,0,-1,0,0,-1,-1,-1,0,-1,-1,0,0,-1,-1,-1,0,-1,-1,0,0,-1,-1,0,-1,-1,-1,-1,-1,-1,0,-1,-1,0,-1,-1,-1,-1,-1,-1,-1,-1,-1,-1,-1,-1,-1,-1,-1,-1,-1,-1,-1,-1,-1,-1,-1,-1,-1,-1,-1,-1,-1,-1,-1,-1,-1,-1,-1,-1,1,12,1,3,1,57,1,7,-5,-21
0,2,2,2,2,2,2,2,0,0,0,0,0,0,0,0,0,0,0,0,0,0,0,0,0,0,0,0,0,0,0,0,0,0,0,0,0,0,0,0,0,0,0,2,2,2,2,2,2,2,0,0,0,0,0,0,-1,0,0,0,0,0,-1,3,2,2,3,-1,3,2,-1,-1,-1,0,3,-1,3,3,-1,2,-1,2,-1,0,0,3,0,3,3,2,3,2,0,0,0,2,2,-1,2,2,-1,3,2,2,-1,3,-1,2,-1,2,2,3,2,-1,2,0,-1,-1,-1,3,0,2,-1,3,0,3,2,2,0,0,2,-1,0,-1,-1,-1,-1,0,-1,-1,3,-1,0,0,-1,-1,3,-1,-1,3,-1,3,-1,0,-1,0,0,0,0,-1,1,10,1,3,1,57,1,4,-5,-21
2,2,2,2,2,2,2,2,0,0,0,0,2,0,0,0,0,0,3,0,0,0,0,0,0,0,0,0,-1,0,0,0,0,0,0,0,0,0,0,0,0,0,0,0,0,2,2,2,2,2,2,2,2,0,-1,0,0,0,0,0,0,0,-1,-1,0,0,-1,-1,0,-1,-1,0,0,-1,-1,0,0,0,-1,0,0,0,-1,0,0,0,0,-1,0,-1,0,-1,0,0,-1,-1,0,-1,-1,0,-1,0,0,-1,-1,-1,0,-1,0,-1,-1,-1,-1,0,-1,-1,-1,-1,0,-1,-1,-1,-1,-1,-1,-1,0,-1,-1,-1,-1,-1,-1,-1,-1,-1,-1,-1,-1,-1,-1,-1,-1,-1,-1,-1,-1,-1,-1,-1,-1,-1,-1,-1,-1,-1,-1,-1,-1,-1,1,12,1,3,1,57,1,7,-5,-21
2,2,2,2,2,2,2,2,0,0,0,0,2,0,0,0,0,0,3,0,0,0,0,0,0,0,0,0,0,0,0,0,0,0,0,0,0,0,0,0,0,0,0,-1,0,2,2,2,2,2,2,2,2,0,-1,0,0,0,0,-1,0,0,-1,0,0,0,-1,-1,0,-1,0,-1,0,-1,-1,-1,0,0,-1,0,0,0,-1,0,0,0,0,-1,0,-1,0,-1,0,0,-1,-1,0,-1,-1,0,-1,0,-1,-1,-1,-1,-1,0,0,-1,-1,-1,-1,0,-1,-1,-1,-1,0,-1,-1,-1,-1,-1,-1,-1,-1,-1,-1,-1,-1,-1,0,-1,-1,-1,-1,0,-1,0,-1,-1,-1,-1,-1,-1,-1,-1,-1,-1,-1,-1,-1,-1,-1,-1,-1,-1,-1,-1,1,12,0,3,1,54,0,7,-5,-21
2,2,2,2,2,2,2,2,0,0,0,0,3,0,0,0,0,0,2,0,0,0,0,0,0,0,0,0,0,0,-1,0,0,0,0,0,0,0,0,0,0,0,0,0,0,2,2,2,2,2,2,2,2,0,-1,0,0,0,0,0,-1,0,0,-1,0,0,-1,-1,-1,-1,-1,-1,0,-1,-1,-1,0,0,-1,0,0,0,-1,0,0,0,0,-1,0,-1,0,-1,0,0,0,-1,0,0,-1,-1,-1,0,-1,-1,-1,-1,0,0,0,-1,-1,-1,-1,0,-1,-1,-1,-1,0,-1,-1,-1,-1,-1,-1,-1,-1,-1,-1,-1,-1,-1,0,-1,-1,-1,-1,-1,-1,0,-1,-1,-1,-1,-1,-1,-1,0,-1,-1,-1,-1,-1,-1,-1,-1,-1,-1,-1,-1,1,12,0,3,1,57,0,7,-5,-21
2,2,2,2,2,2,2,2,0,0,0,0,3,0,0,0,0,0,2,0,0,0,0,0,0,0,0,0,0,0,-1,0,0,0,0,0,0,0,0,0,0,0,0,0,0,2,2,2,2,2,2,2,2,0,-1,0,0,0,0,0,-1,0,-1,-1,0,0,-1,-1,-1,-1,-1,0,0,-1,0,-1,0,0,-1,0,0,0,-1,0,0,0,0,-1,-1,-1,0,-1,0,0,0,-1,0,0,-1,0,-1,0,-1,-1,-1,-1,-1,0,0,0,-1,-1,-1,0,-1,-1,-1,-1,0,-1,-1,-1,-1,-1,-1,-1,-1,-1,-1,-1,-1,-1,0,-1,-1,-1,-1,-1,-1,0,-1,-1,-1,-1,-1,-1,-1,-1,-1,-1,-1,-1,-1,-1,-1,-1,-1,-1,-1,-1,1,12,0,3,1,54,0,7,-5,-21
2,2,2,2,2,2,2,2,0,0,0,0,2,0,0,0,0,0,-1,3,0,0,0,0,0,0,0,0,0,0,0,0,0,0,0,0,0,0,0,0,0,0,0,0,0,2,2,2,2,2,2,2,2,0,-1,0,0,-1,0,0,0,-1,-1,0,0,0,0,0,0,-1,0,0,0,0,-1,0,0,0,-1,0,-1,-1,0,0,0,0,0,-1,-1,-1,-1,0,0,0,-1,-1,-1,-1,-1,0,0,0,-1,-1,-1,-1,-1,-1,0,-1,-1,0,-1,0,-1,-1,-1,0,-1,-1,-1,-1,-1,-1,0,-1,-1,-1,-1,-1,-1,-1,-1,-1,-1,-1,-1,-1,-1,-1,-1,-1,-1,-1,-1,-1,-1,-1,-1,-1,-1,-1,-1,-1,-1,-1,-1,-1,-1,-1,1,12,0,3,1,59,0,7,-5,-21
2,2,2,2,2,2,2,2,0,0,0,0,2,0,0,0,0,0,3,0,0,0,0,0,0,0,0,0,-1,0,0,0,0,0,0,0,0,0,0,0,0,0,0,0,0,2,2,2,2,2,2,2,2,0,-1,-1,-1,0,0,0,0,-1,-1,0,0,0,0,0,-1,-1,0,0,-1,0,-1,0,-1,0,0,0,0,-1,0,0,-1,-1,0,-1,-1,-1,-1,0,-1,-1,0,0,0,-1,0,-1,-1,0,0,-1,-1,-1,0,-1,0,-1,-1,0,-1,-1,0,-1,0,-1,-1,-1,-1,-1,-1,0,0,-1,-1,-1,-1,-1,-1,-1,0,-1,-1,-1,-1,-1,-1,-1,-1,-1,-1,-1,-1,-1,-1,-1,-1,-1,-1,-1,-1,-1,-1,-1,-1,-1,-1,-1,1,12,0,3,1,54,1,7,-5,-21
2,2,2,2,2,2,2,2,0,0,0,0,2,0,0,0,0,0,-1,3,0,0,0,0,0,0,0,0,0,0,0,0,0,0,0,0,0,0,0,0,0,0,0,0,0,2,2,2,2,2,2,2,2,0,-1,0,0,0,0,0,0,0,-1,0,0,0,0,0,0,-1,0,0,0,0,-1,0,0,0,-1,0,-1,-1,0,0,0,0,0,-1,-1,-1,-1,-1,0,-1,-1,-1,-1,-1,-1,0,-1,0,0,-1,-1,-1,-1,-1,0,-1,-1,0,-1,0,-1,-1,-1,0,-1,-1,-1,-1,-1,-1,-1,-1,-1,-1,-1,-1,-1,-1,-1,-1,-1,-1,-1,-1,-1,-1,-1,-1,-1,-1,-1,-1,0,-1,-1,-1,-1,-1,-1,-1,-1,-1,-1,-1,-1,-1,1,12,0,3,1,55,1,7,-5,-21
2,2,2,2,2,2,2,2,0,0,0,0,3,0,0,0,0,0,2,0,0,0,0,0,0,0,0,0,0,0,-1,0,0,0,0,0,0,0,0,0,0,0,0,0,0,2,2,2,2,2,2,2,2,0,-1,0,0,0,0,0,-1,0,-1,-1,0,0,-1,-1,0,-1,-1,0,0,-1,-1,-1,0,0,-1,0,0,0,-1,0,0,0,0,-1,0,-1,0,-1,-1,0,0,-1,0,-1,-1,0,-1,0,-1,-1,-1,-1,-1,0,0,0,-1,-1,-1,0,-1,-1,-1,-1,0,-1,-1,-1,-1,-1,-1,-1,-1,-1,-1,-1,-1,-1,0,-1,-1,-1,-1,-1,-1,0,-1,-1,-1,-1,-1,-1,-1,0,-1,-1,-1,-1,-1,-1,-1,-1,-1,-1,-1,-1,1,12,1,3,1,58,1,7,-5,-21
2,2,2,2,2,2,2,2,0,0,0,0,3,0,0,0,0,0,2,0,0,0,0,0,0,0,0,0,0,0,0,0,-1,0,0,0,0,0,0,0,0,0,0,0,0,2,2,2,2,2,2,2,2,0,-1,0,0,-1,0,0,0,-1,-1,-1,0,0,-1,0,0,0,-1,0,0,0,0,0,0,0,-1,0,-1,-1,0,0,0,-1,-1,-1,0,-1,-1,-1,-1,0,0,-1,-1,-1,0,-1,-1,0,-1,0,-1,-1,0,-1,-1,0,0,-1,-1,-1,-1,-1,-1,-1,-1,-1,0,-1,-1,0,-1,-1,-1,-1,-1,0,-1,-1,-1,-1,-1,-1,-1,-1,-1,-1,-1,-1,-1,-1,-1,-1,-1,-1,0,-1,-1,-1,-1,-1,0,-1,-1,-1,-1,-1,1,12,1,3,1,61,1,7,-5,-21
2,2,2,2,2,2,2,2,0,0,0,0,3,0,0,0,0,0,2,0,0,0,0,0,0,0,0,0,0,0,-1,0,0,0,0,0,0,0,0,0,0,0,0,0,0,2,2,2,2,2,2,2,2,0,-1,-1,0,0,0,0,-1,0,-1,-1,0,-1,-1,-1,0,-1,-1,0,0,-1,-1,-1,0,0,-1,0,0,0,-1,0,0,0,0,-1,0,-1,0,-1,0,0,-1,-1,0,-1,-1,0,-1,0,-1,-1,-1,-1,-1,0,0,-1,-1,-1,-1,0,-1,0,-1,-1,0,-1,-1,-1,-1,-1,-1,-1,-1,-1,-1,-1,-1,-1,0,-1,-1,-1,0,-1,-1,0,-1,-1,-1,-1,-1,0,-1,0,-1,-1,-1,-1,-1,-1,-1,-1,-1,-1,-1,-1,1,12,0,3,1,55,0,7,-5,-21
2,2,2,2,2,2,2,2,0,0,0,0,2,0,0,0,0,0,3,0,0,0,0,0,0,0,0,0,-1,0,0,0,0,0,0,0,0,0,0,0,0,0,0,0,0,2,2,2,2,2,2,2,2,0,-1,0,0,0,0,0,0,-1,-1,0,0,0,0,0,-1,0,0,-1,-1,0,0,-1,0,0,0,-1,-1,0,0,-1,0,-1,0,-1,-1,-1,-1,0,-1,-1,0,-1,-1,-1,0,-1,-1,0,0,-1,-1,-1,0,-1,-1,-1,-1,0,-1,-1,0,-1,0,-1,-1,-1,-1,-1,-1,-1,-1,-1,-1,-1,-1,-1,-1,-1,0,-1,0,-1,-1,-1,-1,-1,-1,-1,-1,0,-1,-1,-1,-1,-1,-1,-1,-1,-1,-1,-1,-1,0,-1,-1,-1,1,12,1,3,1,54,0,7,-5,-21
2,2,2,2,2,2,2,2,0,0,0,0,3,0,0,0,0,0,2,0,0,0,0,0,0,0,0,0,0,0,-1,0,0,0,0,0,0,0,0,0,0,0,0,0,0,2,2,2,2,2,2,2,2,0,-1,0,0,0,0,0,-1,0,-1,-1,-1,0,-1,-1,-1,-1,-1,0,0,-1,-1,-1,0,0,-1,0,0,0,-1,0,0,0,0,-1,0,-1,0,-1,0,0,-1,-1,0,0,-1,0,-1,0,-1,-1,-1,-1,-1,0,0,-1,-1,-1,-1,0,-1,-1,-1,-1,0,-1,-1,-1,-1,-1,0,-1,-1,-1,-1,-1,-1,-1,0,-1,-1,-1,-1,-1,-1,0,-1,-1,-1,-1,0,-1,-1,0,-1,-1,-1,-1,-1,-1,-1,-1,-1,-1,-1,-1,1,12,1,3,1,54,0,7,-5,-21
2,2,2,2,2,2,2,2,0,0,0,0,2,0,0,0,0,0,3,0,0,0,0,0,0,0,0,0,-1,0,0,0,0,0,0,0,0,0,0,0,0,0,0,0,0,2,2,2,2,2,2,2,2,0,-1,0,0,0,0,-1,0,-1,-1,0,0,0,0,0,0,-1,-1,0,0,0,-1,0,0,0,-1,0,-1,-1,-1,0,0,0,0,-1,-1,-1,-1,0,0,0,-1,-1,-1,-1,-1,0,-1,0,-1,-1,-1,-1,-1,-1,0,-1,0,0,-1,0,-1,-1,-1,0,-1,-1,-1,-1,0,-1,-1,-1,-1,0,0,-1,-1,-1,-1,-1,-1,-1,-1,-1,-1,-1,-1,-1,-1,-1,-1,-1,-1,-1,-1,-1,-1,-1,-1,-1,-1,-1,-1,-1,-1,-1,1,12,1,3,1,54,1,7,-5,-21
2,2,2,2,2,2,2,2,0,0,0,0,2,0,0,0,0,0,3,0,0,0,0,0,0,0,0,0,-1,0,0,0,0,0,0,0,0,0,0,0,0,0,0,0,0,2,2,2,2,2,2,2,2,0,-1,0,0,0,0,0,0,0,-1,-1,0,0,-1,-1,0,-1,-1,0,0,-1,-1,0,0,0,-1,0,0,0,-1,0,0,0,0,-1,0,-1,0,-1,0,0,-1,0,0,-1,-1,0,-1,0,0,-1,-1,-1,0,-1,0,-1,-1,-1,-1,-1,0,-1,0,-1,-1,-1,-1,-1,-1,-1,-1,-1,-1,-1,-1,-1,-1,-1,-1,-1,-1,-1,-1,-1,-1,-1,-1,-1,-1,-1,-1,-1,-1,-1,-1,-1,-1,-1,-1,-1,-1,-1,-1,-1,-1,-1,1,12,0,3,1,58,1,7,-5,-21
2,2,2,2,2,2,2,2,0,0,0,0,3,0,0,0,0,0,2,0,0,0,0,0,0,0,0,0,0,0,-1,0,0,0,0,0,0,0,0,0,0,0,0,0,0,2,2,2,2,2,2,2,2,0,-1,-1,0,0,0,0,-1,0,-1,-1,0,0,-1,-1,0,-1,-1,0,0,-1,-1,-1,0,0,-1,0,0,0,-1,0,0,0,0,-1,0,-1,0,-1,0,0,-1,-1,0,-1,-1,0,-1,0,-1,-1,-1,-1,-1,0,0,-1,-1,-1,-1,0,-1,-1,-1,-1,0,-1,-1,-1,-1,-1,-1,-1,-1,-1,-1,-1,-1,-1,0,-1,-1,-1,0,-1,-1,-1,-1,-1,-1,-1,-1,0,-1,0,-1,-1,-1,-1,-1,0,-1,-1,-1,-1,-1,-1,1,12,0,3,1,54,0,7,-5,-21
2,2,2,2,2,2,2,2,0,0,0,0,3,0,0,0,0,0,2,0,0,0,0,0,0,0,0,0,0,0,-1,0,0,0,0,0,0,0,0,0,0,0,0,0,0,2,2,2,2,2,2,2,2,0,-1,0,0,0,0,-1,-1,0,-1,-1,0,0,-1,-1,-1,-1,-1,0,0,-1,-1,-1,0,0,-1,0,0,0,-1,0,0,0,0,-1,0,-1,0,-1,0,0,-1,-1,0,0,-1,0,-1,0,-1,0,-1,0,-1,0,0,-1,-1,-1,-1,0,-1,-1,-1,-1,0,-1,-1,-1,-1,-1,-1,-1,0,-1,-1,-1,-1,-1,0,-1,-1,-1,-1,-1,-1,0,-1,-1,-1,-1,-1,-1,-1,-1,-1,-1,-1,-1,-1,-1,-1,-1,-1,-1,-1,-1,1,12,1,3,1,54,0,7,-5,-21
2,2,2,2,2,2,2,2,0,0,0,0,3,0,0,0,0,0,2,0,0,0,0,0,0,0,0,0,0,0,-1,0,0,0,0,0,0,0,0,0,0,0,0,0,0,2,2,2,2,2,2,2,2,0,-1,0,0,0,0,0,-1,0,-1,-1,0,0,-1,-1,0,-1,-1,-1,0,-1,-1,-1,0,0,-1,0,0,0,-1,0,0,0,0,-1,0,-1,0,-1,0,0,0,-1,0,-1,-1,0,-1,0,-1,-1,-1,-1,-1,0,0,0,-1,-1,-1,0,-1,-1,-1,-1,0,-1,-1,-1,-1,-1,-1,-1,-1,-1,-1,-1,-1,-1,0,-1,-1,-1,-1,-1,-1,0,-1,-1,-1,-1,-1,-1,-1,0,-1,-1,-1,-1,-1,-1,-1,-1,-1,-1,-1,-1,1,12,1,3,1,58,0,7,-5,-21
0,2,2,2,2,2,2,2,0,0,0,0,0,0,0,0,0,0,0,0,0,0,0,0,0,0,0,0,0,0,0,0,0,0,0,0,0,0,0,0,0,0,0,2,2,2,2,2,2,2,0,0,0,0,0,0,-1,0,0,0,0,0,-1,3,2,2,3,-1,3,2,-1,-1,-1,0,3,-1,3,3,-1,2,-1,2,-1,0,0,3,0,3,3,2,3,2,0,0,0,2,2,-1,2,2,-1,3,2,2,-1,3,-1,2,-1,2,2,3,2,-1,2,0,-1,-1,-1,3,0,2,-1,3,0,3,2,2,0,0,2,-1,0,-1,-1,-1,-1,0,-1,-1,3,-1,0,0,-1,-1,3,-1,-1,3,-1,3,-1,0,-1,0,0,0,0,-1,1,12,0,3,1,55,1,0,-5,-21
2,2,2,2,2,2,2,2,0,0,0,0,3,0,0,0,0,0,2,0,0,0,0,0,0,0,0,0,0,0,0,0,-1,0,0,0,0,0,0,0,0,0,0,0,0,2,2,2,2,2,2,2,2,0,-1,0,0,-1,0,0,0,0,-1,-1,0,0,-1,-1,0,-1,-1,0,0,-1,-1,-1,0,0,-1,0,0,0,0,0,0,0,0,-1,0,-1,-1,-1,0,0,-1,-1,0,-1,-1,0,-1,0,-1,-1,-1,-1,-1,0,0,-1,-1,-1,-1,0,-1,-1,-1,-1,0,-1,-1,-1,-1,-1,-1,-1,-1,-1,-1,-1,-1,-1,0,-1,-1,-1,-1,-1,-1,0,-1,-1,-1,-1,0,-1,-1,0,-1,-1,-1,-1,-1,-1,-1,-1,-1,-1,-1,-1,1,12,0,3,1,54,0,7,-5,-21
2,2,2,2,2,2,2,2,0,0,0,0,2,0,0,0,0,0,3,0,0,0,0,0,0,0,0,0,0,0,0,0,0,0,0,0,0,0,0,0,0,0,0,-1,0,2,2,2,2,2,2,2,2,0,-1,0,0,0,0,-1,0,0,-1,0,0,0,-1,-1,0,-1,0,-1,0,0,-1,0,0,0,0,0,0,-1,-1,0,0,0,0,-1,0,-1,0,-1,0,0,0,0,0,-1,0,0,-1,0,-1,0,-1,0,-1,-1,-1,-1,-1,-1,-1,-1,-1,-1,-1,-1,-1,-1,-1,-1,-1,-1,-1,-1,-1,-1,-1,-1,-1,-1,-1,-1,-1,-1,-1,-1,-1,-1,-1,-1,-1,-1,-1,-1,-1,-1,-1,-1,-1,-1,-1,-1,-1,-1,-1,-1,-1,-1,1,12,1,3,1,54,0,7,-5,-21
2,2,2,2,2,2,2,2,0,0,0,0,3,0,0,0,0,0,2,0,0,0,0,0,0,0,0,0,0,-1,0,0,0,0,0,0,0,0,0,0,0,0,0,0,0,2,2,2,2,2,2,2,2,0,-1,0,0,0,0,0,0,-1,-1,0,0,0,0,-1,-1,0,0,0,-1,0,0,0,0,-1,0,0,0,0,0,-1,-1,0,0,-1,0,-1,-1,0,-1,0,-1,0,-1,-1,-1,-1,0,0,0,-1,0,-1,-1,-1,-1,-1,-1,-1,-1,-1,-1,-1,-1,-1,-1,-1,-1,-1,-1,-1,0,0,-1,-1,-1,-1,-1,-1,-1,-1,-1,-1,-1,-1,-1,-1,-1,-1,-1,-1,-1,-1,-1,-1,-1,-1,-1,-1,-1,-1,0,-1,-1,-1,-1,-1,1,12,0,3,1,58,1,7,-5,-21
2,2,2,2,2,2,2,2,0,0,0,0,2,0,0,0,0,0,3,0,0,0,0,0,0,0,0,0,0,0,0,0,0,0,0,0,0,0,0,0,0,0,0,-1,0,2,2,2,2,2,2,2,2,0,-1,0,0,0,0,-1,0,0,-1,0,0,0,-1,-1,0,-1,0,-1,0,-1,-1,0,0,-1,0,0,0,-1,0,0,0,-1,0,-1,-1,-1,-1,0,-1,-1,0,0,0,-1,0,-1,-1,-1,-1,-1,-1,-1,0,-1,0,-1,-1,0,0,-1,0,-1,0,-1,-1,-1,-1,-1,-1,-1,0,-1,-1,-1,-1,-1,-1,-1,-1,0,-1,-1,-1,-1,-1,-1,-1,-1,-1,0,-1,-1,-1,-1,-1,-1,-1,-1,-1,-1,-1,-1,-1,-1,-1,-1,1,12,1,3,1,54,1,7,-5,-21
2,2,2,2,2,2,2,2,0,0,0,0,2,0,0,0,0,0,3,0,0,0,0,0,0,0,0,0,-1,0,0,0,0,0,0,0,0,0,0,0,0,0,0,0,0,2,2,2,2,2,2,2,2,0,-1,0,0,0,0,0,0,0,-1,-1,0,0,-1,-1,0,-1,-1,0,0,-1,-1,0,0,0,-1,0,0,0,-1,0,0,0,0,-1,0,-1,0,-1,0,0,-1,-1,0,-1,-1,0,-1,0,0,-1,-1,0,0,-1,0,-1,-1,-1,-1,0,-1,-1,-1,-1,0,-1,-1,-1,-1,-1,-1,-1,-1,-1,-1,-1,-1,-1,-1,-1,-1,-1,-1,-1,-1,-1,-1,-1,-1,-1,-1,-1,-1,-1,-1,-1,-1,-1,-1,-1,-1,-1,-1,-1,-1,-1,1,12,1,3,1,54,1,7,-5,-21
2,2,2,2,2,2,2,2,0,0,0,0,2,0,0,0,0,0,3,0,0,0,0,0,0,0,0,0,0,0,0,0,0,0,0,0,0,0,0,0,0,0,0,-1,0,2,2,2,2,2,2,2,2,0,-1,0,0,0,0,-1,0,0,-1,0,0,-1,-1,0,0,-1,0,-1,0,-1,-1,0,0,0,0,0,0,-1,-1,0,0,0,0,-1,0,-1,0,-1,0,0,0,0,0,-1,0,0,-1,0,-1,0,-1,0,0,-1,-1,-1,-1,-1,-1,-1,-1,-1,-1,-1,-1,-1,-1,-1,-1,-1,-1,-1,-1,-1,-1,-1,-1,-1,-1,-1,-1,-1,-1,-1,-1,-1,-1,-1,-1,-1,-1,-1,-1,-1,-1,-1,-1,-1,-1,-1,-1,-1,-1,-1,-1,-1,1,12,1,3,1,54,1,7,-5,-21
2,2,2,2,2,2,2,2,0,0,0,0,2,0,0,0,0,0,3,0,0,0,0,0,0,0,0,0,0,0,0,0,0,0,0,0,0,0,0,0,0,0,0,-1,0,2,2,2,2,2,2,2,2,0,-1,0,0,0,0,-1,0,0,-1,0,0,0,-1,-1,0,-1,0,-1,0,-1,0,0,0,0,0,0,0,-1,-1,0,0,-1,-1,0,-1,-1,0,-1,0,0,0,0,0,-1,0,0,-1,0,-1,0,-1,0,-1,-1,-1,-1,-1,-1,-1,-1,-1,-1,-1,-1,-1,-1,-1,-1,0,-1,-1,-1,-1,-1,-1,-1,-1,-1,-1,-1,-1,-1,-1,-1,-1,0,-1,-1,-1,-1,-1,-1,-1,-1,-1,-1,-1,-1,-1,-1,-1,-1,-1,-1,-1,-1,1,12,1,3,1,54,1,7,-5,-21
2,2,2,2,2,2,2,2,0,0,0,0,3,0,0,0,0,0,2,0,0,0,0,0,0,0,0,0,0,0,0,0,-1,0,0,0,0,0,0,0,0,0,0,0,0,2,2,2,2,2,2,2,2,0,-1,0,0,0,0,0,0,-1,-1,0,0,0,-1,0,0,-1,0,-1,-1,0,-1,0,0,0,0,0,0,-1,0,0,0,-1,0,-1,-1,-1,-1,-1,0,-1,-1,0,0,-1,0,-1,-1,0,0,-1,-1,-1,-1,-1,0,-1,-1,0,-1,-1,0,-1,0,-1,0,-1,-1,-1,-1,-1,-1,-1,-1,-1,-1,0,-1,-1,-1,-1,-1,-1,-1,-1,-1,-1,-1,-1,-1,-1,-1,-1,-1,-1,-1,-1,-1,-1,-1,-1,-1,-1,-1,-1,-1,-1,1,12,0,3,1,58,1,7,-5,-21
2,2,2,2,2,2,2,2,0,0,0,0,2,0,0,0,0,0,3,0,0,0,0,0,0,0,0,0,-1,0,0,0,0,0,0,0,0,0,0,0,0,0,0,0,0,2,2,2,2,2,2,2,2,0,-1,0,0,0,0,0,0,0,-1,0,0,0,0,0,0,-1,0,0,0,0,-1,0,0,0,-1,0,-1,-1,0,0,0,0,0,-1,-1,-1,-1,0,0,-1,-1,-1,-1,-1,-1,0,-1,0,-1,-1,-1,-1,-1,-1,0,-1,-1,0,-1,0,-1,-1,-1,0,-1,-1,-1,-1,-1,-1,-1,-1,-1,-1,-1,-1,-1,-1,-1,-1,-1,-1,-1,-1,-1,-1,-1,-1,-1,-1,-1,-1,0,-1,-1,-1,-1,-1,-1,-1,-1,-1,-1,-1,-1,-1,1,12,0,3,1,55,0,7,-5,-21
2,2,2,2,2,2,2,2,0,0,0,0,2,0,0,0,0,0,3,0,0,0,0,0,0,0,0,0,0,0,0,0,0,0,0,0,0,0,0,0,0,0,0,-1,0,2,2,2,2,2,2,2,2,0,-1,0,0,0,0,-1,0,0,-1,0,0,0,-1,-1,0,-1,0,-1,0,-1,-1,0,0,0,0,0,0,-1,-1,0,0,0,-1,0,0,0,0,-1,0,0,0,0,0,-1,0,0,-1,0,-1,0,-1,0,-1,-1,-1,-1,-1,-1,-1,-1,-1,-1,-1,-1,-1,-1,-1,-1,-1,-1,-1,-1,-1,-1,-1,-1,-1,-1,-1,-1,-1,-1,-1,-1,-1,-1,-1,-1,-1,-1,-1,-1,-1,-1,-1,-1,-1,-1,-1,-1,-1,-1,-1,-1,-1,-1,1,12,0,3,1,59,1,7,-5,-21
2,2,2,2,2,2,2,2,0,0,0,0,2,0,0,0,0,0,-1,3,0,0,0,0,0,0,0,0,0,0,0,0,0,0,0,0,0,0,0,0,0,0,0,0,0,2,2,2,2,2,2,2,2,0,-1,0,0,-1,0,0,0,0,-1,0,0,0,0,0,0,-1,0,0,0,0,-1,0,0,0,-1,0,-1,-1,0,0,0,0,0,-1,-1,-1,-1,0,0,0,-1,-1,-1,-1,-1,0,-1,0,-1,-1,-1,-1,-1,0,0,-1,-1,-1,-1,0,-1,-1,-1,-1,0,-1,-1,-1,-1,-1,-1,-1,-1,-1,-1,-1,-1,-1,-1,-1,-1,0,-1,-1,-1,-1,-1,-1,-1,-1,-1,-1,-1,-1,-1,-1,-1,-1,-1,-1,-1,-1,-1,-1,-1,-1,1,12,0,3,1,60,0,7,-5,-21
2,2,2,2,2,2,2,2,0,0,0,0,2,0,0,0,0,0,3,0,0,0,0,0,0,0,0,0,0,0,0,0,0,0,0,0,0,0,0,0,0,0,0,-1,0,2,2,2,2,2,2,2,2,0,-1,0,0,-1,0,0,0,0,-1,-1,0,0,-1,0,0,0,-1,0,0,0,0,0,0,0,-1,0,-1,-1,0,0,0,-1,-1,-1,-1,-1,-1,-1,-1,0,0,-1,-1,-1,0,-1,-1,0,-1,0,-1,-1,0,-1,-1,0,0,-1,-1,-1,-1,-1,-1,-1,-1,-1,0,-1,-1,0,-1,-1,-1,-1,-1,0,-1,0,-1,-1,-1,-1,-1,-1,-1,-1,-1,-1,-1,-1,-1,0,-1,-1,-1,-1,-1,-1,-1,-1,-1,-1,-1,-1,-1,-1,1,12,0,3,1,54,0,7,-5,-21
2,2,2,2,2,2,2,2,0,0,0,0,3,0,0,0,0,0,2,0,0,0,0,0,0,0,0,0,0,0,0,0,-1,0,0,0,0,0,0,0,0,0,0,0,0,2,2,2,2,2,2,2,2,0,-1,0,-1,-1,0,0,0,0,-1,-1,0,0,-1,0,0,0,-1,0,0,0,0,0,0,0,-1,0,-1,-1,0,0,0,-1,-1,-1,-1,-1,-1,-1,-1,0,0,-1,-1,-1,0,-1,0,-1,-1,0,-1,0,-1,-1,0,0,0,0,-1,-1,-1,-1,0,0,-1,-1,0,-1,-1,-1,-1,-1,-1,-1,-1,-1,-1,-1,-1,-1,-1,-1,-1,-1,-1,-1,-1,-1,-1,-1,-1,-1,-1,-1,-1,-1,-1,0,-1,-1,-1,-1,-1,-1,-1,-1,1,12,1,3,1,54,0,7,-5,-21
2,2,2,2,2,2,2,2,0,0,0,0,2,0,0,0,0,0,3,0,0,0,0,0,0,0,0,0,0,0,0,0,0,0,0,0,0,0,0,0,0,0,0,-1,0,2,2,2,2,2,2,2,2,0,-1,0,0,0,0,0,-1,0,-1,-1,0,0,-1,-1,0,-1,-1,0,0,-1,-1,-1,0,0,-1,0,0,0,-1,0,0,0,0,-1,0,-1,0,-1,0,0,-1,-1,0,-1,-1,0,-1,0,-1,-1,-1,-1,-1,0,0,-1,-1,-1,-1,0,-1,-1,-1,0,0,-1,-1,-1,-1,-1,-1,-1,-1,-1,-1,-1,-1,-1,0,-1,-1,-1,0,-1,-1,0,-1,-1,-1,-1,-1,-1,-1,-1,-1,-1,-1,-1,-1,-1,-1,-1,-1,-1,-1,-1,1,12,0,3,1,54,1,7,-5,-21
2,2,2,2,2,2,2,2,0,0,0,0,2,0,0,0,0,0,-1,3,0,0,0,0,0,0,0,0,0,0,0,0,0,0,0,0,0,0,0,0,0,0,0,0,0,2,2,2,2,2,2,2,2,0,-1,0,0,0,0,0,0,0,-1,0,0,0,0,0,0,-1,0,0,0,0,-1,0,0,0,-1,0,-1,-1,0,0,0,0,0,-1,-1,-1,-1,0,0,-1,-1,-1,-1,-1,-1,0,-1,0,-1,-1,-1,-1,-1,-1,0,-1,-1,0,-1,0,-1,-1,-1,0,-1,-1,-1,-1,-1,-1,-1,-1,-1,-1,-1,0,-1,-1,-1,-1,-1,-1,-1,-1,-1,-1,-1,-1,-1,-1,-1,-1,-1,-1,-1,-1,-1,-1,-1,-1,-1,-1,-1,-1,-1,-1,1,12,1,3,1,55,0,7,-5,-21
2,2,2,2,2,2,2,2,0,0,0,0,3,0,0,0,0,0,2,0,0,0,0,0,0,0,0,0,0,0,-1,0,0,0,0,0,0,0,0,0,0,0,0,0,0,2,2,2,2,2,2,2,2,-1,-1,-1,0,0,0,0,-1,0,-1,-1,0,0,-1,-1,0,-1,-1,0,0,-1,-1,-1,0,0,-1,0,0,0,-1,0,0,0,0,-1,0,-1,0,-1,0,0,-1,-1,0,-1,-1,0,-1,0,-1,-1,-1,-1,-1,0,0,-1,-1,-1,-1,0,-1,-1,-1,-1,0,-1,-1,-1,-1,-1,-1,-1,-1,-1,-1,-1,-1,-1,0,-1,-1,-1,0,-1,-1,0,-1,-1,-1,-1,-1,0,-1,0,-1,-1,-1,-1,-1,-1,-1,-1,-1,-1,0,-1,1,12,0,3,1,59,1,7,-5,-21
2,2,2,2,2,2,2,2,0,0,0,0,3,0,0,0,0,0,2,0,0,0,0,0,0,0,0,0,0,0,-1,0,0,0,0,0,0,0,0,0,0,0,0,0,0,2,2,2,2,2,2,2,2,0,-1,0,0,0,0,0,-1,0,-1,-1,0,0,-1,-1,0,-1,-1,0,0,-1,-1,-1,0,0,-1,0,0,0,-1,0,0,0,0,-1,0,-1,0,-1,-1,0,0,-1,0,-1,-1,0,-1,0,-1,-1,-1,-1,-1,0,0,0,-1,-1,-1,0,-1,-1,-1,-1,0,-1,-1,-1,-1,-1,-1,-1,-1,-1,-1,-1,-1,-1,0,-1,-1,-1,-1,-1,-1,0,-1,-1,-1,-1,-1,-1,-1,0,-1,-1,-1,-1,-1,-1,-1,-1,-1,-1,-1,-1,1,12,0,3,1,58,1,7,-5,-21
0,2,2,2,2,2,2,2,0,0,0,0,0,0,0,0,0,0,0,0,0,0,0,0,0,0,0,0,0,0,0,0,0,0,0,0,0,0,0,0,0,0,0,2,2,2,2,2,2,2,0,0,0,0,0,0,-1,-1,0,0,0,0,0,3,2,2,3,-1,3,2,-1,-1,-1,0,3,-1,3,3,-1,2,-1,2,-1,0,0,3,0,3,3,2,3,2,0,0,0,2,2,-1,2,2,-1,3,2,2,-1,3,-1,2,-1,2,2,3,2,-1,2,0,-1,-1,-1,3,0,2,-1,3,0,3,2,2,0,0,2,-1,0,-1,-1,-1,-1,0,-1,-1,3,-1,0,0,-1,-1,3,-1,-1,3,-1,3,-1,0,-1,0,0,0,0,-1,1,9,1,3,0,51,1,1,-5,-21
2,2,2,2,2,2,2,2,0,0,0,0,2,0,0,0,0,0,3,0,0,0,0,0,0,0,0,0,-1,0,0,0,0,0,0,0,0,0,0,0,0,0,0,0,0,2,2,2,2,2,2,2,2,0,-1,0,0,0,0,0,0,0,-1,-1,0,0,-1,-1,0,-1,-1,0,0,-1,-1,0,0,0,-1,0,0,0,-1,0,0,0,0,-1,0,-1,0,-1,0,0,-1,-1,0,-1,-1,0,-1,0,0,-1,-1,-1,0,-1,0,-1,0,-1,-1,-1,0,-1,0,-1,-1,-1,-1,-1,-1,-1,-1,-1,-1,-1,-1,-1,-1,-1,-1,-1,-1,-1,-1,-1,-1,-1,-1,-1,-1,-1,-1,-1,-1,-1,-1,-1,-1,-1,-1,-1,-1,-1,-1,-1,-1,-1,1,12,1,3,1,54,1,7,-5,-21
2,2,2,2,2,2,2,2,0,0,0,0,2,0,0,0,0,0,3,0,0,0,0,0,0,0,0,0,0,0,0,0,0,0,0,0,0,0,0,0,0,0,0,-1,0,2,2,2,2,2,2,2,2,0,-1,0,0,0,0,-1,0,0,-1,0,-1,0,-1,0,0,-1,-1,-1,0,-1,-1,0,0,0,0,0,0,-1,-1,-1,0,0,0,-1,0,-1,0,-1,0,0,0,0,0,-1,0,0,-1,0,-1,0,-1,0,-1,-1,-1,-1,-1,0,-1,-1,-1,-1,-1,-1,-1,-1,-1,-1,-1,-1,-1,-1,-1,-1,0,-1,-1,-1,-1,-1,-1,-1,-1,-1,-1,-1,-1,-1,-1,-1,-1,-1,0,-1,-1,-1,-1,-1,-1,-1,-1,-1,-1,-1,-1,-1,1,12,1,3,1,58,1,7,-5,-21
2,2,2,2,2,2,2,2,0,0,0,0,2,0,0,0,0,0,3,0,0,0,0,0,0,0,0,0,-1,0,0,0,0,0,0,0,0,0,0,0,0,0,0,0,0,2,2,2,2,2,2,2,2,0,-1,0,0,0,0,0,0,0,-1,-1,0,0,0,0,0,-1,0,-1,-1,0,0,0,-1,0,0,-1,0,-1,-1,0,0,-1,-1,-1,-1,0,0,0,-1,0,0,-1,-1,-1,0,-1,-1,0,0,-1,-1,-1,0,-1,-1,0,0,-1,-1,0,-1,-1,-1,-1,-1,-1,0,-1,-1,0,-1,-1,-1,-1,-1,-1,-1,-1,-1,-1,-1,-1,-1,-1,-1,-1,-1,-1,-1,-1,-1,-1,-1,-1,-1,-1,-1,-1,-1,-1,-1,-1,-1,-1,-1,-1,1,12,1,3,1,57,1,7,-5,-21
2,2,2,2,2,2,2,2,0,0,0,0,3,0,0,0,0,0,2,0,0,0,0,0,0,0,0,0,0,0,-1,0,0,0,0,0,0,0,0,0,0,0,0,0,0,2,2,2,2,2,2,2,2,0,-1,0,-1,-1,0,0,0,-1,-1,-1,0,0,-1,0,0,0,-1,0,0,0,0,0,0,0,-1,0,-1,-1,0,0,0,-1,-1,-1,-1,-1,-1,-1,-1,0,0,-1,-1,0,0,0,-1,-1,-1,0,-1,-1,0,-1,-1,0,0,-1,-1,-1,-1,-1,-1,-1,-1,-1,0,-1,-1,0,-1,-1,0,-1,-1,0,-1,-1,-1,-1,-1,-1,-1,-1,-1,-1,-1,-1,-1,-1,0,-1,-1,-1,0,-1,-1,-1,-1,-1,-1,-1,-1,-1,-1,-1,1,12,0,3,1,54,1,7,-5,-21
2,2,2,2,2,2,2,2,0,0,0,0,2,0,0,0,0,0,3,0,0,0,0,0,0,0,0,-1,0,0,0,0,0,0,0,0,0,0,0,0,0,0,0,0,0,2,2,2,2,2,2,2,2,0,-1,0,0,0,0,0,0,-1,-1,0,0,0,-1,0,-1,-1,0,-1,-1,0,-1,0,0,0,0,0,0,-1,0,0,0,-1,0,-1,-1,-1,-1,-1,0,-1,-1,0,0,-1,0,-1,-1,0,0,-1,-1,-1,-1,-1,0,-1,-1,0,-1,-1,0,-1,0,-1,0,-1,-1,-1,-1,-1,-1,-1,-1,-1,-1,0,-1,-1,-1,-1,-1,-1,-1,-1,-1,-1,-1,-1,-1,-1,-1,-1,-1,-1,0,-1,-1,-1,-1,-1,-1,-1,-1,-1,-1,-1,1,12,1,3,1,58,0,7,-5,-21
2,2,2,2,2,2,2,2,0,0,0,0,3,0,0,0,0,0,2,0,0,0,0,0,0,0,0,0,0,0,-1,0,0,0,0,0,0,0,0,0,0,0,0,0,0,2,2,2,2,2,2,2,2,0,-1,-1,0,0,0,0,-1,0,0,0,0,0,-1,-1,-1,-1,-1,0,0,-1,-1,-1,0,0,-1,0,0,0,-1,0,0,0,0,-1,-1,-1,0,-1,0,0,-1,-1,0,0,-1,0,-1,0,-1,-1,-1,-1,-1,0,0,-1,-1,-1,-1,0,-1,-1,-1,-1,0,-1,-1,-1,-1,-1,-1,-1,-1,-1,-1,-1,-1,-1,0,-1,-1,-1,-1,-1,-1,0,-1,-1,-1,-1,-1,-1,-1,0,-1,-1,-1,0,-1,-1,-1,-1,-1,-1,-1,-1,1,12,1,3,1,54,0,7,-5,-21
2,2,2,2,2,2,2,2,0,0,0,0,2,0,0,0,0,0,3,0,0,0,0,0,0,0,0,0,-1,0,0,0,0,0,0,0,0,0,0,0,0,0,0,0,0,2,2,2,2,2,2,2,2,0,-1,0,0,0,0,0,0,0,-1,-1,0,0,-1,-1,0,-1,-1,0,0,-1,-1,0,0,0,-1,-1,0,0,-1,0,0,0,0,-1,0,-1,0,-1,0,0,-1,-1,0,-1,-1,0,-1,0,0,-1,-1,-1,0,-1,0,-1,0,-1,-1,-1,0,-1,0,-1,-1,-1,-1,-1,0,-1,-1,-1,-1,-1,-1,-1,-1,-1,-1,-1,-1,-1,-1,-1,-1,-1,-1,-1,-1,-1,-1,-1,-1,-1,-1,-1,-1,-1,-1,-1,-1,-1,-1,-1,-1,-1,1,12,1,3,1,56,0,7,-5,-21
2,2,2,2,2,2,2,2,0,0,0,0,2,0,0,0,0,0,-1,3,0,0,0,0,0,0,0,0,0,0,0,0,0,0,0,0,0,0,0,0,0,0,0,0,0,2,2,2,2,2,2,2,2,0,-1,-1,0,0,0,0,0,0,-1,-1,-1,0,0,-1,0,-1,-1,0,0,-1,-1,0,0,0,-1,0,0,0,-1,0,0,0,0,-1,0,-1,-1,-1,0,0,-1,-1,0,-1,-1,0,-1,0,0,0,-1,-1,0,-1,-1,-1,-1,-1,-1,0,-1,-1,0,-1,-1,-1,-1,-1,-1,-1,0,-1,-1,0,-1,-1,-1,-1,-1,-1,-1,-1,0,-1,-1,-1,-1,-1,-1,-1,-1,-1,-1,-1,-1,-1,-1,-1,-1,-1,-1,-1,-1,-1,-1,-1,1,12,0,3,1,55,1,7,-5,-21
2,2,2,2,2,2,2,2,0,0,0,0,3,0,0,0,0,0,2,0,0,0,0,0,0,0,0,0,0,0,-1,0,0,0,0,0,0,0,0,0,0,0,0,0,0,2,2,2,2,2,2,2,2,0,-1,0,0,0,0,0,0,-1,-1,0,0,0,-1,0,0,-1,0,-1,-1,0,-1,0,0,0,0,0,0,-1,0,0,0,-1,0,-1,-1,-1,-1,-1,0,-1,-1,0,0,-1,0,-1,-1,0,0,-1,-1,-1,-1,-1,0,-1,-1,0,-1,-1,0,-1,0,-1,0,-1,-1,-1,-1,-1,-1,-1,-1,-1,-1,0,-1,-1,-1,-1,-1,-1,-1,-1,-1,-1,-1,-1,-1,-1,-1,-1,-1,-1,-1,-1,-1,-1,-1,-1,-1,-1,-1,-1,-1,-1,1,12,0,3,1,59,0,7,-5,-21
2,2,2,2,2,2,2,2,0,0,0,0,3,0,0,0,0,0,2,0,0,0,0,0,0,0,0,0,0,0,-1,0,0,0,0,0,0,0,0,0,0,0,0,0,0,2,2,2,2,2,2,2,2,0,-1,-1,0,-1,0,0,-1,0,-1,-1,0,0,-1,-1,0,-1,-1,0,0,-1,-1,-1,0,0,-1,0,0,0,-1,0,0,0,0,-1,0,-1,0,-1,0,0,-1,-1,0,-1,-1,0,-1,0,-1,-1,-1,-1,-1,0,0,-1,-1,-1,-1,0,-1,-1,-1,-1,0,-1,-1,-1,-1,-1,-1,-1,-1,-1,-1,-1,-1,-1,0,-1,0,-1,-1,-1,-1,0,-1,-1,-1,-1,-1,-1,-1,0,-1,0,-1,0,-1,-1,-1,-1,-1,-1,-1,-1,1,12,0,3,1,58,0,7,-5,-21
2,2,2,2,2,2,2,2,0,0,0,0,2,0,0,0,0,0,3,0,0,0,0,0,0,0,0,0,0,0,0,0,0,0,0,0,0,0,0,0,0,0,0,-1,0,2,2,2,2,2,2,2,2,0,0,0,0,0,0,0,0,0,-1,-1,0,0,0,0,0,-1,0,-1,-1,0,-1,0,-1,-1,0,-1,0,0,-1,0,0,0,0,-1,-1,-1,-1,0,-1,0,0,0,-1,-1,-1,-1,0,0,0,-1,-1,-1,0,0,0,-1,-1,-1,-1,-1,-1,-1,-1,-1,-1,-1,-1,-1,-1,-1,-1,0,-1,-1,-1,0,-1,-1,-1,-1,-1,-1,-1,-1,-1,-1,-1,-1,-1,-1,-1,-1,-1,-1,-1,-1,-1,-1,-1,-1,-1,-1,-1,-1,-1,-1,1,12,1,3,1,58,1,7,-5,-21
2,2,2,2,2,2,2,2,0,0,0,0,2,0,0,0,0,0,-1,3,0,0,0,0,0,0,0,0,0,0,0,0,0,0,0,0,0,0,0,0,0,0,0,0,0,2,2,2,2,2,2,2,2,0,-1,0,0,-1,0,0,0,0,-1,0,0,0,0,0,0,-1,0,0,0,0,-1,0,0,0,-1,0,-1,-1,0,0,0,0,0,-1,-1,-1,-1,0,0,0,-1,-1,-1,-1,-1,0,-1,0,-1,-1,-1,-1,-1,-1,0,-1,-1,0,-1,0,-1,-1,-1,0,-1,-1,-1,-1,-1,-1,-1,-1,-1,-1,-1,-1,-1,-1,0,-1,-1,-1,-1,-1,-1,-1,-1,-1,-1,-1,-1,-1,-1,-1,-1,-1,-1,-1,-1,-1,-1,-1,-1,-1,-1,-1,1,12,0,3,1,59,1,7,-5,-21
2,2,2,2,2,2,2,2,0,0,0,0,2,0,0,0,0,0,-1,3,0,0,0,0,0,0,0,0,0,0,0,0,0,0,0,0,0,0,0,0,0,0,0,0,0,2,2,2,2,2,2,2,2,0,-1,0,0,0,0,0,0,0,-1,-1,0,-1,0,-1,0,0,0,-1,0,0,-1,-1,-1,0,0,0,-1,-1,0,0,-1,-1,0,-1,0,-1,-1,0,-1,0,-1,-1,-1,-1,0,-1,0,-1,-1,0,-1,0,-1,-1,0,-1,0,0,-1,-1,-1,-1,0,0,-1,-1,0,-1,-1,-1,-1,-1,-1,-1,-1,-1,-1,-1,-1,-1,-1,-1,-1,-1,-1,-1,-1,-1,-1,-1,-1,-1,-1,-1,-1,0,0,-1,-1,-1,-1,-1,-1,-1,-1,-1,1,12,0,3,1,55,0,7,-5,-21
2,2,2,2,2,2,2,2,0,0,0,0,3,0,0,0,0,0,2,0,0,0,0,0,0,0,0,0,0,0,-1,0,0,0,0,0,0,0,0,0,0,0,0,0,0,2,2,2,2,2,2,2,2,0,-1,0,0,0,0,0,-1,0,-1,-1,0,0,-1,-1,-1,-1,-1,-1,0,0,-1,-1,0,0,-1,0,0,0,-1,0,0,0,0,-1,0,-1,0,-1,0,0,-1,-1,0,0,-1,0,-1,0,-1,-1,-1,-1,-1,0,0,-1,-1,-1,-1,0,-1,-1,-1,-1,0,-1,-1,-1,-1,-1,0,-1,-1,-1,-1,-1,-1,-1,0,-1,-1,-1,-1,-1,-1,0,-1,-1,-1,-1,-1,-1,-1,0,-1,-1,-1,-1,-1,-1,-1,-1,-1,-1,-1,-1,1,12,1,3,1,54,1,7,-5,-21
2,2,2,2,2,2,2,2,0,0,0,0,2,0,0,0,0,0,3,0,0,0,0,0,0,0,0,0,0,0,0,0,0,0,0,0,0,0,0,0,0,0,0,-1,0,2,2,2,2,2,2,2,2,0,-1,0,0,0,0,-1,0,0,-1,0,0,0,-1,-1,0,-1,0,-1,0,-1,-1,-1,0,0,-1,0,0,0,-1,0,0,0,0,-1,0,-1,0,-1,0,0,-1,-1,0,-1,-1,0,-1,0,-1,-1,-1,-1,-1,0,0,-1,-1,-1,-1,0,-1,-1,-1,-1,0,-1,-1,-1,-1,-1,-1,-1,-1,-1,-1,-1,-1,-1,0,-1,-1,-1,0,-1,-1,0,-1,-1,-1,-1,-1,-1,-1,-1,-1,-1,-1,-1,-1,-1,-1,-1,-1,-1,-1,-1,1,12,0,3,1,54,0,7,-5,-21
2,2,2,2,2,2,2,2,0,0,0,0,2,0,0,0,0,0,-1,3,0,0,0,0,0,0,0,0,0,0,0,0,0,0,0,0,0,0,0,0,0,0,0,0,0,2,2,2,2,2,2,2,2,0,-1,-1,0,0,0,0,0,0,-1,-1,-1,0,0,-1,0,-1,-1,0,0,-1,-1,0,0,0,-1,-1,0,0,-1,0,0,0,0,-1,0,-1,-1,-1,0,0,-1,-1,0,-1,-1,0,0,0,0,0,-1,-1,0,-1,-1,-1,-1,-1,-1,0,-1,-1,0,-1,-1,-1,-1,-1,-1,-1,0,-1,-1,0,-1,-1,-1,-1,-1,-1,-1,-1,0,-1,-1,-1,-1,-1,-1,-1,-1,-1,-1,-1,-1,-1,-1,-1,-1,-1,-1,-1,-1,-1,-1,-1,1,12,1,3,1,54,0,7,-5,-21
2,2,2,2,2,2,2,2,0,0,0,0,3,0,0,0,0,0,2,0,0,0,0,0,0,0,0,0,0,0,-1,0,0,0,0,0,0,0,0,0,0,0,0,0,0,2,2,2,2,2,2,2,2,0,-1,0,0,0,0,0,-1,0,-1,-1,0,0,-1,-1,0,-1,-1,0,0,-1,-1,-1,0,0,-1,-1,0,0,-1,0,0,0,0,-1,0,-1,0,-1,0,0,-1,0,0,-1,-1,0,-1,0,-1,-1,-1,-1,-1,0,0,-1,-1,-1,-1,-1,-1,-1,-1,-1,0,-1,-1,-1,-1,-1,0,-1,-1,-1,-1,-1,-1,0,0,-1,-1,-1,-1,-1,-1,0,-1,-1,-1,-1,-1,-1,-1,0,-1,-1,-1,-1,-1,-1,-1,-1,-1,-1,-1,-1,1,12,1,3,1,58,0,7,-5,-21
2,2,2,2,2,2,2,2,0,0,0,0,2,0,0,0,0,0,-1,3,0,0,0,0,0,0,0,0,0,0,0,0,0,0,0,0,0,0,0,0,0,0,0,0,0,2,2,2,2,2,2,2,2,0,-1,0,0,0,0,0,0,0,-1,-1,0,0,-1,-1,0,-1,-1,0,0,-1,-1,0,0,0,-1,0,0,0,-1,0,0,0,0,-1,0,-1,0,-1,0,0,-1,-1,0,-1,-1,0,-1,0,-1,-1,-1,-1,-1,0,0,-1,0,0,-1,0,-1,-1,-1,0,-1,-1,-1,-1,-1,-1,-1,-1,-1,-1,-1,-1,-1,-1,-1,-1,-1,-1,-1,-1,-1,-1,-1,-1,-1,-1,-1,-1,-1,-1,-1,-1,-1,-1,-1,-1,-1,-1,-1,-1,-1,-1,1,12,1,3,1,54,1,7,-5,-21
2,2,2,2,2,2,2,2,0,0,0,0,3,0,0,0,0,0,2,0,0,0,0,0,0,0,0,0,0,0,-1,0,0,0,0,0,0,0,0,0,0,0,0,0,0,2,2,2,2,2,2,2,2,0,-1,0,0,0,0,0,-1,0,-1,-1,0,0,-1,0,0,0,-1,0,0,0,0,0,0,0,-1,0,-1,0,0,0,0,-1,-1,-1,-1,-1,-1,-1,-1,0,0,-1,-1,-1,0,-1,-1,0,-1,0,-1,-1,0,-1,-1,-1,0,-1,-1,-1,-1,-1,-1,-1,-1,-1,0,-1,-1,0,-1,-1,0,-1,-1,0,-1,-1,-1,-1,-1,-1,-1,-1,-1,-1,-1,-1,-1,-1,-1,-1,-1,-1,0,-1,-1,-1,-1,-1,-1,-1,-1,-1,-1,-1,1,12,1,3,1,54,1,7,-5,-21
2,2,2,2,2,2,2,2,0,0,0,0,3,0,0,0,0,0,2,0,0,0,0,0,0,0,0,0,0,0,-1,0,0,0,0,0,0,0,0,0,0,0,0,0,0,2,2,2,2,2,2,2,2,0,-1,0,0,0,-1,0,0,0,-1,-1,0,-1,0,-1,0,0,0,0,0,0,-1,-1,0,-1,0,0,-1,-1,0,0,0,-1,0,-1,0,-1,-1,0,-1,0,-1,-1,-1,-1,-1,-1,0,-1,-1,-1,-1,0,-1,-1,0,0,0,0,-1,0,-1,-1,0,0,0,-1,0,-1,-1,-1,-1,-1,-1,-1,-1,-1,-1,-1,-1,-1,-1,-1,-1,-1,-1,-1,-1,-1,-1,-1,-1,-1,-1,-1,-1,-1,-1,-1,-1,-1,-1,-1,-1,-1,-1,-1,1,12,1,3,1,54,0,7,-5,-21
0,2,2,2,2,2,2,2,0,0,0,0,0,0,0,0,0,0,0,0,0,0,0,0,0,0,0,0,0,0,0,0,0,0,0,0,0,0,0,0,0,0,0,2,2,2,2,2,2,2,0,0,0,0,0,0,-1,0,0,0,0,0,-1,3,2,2,3,-1,3,2,-1,-1,-1,0,3,-1,3,3,-1,2,-1,2,-1,0,0,3,0,3,3,2,3,2,0,0,0,2,2,-1,2,2,-1,3,2,2,-1,3,-1,2,-1,2,2,3,2,-1,2,0,-1,-1,-1,3,0,2,-1,3,0,3,2,2,0,0,2,-1,0,-1,-1,-1,-1,0,-1,-1,3,-1,0,0,-1,-1,3,-1,-1,3,-1,3,-1,0,-1,0,0,0,0,-1,1,12,1,3,0,55,1,4,-5,-21
2,2,2,2,2,2,2,2,0,0,0,0,2,0,0,0,0,0,3,0,0,0,0,0,0,0,0,0,-1,0,0,0,0,0,0,0,0,0,0,0,0,0,0,0,0,2,2,2,2,2,2,2,2,0,-1,0,0,0,0,0,0,0,-1,-1,0,0,-1,-1,0,-1,-1,0,0,-1,-1,0,0,0,-1,0,0,0,-1,0,0,0,0,-1,0,-1,-1,-1,0,0,-1,-1,0,-1,-1,0,-1,0,0,-1,-1,-1,0,-1,0,-1,-1,-1,-1,0,-1,-1,-1,-1,0,-1,-1,-1,-1,-1,-1,-1,-1,-1,-1,-1,-1,-1,0,-1,-1,-1,-1,-1,-1,0,-1,-1,-1,-1,-1,-1,-1,-1,-1,-1,-1,-1,-1,-1,-1,-1,-1,-1,-1,-1,1,12,1,3,1,54,1,7,-5,-21
2,2,2,2,2,2,2,2,0,0,0,0,3,0,0,0,0,0,2,0,0,0,0,0,0,0,0,0,0,0,0,0,-1,0,0,0,0,0,0,0,0,0,0,0,0,2,2,2,2,2,2,2,2,0,-1,0,0,-1,0,0,0,0,-1,-1,0,0,-1,0,0,0,-1,0,0,0,0,0,0,0,-1,0,-1,-1,0,0,0,-1,-1,-1,-1,-1,-1,-1,-1,0,0,-1,-1,-1,0,-1,-1,0,-1,0,-1,-1,0,-1,-1,0,0,-1,-1,-1,-1,-1,-1,-1,-1,-1,0,-1,-1,0,-1,-1,0,-1,-1,0,-1,-1,-1,-1,-1,-1,-1,-1,-1,-1,-1,-1,-1,-1,0,-1,-1,-1,-1,-1,-1,-1,-1,-1,-1,-1,-1,-1,-1,-1,1,12,0,3,1,54,0,7,-5,-21
2,2,2,2,2,2,2,2,0,0,0,0,2,0,0,0,0,0,3,0,0,0,0,0,0,0,0,0,0,0,0,0,0,0,0,0,0,0,0,0,0,0,0,-1,0,2,2,2,2,2,2,2,2,0,-1,0,0,0,0,-1,0,0,-1,0,-1,0,-1,-1,0,-1,0,-1,0,-1,-1,0,0,0,0,0,0,-1,-1,-1,0,0,0,-1,0,-1,0,-1,0,0,0,0,0,-1,0,0,-1,0,-1,0,-1,0,-1,-1,-1,-1,-1,0,-1,-1,-1,0,-1,-1,-1,-1,-1,-1,-1,-1,-1,-1,-1,-1,0,-1,-1,-1,-1,-1,-1,-1,-1,-1,-1,-1,-1,-1,-1,-1,-1,-1,-1,-1,-1,-1,-1,-1,-1,-1,-1,-1,-1,-1,-1,-1,1,12,1,3,1,58,0,7,-5,-21
2,2,2,2,2,2,2,2,0,0,0,0,3,0,0,0,0,0,2,0,0,0,0,0,0,0,0,0,0,0,-1,0,0,0,0,0,0,0,0,0,0,0,0,0,0,2,2,2,2,2,2,2,2,0,-1,0,0,-1,0,0,0,0,-1,-1,0,0,-1,0,0,0,-1,0,0,0,0,0,0,0,-1,0,-1,-1,0,0,0,-1,-1,-1,-1,-1,-1,-1,-1,0,0,-1,-1,-1,0,-1,-1,0,-1,0,-1,-1,0,0,-1,-1,0,-1,-1,-1,-1,-1,-1,-1,-1,-1,0,-1,-1,0,-1,-1,0,-1,-1,0,-1,-1,-1,-1,-1,-1,-1,-1,-1,-1,-1,-1,-1,-1,-1,-1,-1,-1,0,-1,-1,-1,-1,-1,-1,-1,-1,-1,-1,-1,1,12,0,3,1,54,0,7,-5,-21
2,2,2,2,2,2,2,2,0,0,0,0,2,0,0,0,0,0,3,0,0,0,0,0,0,0,0,0,-1,0,0,0,0,0,0,0,0,0,0,0,0,0,0,0,0,2,2,2,2,2,2,2,2,0,-1,0,0,0,0,0,0,0,-1,-1,0,0,0,0,0,-1,0,-1,-1,0,0,0,-1,0,0,0,0,-1,-1,0,0,-1,-1,-1,-1,0,-1,0,-1,0,0,-1,-1,-1,0,-1,-1,0,0,-1,-1,-1,0,-1,-1,0,0,-1,-1,0,-1,-1,-1,-1,-1,-1,0,-1,-1,0,-1,-1,-1,-1,-1,-1,-1,-1,-1,-1,-1,-1,-1,-1,-1,-1,-1,-1,-1,-1,-1,-1,-1,-1,-1,-1,-1,-1,-1,-1,-1,-1,-1,-1,-1,-1,1,12,0,3,1,57,1,7,-5,-21
0,2,2,2,2,2,2,2,0,0,0,0,0,0,0,0,0,0,0,0,0,0,0,0,0,0,0,0,0,0,0,0,0,0,0,0,0,0,0,0,0,0,0,2,2,2,2,2,2,2,0,0,0,0,0,0,-1,0,0,0,0,0,-1,3,2,2,3,-1,3,2,-1,-1,-1,0,3,-1,3,3,-1,2,-1,2,-1,0,0,3,0,3,3,2,3,2,0,0,0,2,2,-1,2,2,-1,3,2,2,-1,3,-1,2,-1,2,2,3,2,-1,2,0,-1,-1,-1,3,0,2,-1,3,0,3,2,2,0,0,2,-1,0,-1,-1,-1,-1,0,-1,-1,3,-1,0,0,-1,-1,3,-1,-1,3,-1,3,-1,0,-1,0,0,0,0,-1,1,12,0,3,1,59,0,4,-5,-21
2,2,2,2,2,2,2,2,0,0,0,0,2,0,0,0,0,0,-1,3,0,0,0,0,0,0,0,0,0,0,0,0,0,0,0,0,0,0,0,0,0,0,0,0,0,2,2,2,2,2,2,2,2,0,-1,0,0,0,0,0,0,-1,-1,0,0,0,0,0,0,-1,-1,0,0,0,-1,0,0,-1,-1,0,-1,-1,-1,0,0,0,0,-1,-1,-1,-1,0,0,0,-1,-1,-1,-1,-1,0,-1,0,-1,-1,-1,-1,0,-1,-1,0,0,-1,-1,-1,-1,-1,-1,-1,-1,-1,0,-1,-1,0,-1,-1,0,-1,-1,0,-1,-1,-1,-1,-1,-1,-1,-1,-1,-1,-1,-1,-1,-1,-1,-1,-1,-1,0,-1,-1,-1,-1,-1,-1,-1,-1,-1,-1,-1,1,12,0,3,1,54,1,7,-5,-21
2,2,2,2,2,2,2,2,0,0,0,0,3,0,0,0,0,0,2,0,0,0,0,0,0,0,0,0,0,0,-1,0,0,0,0,0,0,0,0,0,0,0,0,0,0,2,2,2,2,2,2,2,2,0,-1,-1,0,0,0,0,-1,0,-1,-1,0,0,-1,-1,0,-1,-1,0,0,-1,-1,-1,0,0,-1,0,0,0,-1,0,0,0,0,-1,0,-1,0,-1,0,0,-1,-1,0,-1,-1,0,-1,0,-1,-1,-1,-1,-1,0,0,-1,-1,-1,-1,0,-1,-1,-1,-1,0,-1,-1,-1,-1,-1,-1,-1,-1,-1,-1,-1,-1,-1,0,-1,-1,-1,0,-1,-1,0,-1,-1,-1,-1,-1,0,-1,0,-1,-1,-1,-1,-1,-1,-1,-1,-1,-1,-1,-1,1,12,0,3,1,59,0,7,-5,-21
2,2,2,2,2,2,2,2,0,0,0,0,3,0,0,0,0,0,2,0,0,0,0,0,0,0,0,0,0,0,-1,0,0,0,0,0,0,0,0,0,0,0,0,0,0,2,2,2,2,2,2,2,2,0,-1,0,0,0,0,0,0,0,-1,-1,0,0,-1,-1,0,-1,0,0,0,-1,-1,0,0,0,-1,-1,0,0,-1,0,0,0,0,-1,0,-1,0,-1,0,0,-1,-1,0,-1,-1,0,-1,0,0,-1,-1,-1,0,-1,0,-1,0,-1,-1,-1,0,-1,0,-1,-1,-1,-1,-1,-1,-1,-1,-1,-1,-1,-1,-1,-1,-1,-1,-1,-1,-1,-1,-1,-1,-1,-1,-1,-1,-1,-1,-1,-1,-1,-1,-1,-1,-1,-1,-1,-1,-1,-1,-1,-1,-1,1,12,1,3,1,58,0,7,-5,-21
2,2,2,2,2,2,2,2,0,0,0,0,2,0,0,0,0,0,-1,3,0,0,0,0,0,0,0,0,0,0,0,0,0,0,0,0,0,0,0,0,0,0,0,0,0,2,2,2,2,2,2,2,2,0,-1,0,0,0,0,0,0,0,-1,0,0,-1,-1,-1,0,-1,0,-1,0,-1,-1,-1,0,0,0,0,0,0,-1,0,0,-1,0,-1,-1,-1,0,-1,0,0,0,-1,0,-1,-1,0,-1,0,0,0,-1,-1,0,-1,0,-1,-1,-1,-1,0,-1,-1,0,-1,0,-1,-1,-1,-1,-1,-1,-1,-1,-1,-1,-1,-1,-1,-1,-1,-1,-1,-1,-1,-1,-1,-1,-1,-1,-1,-1,-1,-1,-1,-1,-1,-1,-1,-1,-1,-1,-1,-1,-1,-1,-1,1,12,1,3,1,54,0,7,-5,-21
2,2,2,2,2,2,2,2,0,0,0,0,3,0,0,0,0,0,2,0,0,0,0,0,0,0,0,0,0,0,0,0,-1,0,0,0,0,0,0,0,0,0,0,0,0,2,2,2,2,2,2,2,2,0,-1,0,0,0,0,-1,0,0,-1,0,0,0,-1,-1,0,-1,0,-1,0,0,-1,0,0,0,0,-1,0,-1,-1,0,0,0,0,-1,0,-1,0,-1,0,0,0,0,0,-1,-1,-1,0,-1,-1,0,-1,-1,0,0,0,-1,-1,-1,-1,-1,-1,-1,-1,-1,-1,-1,-1,-1,-1,-1,-1,-1,-1,0,-1,-1,-1,-1,-1,-1,-1,-1,-1,-1,-1,-1,-1,-1,-1,-1,-1,-1,-1,-1,-1,-1,-1,-1,-1,-1,-1,-1,-1,-1,-1,-1,1,12,1,3,1,54,1,7,-5,-21
2,2,2,2,2,2,2,2,0,0,0,0,2,0,0,0,0,0,-1,3,0,0,0,0,0,0,0,0,0,0,0,0,0,0,0,0,0,0,0,0,0,0,0,0,0,2,2,2,2,2,2,2,2,0,-1,0,0,-1,0,0,0,0,-1,0,-1,0,0,0,0,-1,0,0,0,0,-1,0,0,0,-1,0,-1,-1,0,0,0,0,0,-1,-1,-1,-1,0,0,0,-1,-1,-1,-1,-1,0,-1,0,-1,-1,-1,-1,-1,-1,0,-1,-1,0,-1,0,0,-1,-1,0,-1,-1,-1,-1,-1,-1,-1,-1,-1,-1,-1,-1,-1,-1,-1,-1,-1,-1,-1,-1,-1,-1,-1,-1,-1,-1,-1,-1,-1,-1,-1,-1,-1,-1,-1,-1,-1,-1,-1,-1,0,-1,1,12,0,3,1,54,0,7,-5,-21
2,2,2,2,2,2,2,2,0,0,0,0,3,0,0,0,0,0,2,0,0,0,0,0,0,0,0,0,0,0,-1,0,0,0,0,0,0,0,0,0,0,0,0,0,0,2,2,2,2,2,2,2,2,0,-1,0,0,0,0,-1,0,0,-1,0,0,0,-1,-1,0,-1,0,-1,0,-1,-1,0,0,0,0,0,0,0,-1,0,0,0,-1,-1,0,-1,0,-1,0,0,0,0,0,-1,-1,-1,-1,0,-1,0,-1,0,-1,-1,-1,-1,0,0,-1,-1,-1,-1,-1,-1,-1,-1,-1,-1,-1,-1,-1,-1,-1,-1,-1,-1,-1,-1,-1,-1,-1,-1,-1,-1,-1,-1,-1,-1,-1,-1,-1,-1,-1,-1,-1,-1,-1,-1,0,-1,-1,-1,-1,-1,-1,-1,1,12,0,3,1,56,0,7,-5,-21
2,2,2,2,2,2,2,2,0,0,0,0,2,0,0,0,0,0,3,0,0,0,0,0,0,0,0,0,0,0,0,0,0,0,0,0,0,0,0,0,0,0,0,-1,0,2,2,2,2,2,2,2,2,0,-1,0,0,0,0,-1,0,0,-1,0,0,0,-1,-1,0,-1,0,-1,0,-1,-1,0,0,0,0,0,0,-1,-1,-1,0,0,-1,-1,0,0,0,-1,0,0,0,0,0,-1,0,0,-1,0,-1,0,-1,0,-1,-1,-1,-1,-1,0,-1,-1,-1,-1,-1,-1,-1,-1,-1,-1,-1,-1,-1,-1,-1,-1,-1,-1,0,-1,-1,-1,-1,-1,-1,-1,-1,-1,-1,-1,-1,-1,-1,-1,-1,-1,-1,-1,-1,-1,-1,-1,-1,-1,-1,-1,-1,-1,1,12,1,3,1,60,1,7,-5,-21
2,2,2,2,2,2,2,2,0,0,0,0,3,0,0,0,0,0,2,0,0,0,0,0,0,0,0,0,0,0,-1,0,0,0,0,0,0,0,0,0,0,0,0,0,0,2,2,2,2,2,2,2,2,0,-1,0,0,0,0,0,-1,0,-1,-1,0,0,-1,-1,0,-1,-1,0,0,-1,-1,-1,0,0,-1,0,0,0,-1,-1,0,0,0,-1,0,-1,0,-1,0,0,-1,-1,0,-1,-1,0,-1,0,-1,-1,-1,-1,-1,0,0,-1,-1,-1,-1,0,-1,-1,-1,-1,0,-1,-1,-1,-1,-1,-1,-1,-1,-1,-1,0,-1,-1,0,-1,-1,-1,-1,0,-1,0,-1,-1,-1,-1,-1,-1,-1,0,-1,-1,-1,-1,-1,-1,-1,-1,-1,-1,-1,-1,1,12,0,3,1,56,0,7,-5,-21
2,2,2,2,2,2,2,2,0,0,0,0,3,0,0,0,0,0,2,0,0,0,0,0,0,0,0,0,0,0,-1,0,0,0,0,0,0,0,0,0,0,0,0,0,0,2,2,2,2,2,2,2,2,0,-1,0,0,0,0,0,0,0,-1,-1,0,0,0,-1,0,0,0,0,0,0,-1,-1,-1,-1,0,0,-1,0,0,0,-1,-1,0,-1,0,-1,-1,0,-1,0,-1,-1,-1,-1,-1,-1,0,-1,-1,-1,-1,0,-1,-1,0,0,0,0,-1,-1,-1,-1,0,0,0,-1,0,-1,-1,-1,-1,-1,-1,-1,-1,-1,-1,-1,-1,-1,-1,-1,-1,-1,-1,-1,-1,-1,-1,-1,-1,-1,-1,-1,-1,-1,-1,-1,-1,-1,-1,-1,-1,-1,-1,-1,1,12,0,3,1,62,0,7,-5,-21
2,2,2,2,2,2,2,2,0,0,0,0,2,0,0,0,0,0,-1,3,0,0,0,0,0,0,0,0,0,0,0,0,0,0,0,0,0,0,0,0,0,0,0,0,0,2,2,2,2,2,2,2,2,0,-1,0,0,0,0,-1,0,0,-1,0,0,0,0,-1,-1,0,0,0,-1,0,0,-1,0,0,0,0,0,0,0,-1,-1,0,0,-1,-1,-1,-1,0,-1,0,-1,0,-1,-1,-1,-1,0,0,0,-1,0,-1,-1,-1,-1,-1,-1,-1,-1,-1,-1,-1,-1,-1,-1,-1,-1,-1,-1,-1,0,0,-1,-1,-1,-1,-1,0,-1,-1,-1,-1,-1,-1,-1,0,-1,-1,-1,-1,-1,-1,-1,-1,-1,-1,-1,-1,-1,-1,-1,-1,-1,-1,-1,-1,1,12,0,3,1,54,0,7,-5,-21
2,2,2,2,2,2,2,2,0,0,0,0,2,0,0,0,0,0,3,0,0,0,0,0,0,0,0,0,0,0,0,0,0,0,0,0,0,0,0,0,0,0,0,-1,0,2,2,2,2,2,2,2,2,0,-1,0,0,0,0,-1,0,0,-1,0,0,0,-1,-1,-1,-1,0,-1,0,-1,-1,0,0,-1,0,0,0,0,-1,0,-1,0,0,-1,0,-1,0,-1,0,0,0,0,0,-1,-1,0,-1,0,0,0,-1,-1,0,-1,0,-1,-1,-1,-1,0,-1,-1,-1,-1,-1,-1,-1,-1,-1,-1,-1,-1,-1,-1,-1,-1,-1,-1,-1,-1,-1,-1,-1,-1,-1,-1,-1,-1,-1,-1,-1,-1,-1,-1,-1,-1,-1,-1,0,-1,-1,-1,-1,-1,-1,-1,1,12,1,3,1,54,1,7,-5,-21
2,2,2,2,2,2,2,2,0,0,0,0,3,0,0,0,0,0,2,0,0,0,0,0,0,0,0,0,0,0,-1,0,0,0,0,0,0,0,0,0,0,0,0,0,0,2,2,2,2,2,2,2,2,0,-1,0,0,0,0,0,0,-1,-1,0,0,0,-1,0,0,-1,0,-1,-1,0,-1,0,0,0,0,0,0,-1,0,-1,0,-1,0,-1,-1,-1,-1,-1,0,-1,-1,0,0,-1,0,-1,-1,0,0,-1,-1,-1,-1,-1,0,-1,-1,0,-1,-1,0,-1,0,-1,0,-1,-1,-1,-1,-1,-1,0,-1,-1,-1,0,-1,-1,-1,-1,-1,-1,-1,-1,-1,-1,-1,-1,-1,-1,-1,-1,-1,-1,-1,-1,-1,-1,-1,-1,-1,-1,-1,-1,-1,-1,1,12,1,3,1,58,0,7,-5,-21
2,2,2,2,2,2,2,2,0,0,0,0,3,0,0,0,0,0,2,0,0,0,0,0,0,0,0,0,0,0,-1,0,0,0,0,0,0,0,0,0,0,0,0,0,0,2,2,2,2,2,2,2,2,0,-1,0,0,0,0,0,0,0,0,0,0,0,0,0,-1,-1,0,0,0,0,-1,-1,0,0,-1,-1,0,0,-1,0,-1,0,-1,-1,-1,-1,-1,0,0,-1,0,0,-1,-1,-1,-1,-1,-1,0,-1,-1,0,0,-1,-1,-1,-1,-1,0,-1,-1,-1,-1,0,-1,-1,0,-1,-1,0,-1,-1,-1,-1,-1,0,-1,-1,-1,-1,-1,-1,-1,-1,-1,-1,-1,-1,-1,-1,-1,-1,-1,-1,-1,-1,-1,-1,-1,-1,-1,-1,-1,-1,-1,-1,1,12,0,3,1,54,0,7,-5,-21
2,2,2,2,2,2,2,2,0,0,0,0,3,0,0,0,0,0,2,0,0,0,0,0,0,0,0,0,0,0,-1,0,0,0,0,0,0,0,0,0,0,0,0,0,0,2,2,2,2,2,2,2,2,0,-1,0,0,0,0,0,-1,0,-1,-1,0,0,-1,-1,0,-1,-1,0,0,-1,-1,-1,0,0,-1,0,0,0,0,0,0,0,0,-1,0,-1,0,-1,0,0,-1,-1,0,-1,-1,0,-1,0,-1,-1,-1,-1,-1,0,0,-1,-1,-1,-1,0,-1,0,-1,-1,0,-1,-1,-1,-1,-1,-1,-1,-1,-1,-1,-1,-1,-1,0,-1,-1,-1,-1,-1,-1,0,-1,-1,-1,-1,-1,-1,-1,-1,-1,-1,-1,-1,-1,-1,-1,-1,-1,-1,-1,-1,1,12,1,3,1,54,0,7,-5,-21
2,2,2,2,2,2,2,2,0,0,0,0,3,0,0,0,0,0,2,0,0,0,0,0,0,0,0,0,0,0,-1,0,0,0,0,0,0,0,0,0,0,0,0,0,0,2,2,2,2,2,2,2,2,0,-1,0,0,0,0,0,0,0,-1,0,0,0,0,0,0,-1,0,0,0,0,-1,0,0,0,-1,-1,0,0,-1,0,0,0,0,-1,0,-1,0,-1,0,0,-1,-1,0,-1,-1,0,-1,0,0,-1,-1,-1,0,-1,-1,-1,-1,-1,-1,-1,-1,-1,-1,-1,-1,-1,-1,-1,-1,-1,-1,-1,-1,-1,-1,-1,-1,-1,-1,-1,-1,-1,-1,-1,-1,-1,-1,-1,-1,-1,-1,-1,-1,-1,-1,-1,-1,-1,-1,-1,-1,-1,-1,-1,-1,-1,1,12,1,3,1,54,0,7,-5,-21
2,2,2,2,2,2,2,2,0,0,0,0,2,0,0,0,0,0,3,0,0,0,0,0,0,0,0,0,-1,0,0,0,0,0,0,0,0,0,0,0,0,0,0,0,0,2,2,2,2,2,2,2,2,-1,-1,0,0,0,0,0,0,-1,-1,0,0,0,0,0,0,-1,-1,0,0,0,-1,0,0,0,-1,0,-1,-1,0,0,0,0,0,-1,-1,-1,-1,0,0,0,-1,-1,-1,-1,-1,0,-1,0,-1,-1,-1,-1,0,-1,0,-1,0,0,-1,0,-1,-1,-1,0,-1,-1,-1,-1,-1,-1,-1,-1,-1,0,-1,-1,-1,-1,-1,-1,-1,-1,-1,-1,-1,-1,-1,-1,-1,-1,-1,-1,-1,-1,-1,-1,-1,-1,-1,-1,-1,-1,-1,-1,-1,-1,1,12,0,3,1,54,1,7,-5,-21
2,2,2,2,2,2,2,2,0,0,0,0,3,0,0,0,0,0,2,0,0,0,0,0,0,0,0,0,0,0,-1,0,0,0,0,0,0,0,0,0,0,0,0,0,0,2,2,2,2,2,2,2,2,0,-1,0,0,0,0,0,-1,0,0,-1,0,0,-1,-1,0,-1,-1,0,0,-1,-1,-1,0,0,-1,0,0,0,-1,0,0,0,-1,-1,0,-1,0,-1,0,0,-1,-1,0,-1,-1,0,-1,0,-1,-1,-1,-1,-1,0,0,0,-1,-1,-1,0,-1,-1,-1,-1,0,-1,-1,-1,-1,-1,-1,-1,-1,-1,-1,-1,-1,-1,0,-1,-1,-1,-1,-1,-1,0,-1,-1,-1,-1,-1,-1,-1,0,-1,-1,-1,-1,-1,-1,-1,-1,-1,-1,-1,-1,1,12,0,3,1,58,0,7,-5,-21
2,2,2,2,2,2,2,2,0,0,0,0,2,0,0,0,0,0,3,0,0,0,0,0,0,0,0,0,0,0,0,0,0,0,0,0,0,0,0,0,0,0,0,-1,0,2,2,2,2,2,2,2,2,0,-1,0,0,0,0,-1,0,0,-1,0,0,0,-1,-1,0,-1,0,-1,0,-1,-1,0,0,0,0,0,-1,-1,0,0,-1,-1,0,-1,0,-1,-1,0,-1,0,-1,-1,-1,-1,-1,-1,0,-1,-1,-1,-1,0,-1,-1,0,0,0,0,-1,-1,-1,0,0,0,0,-1,0,-1,-1,-1,0,-1,-1,-1,-1,-1,-1,-1,-1,-1,-1,-1,-1,-1,-1,-1,-1,-1,-1,-1,-1,-1,-1,-1,-1,-1,-1,-1,-1,-1,-1,-1,-1,-1,-1,-1,1,12,0,3,1,54,0,7,-5,-21
2,2,2,2,2,2,2,2,0,0,0,0,3,0,0,0,0,0,2,0,0,0,0,0,0,0,0,0,0,0,-1,0,0,0,0,0,0,0,0,0,0,0,0,0,0,2,2,2,2,2,2,2,2,0,-1,0,0,0,0,-1,0,0,-1,0,0,0,-1,-1,0,-1,0,-1,0,0,-1,0,0,0,0,-1,0,0,-1,0,0,0,-1,-1,0,-1,0,-1,0,0,0,0,0,-1,-1,-1,0,-1,-1,0,-1,-1,0,0,0,-1,-1,-1,-1,-1,-1,-1,-1,-1,-1,-1,-1,-1,-1,-1,-1,-1,-1,-1,-1,-1,0,-1,-1,-1,-1,-1,-1,-1,-1,-1,-1,-1,-1,-1,-1,-1,-1,-1,-1,-1,-1,-1,-1,-1,-1,-1,-1,-1,-1,-1,1,12,0,3,1,54,1,7,-5,-21
2,2,2,2,2,2,2,2,0,0,0,0,3,0,0,0,0,0,2,0,0,0,0,0,0,0,0,0,0,0,-1,0,0,0,0,0,0,0,0,0,0,0,0,0,0,2,2,2,2,2,2,2,2,0,-1,0,0,0,0,0,-1,0,-1,0,0,0,-1,-1,0,-1,-1,0,0,-1,-1,-1,0,0,-1,0,0,0,-1,0,0,0,0,-1,0,-1,0,-1,0,0,-1,0,0,-1,-1,0,-1,-1,-1,-1,-1,-1,-1,0,0,-1,-1,-1,-1,0,-1,-1,-1,-1,0,-1,-1,-1,-1,-1,-1,-1,-1,-1,-1,-1,-1,0,0,-1,-1,-1,-1,-1,-1,0,-1,-1,-1,-1,-1,-1,-1,-1,-1,-1,-1,-1,-1,-1,-1,-1,-1,-1,-1,-1,1,12,0,3,1,56,0,7,-5,-21
2,2,2,2,2,2,2,2,0,0,0,0,2,0,0,0,0,0,3,0,0,0,0,0,0,0,0,0,0,0,0,0,0,0,0,0,0,0,0,0,0,0,0,-1,0,2,2,2,2,2,2,2,2,0,-1,0,0,0,0,-1,0,0,-1,0,0,0,-1,-1,0,-1,0,-1,0,-1,-1,0,0,-1,0,0,0,-1,0,0,0,-1,0,-1,-1,-1,-1,0,-1,-1,0,0,0,-1,0,-1,-1,-1,-1,-1,-1,-1,0,-1,0,-1,-1,-1,0,-1,0,-1,0,-1,-1,-1,-1,-1,-1,-1,0,-1,-1,-1,0,-1,-1,-1,-1,0,-1,-1,-1,-1,-1,-1,-1,-1,-1,0,-1,-1,-1,-1,-1,-1,-1,-1,-1,-1,-1,-1,-1,-1,-1,-1,1,12,1,3,1,54,1,7,-5,-21
2,2,2,2,2,2,2,2,0,0,0,0,2,0,0,0,0,0,3,0,0,0,0,0,0,0,0,0,0,0,0,0,0,0,0,0,0,0,0,0,0,0,0,-1,0,2,2,2,2,2,2,2,2,0,-1,0,0,-1,0,0,0,-1,-1,0,0,0,0,0,0,-1,-1,0,0,0,-1,0,0,0,-1,0,-1,-1,0,0,0,0,0,-1,-1,-1,-1,0,0,0,-1,0,-1,-1,-1,0,-1,0,-1,-1,-1,-1,-1,-1,0,-1,-1,0,-1,0,-1,-1,-1,0,-1,-1,-1,-1,-1,-1,-1,-1,-1,-1,-1,-1,-1,-1,-1,-1,-1,-1,0,-1,-1,-1,-1,-1,-1,-1,-1,-1,0,-1,-1,-1,-1,-1,-1,-1,-1,-1,-1,-1,-1,-1,1,12,0,3,1,54,0,7,-5,-21
2,2,2,2,2,2,2,2,0,0,0,0,3,0,0,0,0,0,2,0,0,0,0,0,0,0,0,0,0,0,-1,0,0,0,0,0,0,0,0,0,0,0,0,0,0,2,2,2,2,2,2,2,2,0,-1,-1,0,0,0,0,-1,0,-1,-1,0,0,-1,-1,0,-1,-1,0,0,-1,-1,-1,0,0,-1,0,0,0,-1,0,0,0,0,-1,0,-1,0,-1,0,0,-1,-1,0,-1,-1,0,-1,0,-1,-1,-1,-1,-1,0,0,-1,-1,-1,-1,0,-1,-1,-1,-1,0,-1,-1,-1,-1,-1,-1,-1,-1,-1,-1,-1,-1,-1,0,-1,-1,-1,0,-1,-1,0,-1,-1,-1,-1,-1,0,-1,0,-1,-1,-1,-1,-1,-1,-1,-1,-1,-1,-1,-1,1,12,0,3,1,54,1,7,-5,-21
2,2,2,2,2,2,2,2,0,0,0,0,3,0,0,0,0,0,2,0,0,0,0,0,0,0,0,0,0,0,-1,0,0,0,0,0,0,0,0,0,0,0,0,0,0,2,2,2,2,2,2,2,2,0,-1,0,-1,0,-1,-1,0,0,-1,0,0,0,-1,-1,0,-1,0,-1,0,-1,-1,0,0,0,0,0,0,0,-1,0,0,0,-1,-1,0,-1,0,-1,0,0,0,0,-1,-1,-1,0,-1,0,-1,0,-1,0,-1,-1,-1,-1,-1,0,-1,0,-1,-1,-1,-1,-1,0,-1,-1,-1,-1,0,-1,0,-1,-1,-1,-1,-1,-1,-1,-1,-1,-1,-1,-1,-1,-1,-1,-1,-1,-1,-1,-1,-1,-1,-1,-1,-1,-1,-1,-1,-1,-1,-1,-1,-1,1,12,1,3,1,57,0,7,-5,-21
2,2,2,2,2,2,2,2,0,0,0,0,2,0,0,0,0,0,3,0,0,0,0,0,0,0,0,0,0,0,0,0,0,0,0,0,0,0,0,0,0,0,0,-1,0,2,2,2,2,2,2,2,2,0,-1,0,0,0,0,-1,-1,0,-1,0,0,0,-1,-1,0,-1,0,-1,0,-1,-1,0,0,0,0,0,0,0,-1,0,-1,0,-1,-1,0,-1,0,-1,0,0,0,0,0,-1,0,0,-1,0,-1,0,-1,0,-1,-1,-1,-1,-1,0,-1,-1,-1,-1,-1,-1,-1,0,-1,-1,-1,-1,-1,-1,-1,-1,-1,-1,-1,-1,-1,-1,-1,-1,-1,-1,-1,-1,-1,-1,-1,-1,-1,-1,-1,-1,-1,-1,-1,-1,-1,-1,-1,-1,-1,-1,0,-1,1,12,1,3,1,55,1,7,-5,-21
2,2,2,2,2,2,2,2,0,0,0,0,3,0,0,0,0,0,2,0,0,0,0,0,0,0,0,0,0,0,-1,0,0,0,0,0,0,0,0,0,0,0,0,0,0,2,2,2,2,2,2,2,2,0,-1,0,0,0,0,0,-1,0,0,-1,0,0,-1,-1,-1,-1,0,-1,0,-1,-1,-1,0,0,-1,0,0,0,-1,0,0,0,0,-1,0,-1,0,-1,0,0,0,-1,0,0,-1,-1,-1,0,-1,-1,-1,-1,0,-1,0,-1,-1,-1,-1,0,-1,-1,-1,-1,0,-1,-1,-1,-1,-1,-1,-1,-1,-1,-1,-1,-1,-1,0,-1,-1,-1,-1,-1,-1,0,-1,-1,-1,-1,-1,-1,-1,0,-1,-1,-1,-1,-1,-1,-1,-1,-1,-1,-1,-1,1,12,1,3,1,54,0,7,-5,-21
2,2,2,2,2,2,2,2,0,0,0,0,3,0,0,0,0,0,2,0,0,0,0,0,0,0,0,0,0,0,-1,0,0,0,0,0,0,0,0,0,0,0,0,0,0,2,2,2,2,2,2,2,2,0,-1,0,0,0,0,0,-1,0,-1,-1,0,0,-1,-1,0,-1,-1,0,0,-1,-1,-1,0,0,-1,0,0,0,-1,0,0,0,0,-1,0,-1,0,-1,0,-1,-1,-1,0,-1,-1,0,-1,0,-1,-1,-1,-1,-1,0,0,-1,-1,-1,-1,0,-1,-1,-1,-1,0,-1,-1,-1,-1,-1,-1,-1,-1,-1,-1,-1,-1,0,0,-1,-1,-1,-1,0,-1,0,-1,-1,-1,-1,-1,-1,-1,0,-1,-1,-1,-1,-1,-1,-1,-1,-1,-1,-1,-1,1,12,0,3,1,61,0,7,-5,-21
2,2,2,2,2,2,2,2,0,0,0,0,3,0,0,0,0,0,2,0,0,0,0,0,0,0,0,0,0,0,0,0,-1,0,0,0,0,0,0,0,0,0,0,0,0,2,2,2,2,2,2,2,2,0,-1,0,0,-1,0,0,0,-1,-1,-1,0,0,-1,0,0,0,-1,0,0,0,0,0,0,0,-1,0,-1,-1,0,0,0,-1,-1,-1,0,-1,-1,-1,-1,0,0,-1,-1,-1,0,-1,-1,0,-1,0,-1,-1,0,-1,-1,0,0,-1,-1,-1,-1,-1,-1,-1,-1,-1,0,-1,-1,0,-1,-1,-1,-1,0,0,-1,-1,-1,-1,-1,-1,-1,-1,-1,-1,-1,-1,-1,-1,-1,-1,-1,-1,0,-1,-1,-1,-1,-1,-1,-1,-1,-1,-1,-1,1,12,1,3,1,61,1,7,-5,-21
2,2,2,2,2,2,2,2,0,0,0,0,3,0,0,0,0,0,2,0,0,0,0,0,0,0,0,0,0,0,-1,0,0,0,0,0,0,0,0,0,0,0,0,0,0,2,2,2,2,2,2,2,2,0,-1,0,0,0,0,0,0,0,-1,-1,0,0,0,-1,0,0,0,0,0,0,-1,-1,-1,-1,0,0,-1,0,0,0,-1,-1,-1,0,0,-1,-1,0,-1,0,-1,-1,-1,-1,-1,-1,0,-1,-1,-1,-1,0,-1,-1,0,0,0,0,-1,-1,-1,-1,0,0,0,-1,0,-1,-1,-1,-1,-1,-1,-1,-1,-1,-1,-1,-1,-1,-1,-1,-1,-1,-1,-1,-1,-1,-1,-1,-1,-1,-1,-1,-1,-1,-1,-1,-1,-1,-1,-1,-1,-1,-1,-1,1,12,1,3,1,61,0,7,-5,-21
2,2,2,2,2,2,2,2,0,0,0,0,2,0,0,0,0,0,3,0,0,0,0,0,0,0,0,0,0,0,0,0,0,0,0,0,0,0,0,0,0,0,0,-1,0,2,2,2,2,2,2,2,2,0,-1,0,0,0,0,-1,0,0,0,0,0,0,-1,-1,0,-1,0,-1,0,-1,-1,0,0,0,0,0,0,-1,-1,0,0,0,0,-1,0,-1,0,-1,0,0,0,0,0,-1,0,0,-1,0,-1,0,-1,0,-1,-1,-1,-1,-1,-1,-1,-1,-1,-1,-1,-1,-1,-1,-1,-1,-1,-1,-1,-1,-1,-1,-1,-1,-1,-1,-1,-1,-1,-1,-1,-1,-1,-1,-1,-1,-1,-1,-1,-1,-1,-1,-1,-1,-1,-1,-1,-1,-1,-1,-1,-1,-1,-1,1,12,0,3,1,58,1,7,-5,-21
2,2,2,2,2,2,2,2,0,0,0,0,3,0,0,0,0,0,2,0,0,0,0,0,0,0,0,0,0,0,-1,0,0,0,0,0,0,0,0,0,0,0,0,0,0,2,2,2,2,2,2,2,2,0,-1,0,0,0,0,0,-1,0,-1,-1,0,0,-1,-1,-1,-1,-1,0,0,-1,-1,-1,0,0,-1,0,0,0,-1,0,0,0,0,-1,-1,-1,0,-1,0,0,0,-1,0,0,-1,0,-1,0,-1,-1,-1,-1,-1,0,0,0,-1,-1,-1,0,-1,-1,-1,-1,0,0,-1,-1,-1,-1,-1,-1,-1,-1,-1,-1,-1,-1,0,-1,-1,-1,-1,-1,-1,0,-1,-1,-1,-1,-1,-1,-1,-1,-1,-1,-1,-1,-1,-1,-1,-1,-1,-1,-1,-1,1,12,0,3,1,54,1,7,-5,-21
2,2,2,2,2,2,2,2,0,0,0,0,2,0,0,0,0,0,3,0,0,0,0,0,0,0,0,0,0,0,0,0,0,0,0,0,0,0,0,0,0,0,0,-1,0,2,2,2,2,2,2,2,2,0,-1,0,-1,0,0,-1,0,0,-1,-1,0,0,-1,-1,-1,-1,-1,0,0,-1,-1,-1,0,0,-1,0,0,0,-1,0,0,0,0,-1,0,-1,0,-1,0,0,-1,-1,0,0,-1,0,-1,0,-1,-1,-1,-1,-1,0,0,-1,-1,-1,-1,0,-1,-1,-1,-1,0,-1,-1,-1,-1,-1,-1,-1,-1,-1,-1,-1,-1,-1,0,-1,-1,0,-1,-1,-1,0,-1,-1,-1,-1,-1,-1,-1,0,-1,-1,-1,0,-1,-1,-1,-1,-1,-1,-1,-1,1,12,0,3,1,54,0,7,-5,-21
2,2,2,2,2,2,2,2,0,0,0,0,2,0,0,0,0,0,-1,3,0,0,0,0,0,0,0,0,0,0,0,0,0,0,0,0,0,0,0,0,0,0,0,0,0,2,2,2,2,2,2,2,2,0,-1,0,0,0,0,0,0,0,-1,0,0,0,0,-1,-1,0,0,0,-1,0,0,0,0,0,0,0,0,0,0,-1,-1,0,0,-1,-1,-1,-1,0,-1,0,-1,0,-1,-1,-1,-1,0,0,0,-1,0,-1,-1,-1,-1,-1,-1,-1,-1,-1,-1,-1,-1,-1,-1,-1,-1,-1,-1,-1,0,0,-1,-1,-1,-1,-1,-1,-1,-1,-1,-1,-1,-1,-1,-1,-1,-1,-1,-1,-1,-1,-1,-1,-1,-1,-1,-1,-1,-1,-1,-1,-1,-1,-1,-1,1,12,0,3,1,56,0,7,-5,-21
2,2,2,2,2,2,2,2,0,0,0,0,3,0,0,0,0,0,2,0,0,0,0,0,0,0,0,0,0,0,-1,0,0,0,0,0,0,0,0,0,0,0,0,0,0,2,2,2,2,2,2,2,2,0,-1,0,0,0,0,0,-1,0,-1,-1,0,0,-1,-1,0,-1,-1,0,0,-1,-1,-1,0,0,-1,0,0,0,-1,0,0,0,0,-1,0,-1,0,-1,0,0,-1,-1,0,-1,-1,0,-1,0,-1,-1,0,-1,-1,0,0,0,-1,-1,-1,0,-1,-1,-1,-1,0,-1,-1,-1,-1,-1,-1,-1,-1,-1,-1,-1,-1,-1,0,-1,-1,-1,-1,-1,-1,0,-1,-1,-1,-1,-1,-1,-1,-1,-1,-1,-1,-1,-1,-1,-1,-1,-1,-1,-1,-1,1,12,0,3,1,56,0,7,-5,-21
2,2,2,2,2,2,2,2,0,0,0,0,2,0,0,0,0,0,3,0,0,0,0,0,0,0,0,0,0,0,0,0,0,0,0,0,0,0,0,0,0,0,0,-1,0,2,2,2,2,2,2,2,2,0,-1,0,0,0,0,-1,0,0,-1,0,0,0,-1,-1,0,-1,0,-1,0,-1,-1,0,0,0,0,0,0,0,-1,0,0,0,-1,-1,0,-1,0,-1,0,0,0,0,0,-1,0,0,-1,0,-1,0,-1,0,-1,-1,-1,-1,-1,0,-1,-1,-1,-1,-1,-1,-1,-1,-1,-1,-1,-1,-1,-1,-1,-1,-1,-1,-1,-1,-1,-1,-1,-1,-1,-1,-1,-1,-1,-1,-1,-1,-1,-1,-1,-1,-1,-1,-1,-1,-1,-1,-1,-1,-1,-1,-1,-1,1,12,0,3,1,55,1,7,-5,-21
0,2,2,2,2,2,2,2,0,0,0,0,0,0,0,0,0,0,0,0,0,0,0,0,0,0,0,0,0,0,0,0,0,0,0,0,0,0,0,0,0,0,0,2,2,2,2,2,2,2,0,0,0,0,0,0,-1,0,0,0,0,0,-1,3,2,2,3,-1,3,2,-1,-1,-1,0,3,-1,3,3,-1,2,-1,2,-1,0,0,3,0,3,3,2,3,2,0,0,0,2,2,-1,2,2,-1,3,2,2,-1,3,-1,2,-1,2,2,3,2,-1,2,0,-1,-1,-1,3,0,2,-1,3,0,3,2,2,0,0,2,-1,0,-1,-1,-1,-1,0,-1,-1,3,-1,0,0,-1,-1,3,-1,-1,3,-1,3,-1,0,-1,0,0,0,0,-1,1,12,0,3,1,56,1,4,-5,-21
2,2,2,2,2,2,2,2,0,0,0,0,2,0,0,0,0,0,3,0,0,0,0,0,0,0,0,0,-1,0,0,0,0,0,0,0,0,0,0,0,0,0,0,0,0,2,2,2,2,2,2,2,2,0,-1,0,0,0,0,0,0,0,-1,-1,0,0,-1,-1,0,-1,-1,0,0,-1,-1,0,0,0,-1,0,0,0,-1,0,0,0,0,-1,0,-1,0,-1,0,0,-1,-1,0,-1,-1,0,-1,0,0,-1,-1,-1,0,-1,0,-1,-1,-1,-1,0,-1,-1,-1,-1,0,-1,-1,-1,-1,-1,-1,-1,0,-1,-1,-1,-1,-1,-1,-1,-1,-1,-1,-1,-1,-1,-1,-1,-1,-1,-1,-1,-1,-1,-1,-1,-1,-1,-1,-1,-1,-1,-1,-1,-1,-1,1,12,0,3,1,54,1,7,-5,-21
2,2,2,2,2,2,2,2,0,0,0,0,2,0,0,0,0,0,3,0,0,0,0,0,0,0,0,0,0,0,0,0,0,0,0,0,0,0,0,0,0,0,0,-1,0,2,2,2,2,2,2,2,2,0,-1,0,0,0,0,-1,0,0,-1,-1,0,0,-1,0,0,0,-1,0,0,0,0,0,0,0,-1,0,-1,-1,0,0,0,-1,-1,-1,-1,-1,-1,-1,-1,0,0,-1,-1,-1,0,-1,-1,0,-1,0,-1,-1,0,-1,-1,0,0,-1,-1,-1,-1,-1,-1,-1,-1,-1,0,-1,-1,0,-1,-1,0,-1,-1,0,-1,-1,-1,-1,-1,-1,-1,-1,-1,-1,-1,-1,-1,-1,-1,-1,-1,-1,0,-1,-1,-1,-1,-1,-1,-1,-1,-1,-1,-1,1,12,0,3,1,56,0,7,-5,-21
2,2,2,2,2,2,2,2,0,0,0,0,3,0,0,0,0,0,2,0,0,0,0,0,0,0,0,0,0,0,-1,0,0,0,0,0,0,0,0,0,0,0,0,0,0,2,2,2,2,2,2,2,2,0,-1,0,0,0,0,0,-1,0,-1,-1,0,0,-1,-1,-1,-1,-1,0,0,-1,-1,-1,0,0,-1,0,0,0,-1,0,0,0,0,-1,0,-1,0,-1,0,0,-1,-1,0,0,-1,0,-1,0,-1,-1,-1,-1,-1,0,0,-1,-1,-1,-1,0,-1,-1,-1,-1,0,-1,-1,-1,-1,-1,0,-1,-1,-1,-1,-1,-1,-1,0,-1,-1,-1,-1,-1,-1,0,-1,-1,-1,-1,-1,-1,-1,0,-1,-1,-1,-1,-1,-1,-1,-1,-1,-1,-1,-1,1,12,1,3,1,58,0,7,-5,-21
0,2,2,2,2,2,2,2,0,0,0,0,0,0,0,0,0,0,0,0,0,0,0,0,0,0,0,0,0,0,0,0,0,0,0,0,0,0,0,0,0,0,0,2,2,2,2,2,2,2,0,0,0,0,0,0,-1,-1,0,0,0,0,0,3,2,2,3,-1,3,2,-1,-1,-1,0,3,-1,3,3,-1,2,-1,2,-1,0,0,3,0,3,3,2,3,2,0,0,0,2,2,-1,2,2,-1,3,2,2,-1,3,-1,2,-1,2,2,3,2,-1,2,0,-1,-1,-1,3,0,2,-1,3,0,3,2,2,0,0,2,-1,0,-1,-1,-1,-1,0,-1,-1,3,-1,0,0,-1,-1,3,-1,-1,3,-1,3,-1,0,-1,0,0,0,0,-1,1,9,1,3,1,51,1,4,-5,-21
2,2,2,2,2,2,2,2,0,0,0,0,3,0,0,0,0,0,2,0,0,0,0,0,0,0,0,0,0,0,-1,0,0,0,0,0,0,0,0,0,0,0,0,0,0,2,2,2,2,2,2,2,2,0,-1,0,0,0,0,0,-1,0,0,-1,0,0,-1,-1,-1,-1,-1,0,0,-1,-1,-1,0,0,-1,0,0,0,-1,0,0,-1,0,-1,-1,-1,0,-1,0,0,0,-1,0,0,-1,0,-1,0,-1,-1,-1,-1,-1,0,0,0,-1,-1,-1,0,-1,-1,0,-1,0,-1,-1,-1,-1,-1,-1,-1,-1,-1,-1,-1,-1,-1,0,-1,-1,-1,-1,-1,-1,0,-1,-1,-1,-1,-1,-1,-1,-1,-1,-1,-1,-1,-1,-1,-1,-1,-1,-1,-1,-1,1,12,0,3,1,53,0,7,-5,-21
2,2,2,2,2,2,2,2,0,0,0,0,2,0,0,0,0,0,3,0,0,0,0,0,0,0,0,0,-1,0,0,0,0,0,0,0,0,0,0,0,0,0,0,0,0,2,2,2,2,2,2,2,2,0,0,0,0,0,0,0,-1,-1,-1,-1,0,0,-1,-1,0,-1,-1,0,0,-1,-1,-1,0,0,-1,0,0,0,-1,0,0,0,0,-1,0,-1,0,-1,0,0,-1,-1,0,-1,-1,0,-1,0,-1,-1,-1,-1,-1,0,0,-1,-1,-1,-1,-1,-1,-1,-1,-1,0,-1,-1,-1,-1,-1,-1,-1,-1,-1,-1,-1,-1,0,0,-1,0,-1,-1,0,-1,0,-1,-1,-1,-1,-1,-1,-1,-1,-1,-1,-1,-1,-1,-1,-1,-1,-1,-1,-1,-1,1,12,0,3,1,61,0,7,-5,-21
2,2,2,2,2,2,2,2,0,0,0,0,3,0,0,0,0,0,2,0,0,0,0,0,0,0,0,0,0,0,-1,0,0,0,0,0,0,0,0,0,0,0,0,0,0,2,2,2,2,2,2,2,2,0,-1,0,0,0,0,0,-1,0,-1,-1,0,0,-1,-1,0,-1,-1,0,0,-1,-1,-1,0,0,-1,0,0,0,-1,0,0,0,0,-1,0,-1,0,-1,0,0,-1,-1,0,-1,-1,0,-1,0,-1,-1,-1,-1,-1,0,0,-1,-1,-1,-1,0,-1,-1,-1,-1,0,-1,-1,-1,-1,-1,-1,-1,-1,-1,-1,-1,-1,-1,0,-1,-1,-1,-1,-1,-1,0,-1,-1,-1,-1,-1,-1,-1,0,-1,-1,-1,0,-1,-1,-1,-1,-1,-1,-1,-1,1,12,1,3,1,55,1,7,-5,-21
2,2,2,2,2,2,2,2,0,0,0,0,3,0,0,0,0,0,2,0,0,0,0,0,0,0,0,0,0,0,-1,0,0,0,0,0,0,0,0,0,0,0,0,0,0,2,2,2,2,2,2,2,2,0,-1,0,0,0,0,0,-1,0,-1,-1,0,0,-1,-1,0,-1,-1,-1,0,-1,-1,-1,0,0,-1,0,0,0,-1,0,0,0,0,-1,0,-1,0,-1,0,0,-1,-1,0,-1,-1,0,-1,0,-1,-1,-1,-1,-1,0,0,0,-1,-1,-1,0,-1,-1,-1,-1,0,-1,-1,-1,-1,-1,-1,-1,-1,-1,-1,-1,-1,-1,0,-1,-1,-1,-1,-1,-1,0,-1,-1,-1,-1,-1,-1,-1,0,-1,-1,-1,0,-1,-1,-1,-1,-1,-1,-1,-1,1,12,1,3,1,58,1,7,-5,-21
0,2,2,2,2,2,2,2,0,0,0,0,0,0,0,0,0,0,0,0,0,0,0,0,0,0,0,0,0,0,0,0,0,0,0,0,0,0,0,0,0,0,0,2,2,2,2,2,2,2,0,0,0,0,0,0,-1,0,0,0,0,0,-1,3,2,2,3,-1,3,2,-1,-1,-1,0,3,-1,3,3,-1,2,-1,2,-1,0,0,3,0,3,3,2,3,2,0,0,0,2,2,-1,2,2,-1,3,2,2,-1,3,-1,2,-1,2,2,3,2,-1,2,0,-1,-1,-1,3,0,2,-1,3,0,3,2,2,0,0,2,-1,0,-1,-1,-1,-1,0,-1,-1,3,-1,0,0,-1,-1,3,-1,-1,3,-1,3,-1,0,-1,0,0,0,0,-1,1,12,1,3,0,56,1,1,-5,-21
2,2,2,2,2,2,2,2,0,0,0,0,2,0,0,0,0,0,-1,3,0,0,0,0,0,0,0,0,0,0,0,0,0,0,0,0,0,0,0,0,0,0,0,0,0,2,2,2,2,2,2,2,2,0,-1,0,0,0,0,0,0,0,-1,-1,0,0,-1,-1,-1,-1,-1,0,0,-1,-1,0,0,0,-1,0,0,0,-1,0,0,0,0,-1,0,-1,0,-1,0,0,-1,-1,0,-1,-1,0,-1,0,-1,-1,-1,0,0,0,0,-1,0,0,-1,0,-1,-1,-1,-1,-1,-1,-1,-1,-1,-1,-1,-1,-1,-1,-1,-1,-1,-1,-1,-1,-1,-1,-1,-1,-1,-1,-1,-1,-1,-1,-1,-1,-1,-1,-1,-1,-1,-1,-1,-1,-1,-1,-1,-1,-1,-1,1,12,1,3,1,59,0,7,-5,-21
2,2,2,2,2,2,2,2,0,0,0,0,3,0,0,0,0,0,2,0,0,0,0,0,0,0,0,0,0,0,-1,0,0,0,0,0,0,0,0,0,0,0,0,0,0,2,2,2,2,2,2,2,2,0,-1,0,0,0,0,0,-1,0,-1,-1,0,0,-1,-1,-1,-1,-1,0,0,-1,-1,-1,0,0,-1,0,0,0,-1,0,0,0,0,-1,0,-1,0,-1,0,0,-1,-1,0,0,-1,0,-1,0,-1,-1,-1,-1,-1,0,0,-1,-1,-1,-1,0,-1,-1,-1,-1,0,-1,-1,-1,-1,-1,-1,-1,0,-1,-1,-1,-1,-1,0,-1,-1,-1,-1,-1,-1,0,-1,-1,-1,-1,-1,-1,-1,0,-1,-1,-1,-1,-1,-1,-1,-1,-1,-1,-1,-1,1,12,0,3,1,56,0,7,-5,-21
2,2,2,2,2,2,2,2,0,0,0,0,3,0,0,0,0,0,2,0,0,0,0,0,0,0,0,0,0,0,0,0,-1,0,0,0,0,0,0,0,0,0,0,0,0,2,2,2,2,2,2,2,2,0,-1,0,0,0,0,0,-1,0,-1,-1,0,0,-1,-1,0,-1,-1,0,0,-1,-1,-1,0,0,-1,0,0,0,-1,0,0,0,0,-1,0,-1,0,-1,0,0,-1,-1,0,-1,-1,0,-1,0,-1,-1,-1,-1,-1,-1,0,-1,-1,-1,-1,0,-1,-1,-1,-1,0,-1,-1,-1,-1,-1,-1,-1,-1,-1,-1,-1,-1,-1,0,-1,-1,-1,0,-1,-1,0,-1,-1,-1,-1,-1,0,-1,0,-1,-1,-1,-1,-1,-1,-1,-1,-1,-1,-1,-1,1,12,0,3,1,56,0,7,-5,-21
2,2,2,2,2,2,2,2,0,0,0,0,2,0,0,0,0,0,3,0,0,0,0,0,0,0,0,0,-1,0,0,0,0,0,0,0,0,0,0,0,0,0,0,0,0,2,2,2,2,2,2,2,2,0,-1,0,0,0,0,0,0,0,-1,-1,0,0,-1,-1,0,-1,-1,0,0,0,-1,0,0,0,-1,0,0,0,-1,0,0,0,0,-1,0,-1,0,-1,0,0,-1,-1,0,-1,-1,0,-1,0,0,0,-1,-1,0,-1,0,-1,0,-1,-1,-1,-1,-1,-1,-1,-1,-1,-1,-1,-1,-1,-1,-1,-1,-1,-1,-1,-1,-1,-1,-1,-1,-1,-1,-1,-1,-1,-1,-1,-1,-1,-1,-1,-1,-1,-1,-1,-1,-1,-1,-1,-1,-1,-1,-1,-1,-1,1,12,1,3,1,54,1,7,-5,-21
2,2,2,2,2,2,2,2,0,0,0,0,3,0,0,0,0,0,2,0,0,0,0,0,0,0,0,0,0,0,-1,0,0,0,0,0,0,0,0,0,0,0,0,0,0,2,2,2,2,2,2,2,2,0,-1,0,0,0,0,0,0,0,-1,-1,0,0,0,-1,0,-1,-1,-1,0,-1,-1,0,0,0,-1,0,0,0,-1,0,0,0,0,-1,0,-1,0,-1,0,0,-1,-1,0,-1,-1,-1,-1,0,-1,0,-1,0,-1,0,0,-1,-1,-1,-1,0,-1,-1,-1,-1,0,-1,-1,-1,-1,-1,-1,-1,-1,-1,-1,-1,-1,-1,0,-1,-1,-1,-1,-1,-1,-1,-1,-1,-1,-1,-1,-1,-1,-1,-1,-1,-1,-1,-1,-1,-1,-1,-1,-1,-1,-1,1,12,0,3,1,54,1,7,-5,-21
2,2,2,2,2,2,2,2,0,0,0,0,2,0,0,0,0,0,-1,3,0,0,0,0,0,0,0,0,0,0,0,0,0,0,0,0,0,0,0,0,0,0,0,0,0,2,2,2,2,2,2,2,2,0,-1,0,0,0,0,0,0,0,-1,0,0,0,0,0,0,-1,0,0,0,0,-1,0,0,0,-1,0,-1,-1,0,0,0,0,0,-1,-1,-1,-1,0,0,0,-1,-1,-1,-1,-1,0,-1,0,-1,-1,-1,-1,-1,-1,0,-1,0,0,-1,0,-1,-1,-1,-1,-1,-1,-1,-1,-1,-1,-1,-1,-1,-1,-1,-1,-1,-1,-1,-1,-1,-1,-1,-1,-1,-1,-1,-1,-1,-1,-1,-1,-1,-1,-1,-1,-1,-1,-1,-1,-1,-1,-1,-1,-1,-1,1,12,1,3,1,55,0,7,-5,-21
2,2,2,2,2,2,2,2,0,0,0,0,3,0,0,0,0,0,2,0,0,0,0,0,0,0,0,0,0,0,-1,0,0,0,0,0,0,0,0,0,0,0,0,0,0,2,2,2,2,2,2,2,2,0,-1,0,0,0,0,0,-1,0,-1,-1,0,-1,-1,-1,0,-1,-1,0,0,-1,-1,-1,0,0,-1,0,0,0,-1,0,0,0,0,-1,0,-1,0,-1,0,0,-1,-1,0,-1,-1,0,-1,0,-1,-1,-1,-1,-1,0,0,0,-1,-1,-1,0,-1,-1,-1,-1,0,-1,-1,-1,-1,-1,-1,-1,-1,-1,-1,-1,-1,-1,0,-1,-1,-1,-1,-1,-1,0,-1,-1,-1,0,-1,-1,-1,0,-1,-1,-1,-1,-1,-1,-1,-1,-1,-1,-1,-1,1,12,0,3,1,58,0,7,-5,-21
2,2,2,2,2,2,2,2,0,0,0,0,2,0,0,0,0,0,3,0,0,0,0,0,0,0,0,0,-1,0,0,0,0,0,0,0,0,0,0,0,0,0,0,0,0,2,2,2,2,2,2,2,2,0,-1,0,0,-1,0,0,0,0,-1,0,0,0,0,0,0,-1,0,0,0,0,-1,0,0,0,-1,0,-1,-1,0,0,0,0,0,-1,-1,-1,-1,0,0,0,-1,-1,-1,-1,-1,0,-1,0,-1,-1,-1,-1,-1,-1,0,-1,-1,0,-1,0,-1,-1,-1,0,-1,-1,-1,-1,-1,-1,-1,-1,-1,-1,-1,-1,-1,-1,-1,-1,-1,-1,-1,-1,-1,-1,-1,-1,-1,-1,-1,-1,-1,-1,-1,-1,-1,-1,-1,-1,-1,-1,-1,-1,0,-1,1,12,0,3,1,59,0,7,-5,-21
2,2,2,2,2,2,2,2,0,0,0,0,2,0,0,0,0,0,3,0,0,0,0,0,0,0,0,0,-1,0,0,0,0,0,0,0,0,0,0,0,0,0,0,0,0,2,2,2,2,2,2,2,2,0,-1,0,0,0,0,0,0,-1,-1,0,0,-1,-1,0,0,-1,0,-1,-1,0,-1,0,0,0,0,0,0,-1,0,0,0,-1,0,-1,-1,-1,-1,-1,0,-1,-1,0,0,-1,0,-1,-1,0,0,0,-1,-1,-1,-1,0,-1,-1,0,-1,-1,0,-1,0,-1,0,-1,-1,-1,-1,-1,-1,-1,-1,-1,-1,-1,-1,-1,-1,-1,-1,-1,-1,-1,-1,-1,-1,-1,-1,-1,-1,-1,-1,-1,-1,-1,-1,-1,-1,-1,0,-1,-1,-1,-1,-1,1,12,0,3,1,54,0,7,-5,-21
2,2,2,2,2,2,2,2,0,0,0,0,2,0,0,0,0,0,3,0,0,0,0,0,0,0,0,0,-1,0,0,0,0,0,0,0,0,0,0,0,0,0,0,0,0,2,2,2,2,2,2,2,2,0,-1,0,0,0,0,0,0,-1,-1,0,0,0,0,0,-1,0,0,-1,-1,0,0,-1,0,0,0,-1,-1,0,0,-1,0,-1,0,-1,-1,-1,-1,0,-1,-1,0,-1,-1,-1,0,-1,-1,0,0,-1,-1,-1,0,-1,-1,-1,-1,0,-1,-1,0,-1,0,-1,-1,-1,-1,-1,-1,-1,-1,-1,-1,-1,-1,-1,-1,-1,0,-1,0,-1,-1,-1,-1,-1,-1,-1,-1,0,-1,-1,-1,-1,-1,-1,-1,-1,-1,-1,-1,-1,0,-1,-1,-1,1,12,0,3,1,54,0,7,-5,-21
2,2,2,2,2,2,2,2,0,0,0,0,3,0,0,0,0,0,2,0,0,0,0,0,0,0,0,0,0,0,0,0,-1,0,0,0,0,0,0,0,0,0,0,0,0,2,2,2,2,2,2,2,2,0,-1,0,0,-1,0,0,0,0,-1,-1,0,0,-1,0,0,0,-1,0,0,0,0,0,0,0,-1,0,-1,-1,0,0,0,-1,-1,-1,-1,-1,-1,-1,-1,0,0,-1,-1,-1,0,-1,-1,0,-1,0,-1,-1,0,-1,-1,0,0,-1,-1,-1,-1,-1,-1,-1,-1,-1,0,-1,-1,0,-1,-1,-1,-1,-1,0,-1,0,-1,-1,-1,-1,-1,-1,-1,-1,-1,-1,-1,-1,-1,0,-1,-1,-1,-1,-1,-1,-1,-1,-1,-1,-1,-1,-1,-1,1,12,0,3,1,54,0,7,-5,-21
2,2,2,2,2,2,2,2,0,0,0,0,2,0,0,0,0,0,3,0,0,0,0,0,0,0,0,0,0,0,0,0,0,0,0,0,0,0,0,0,0,0,0,-1,0,2,2,2,2,2,2,2,2,0,-1,0,0,0,0,-1,0,0,-1,0,-1,0,-1,-1,0,-1,0,-1,0,-1,-1,0,0,0,0,0,0,-1,-1,-1,0,0,0,-1,0,-1,0,-1,0,0,0,0,0,-1,0,0,-1,0,-1,0,-1,0,-1,-1,-1,-1,-1,0,-1,-1,-1,0,-1,-1,-1,-1,-1,-1,-1,-1,-1,-1,-1,-1,0,-1,-1,-1,-1,-1,-1,-1,-1,-1,-1,-1,-1,-1,-1,-1,-1,-1,-1,-1,-1,-1,-1,-1,-1,-1,-1,-1,-1,-1,-1,-1,1,12,1,3,1,55,1,7,-5,-21
2,2,2,2,2,2,2,2,0,0,0,0,2,0,0,0,0,0,3,0,0,0,0,0,0,0,0,0,0,0,0,0,0,0,0,0,0,0,0,0,0,0,0,-1,0,2,2,2,2,2,2,2,2,0,-1,0,0,0,0,-1,-1,0,-1,0,0,0,-1,-1,0,-1,0,-1,-1,-1,-1,0,0,0,0,0,0,0,-1,0,0,0,-1,0,0,-1,0,-1,0,0,0,0,0,-1,0,0,-1,0,-1,0,-1,0,-1,-1,-1,-1,-1,0,-1,-1,-1,-1,-1,-1,-1,-1,-1,-1,-1,-1,-1,-1,-1,-1,-1,-1,-1,-1,-1,-1,-1,-1,-1,-1,-1,-1,-1,-1,-1,-1,-1,0,-1,-1,-1,-1,-1,-1,-1,-1,-1,-1,-1,-1,-1,-1,1,12,1,3,1,58,1,7,-5,-21
2,2,2,2,2,2,2,2,0,0,0,0,3,0,0,0,0,0,2,0,0,0,0,0,0,0,0,0,0,0,0,0,-1,0,0,0,0,0,0,0,0,0,0,0,0,2,2,2,2,2,2,2,2,0,-1,0,0,0,0,0,0,-1,-1,0,0,0,-1,0,0,-1,0,-1,-1,0,-1,0,0,0,0,0,0,-1,0,0,0,-1,0,-1,-1,-1,-1,-1,0,-1,-1,0,0,-1,0,-1,-1,0,0,-1,-1,-1,-1,-1,0,-1,-1,0,-1,-1,0,-1,0,-1,0,-1,-1,-1,-1,-1,-1,-1,-1,-1,-1,0,-1,-1,-1,-1,-1,-1,-1,-1,-1,-1,-1,-1,-1,-1,-1,-1,-1,-1,-1,-1,-1,-1,-1,-1,-1,-1,-1,-1,-1,-1,1,12,0,3,1,54,0,7,-5,-21
2,2,2,2,2,2,2,2,0,0,0,0,3,0,0,0,0,0,2,0,0,0,0,0,0,0,0,0,0,0,-1,0,0,0,0,0,0,0,0,0,0,0,0,0,0,2,2,2,2,2,2,2,2,0,-1,0,0,0,0,0,0,-1,-1,0,0,0,0,0,0,-1,-1,0,0,0,-1,0,0,-1,0,0,0,0,0,0,0,-1,0,-1,-1,-1,0,0,0,0,-1,-1,-1,-1,-1,-1,0,0,0,-1,-1,-1,-1,-1,-1,-1,-1,0,-1,0,-1,-1,-1,-1,-1,0,-1,-1,-1,-1,-1,-1,-1,-1,-1,-1,-1,-1,-1,-1,-1,-1,-1,-1,-1,-1,-1,-1,-1,-1,-1,-1,-1,-1,-1,-1,-1,-1,-1,-1,-1,-1,-1,-1,-1,-1,1,12,1,3,1,54,0,7,-5,-21
2,2,2,2,2,2,2,2,0,0,0,0,3,0,0,0,0,0,2,0,0,0,0,0,0,0,0,0,0,0,0,0,-1,0,0,0,0,0,0,0,0,0,0,0,0,2,2,2,2,2,2,2,2,0,-1,0,0,-1,0,0,0,0,-1,-1,0,0,-1,0,0,0,-1,0,0,0,0,0,0,0,-1,0,-1,-1,0,0,0,-1,-1,-1,-1,-1,-1,-1,-1,0,0,-1,-1,-1,0,-1,0,-1,-1,0,-1,0,-1,-1,0,0,0,0,-1,-1,-1,-1,0,0,-1,-1,0,-1,-1,-1,-1,-1,-1,-1,-1,-1,-1,-1,-1,-1,-1,-1,-1,-1,-1,-1,-1,-1,-1,-1,-1,-1,-1,-1,-1,-1,-1,-1,-1,-1,-1,-1,-1,-1,-1,-1,1,12,1,3,1,54,1,7,-5,-21
2,2,2,2,2,2,2,2,0,0,0,0,2,0,0,0,0,0,3,0,0,0,0,0,0,0,0,0,-1,0,0,0,0,0,0,0,0,0,0,0,0,0,0,0,0,2,2,2,2,2,2,2,2,0,-1,0,0,0,0,0,0,-1,-1,-1,0,0,-1,-1,0,-1,-1,0,0,-1,-1,-1,0,0,-1,0,0,0,-1,0,0,-1,0,-1,0,-1,0,-1,-1,0,-1,-1,0,-1,-1,0,-1,0,-1,-1,0,-1,-1,0,0,0,0,-1,-1,0,-1,-1,-1,-1,0,-1,-1,-1,-1,-1,-1,-1,-1,-1,-1,-1,-1,-1,0,-1,-1,-1,-1,-1,-1,0,-1,-1,-1,-1,-1,-1,-1,0,-1,-1,-1,-1,-1,-1,-1,-1,-1,-1,-1,-1,1,12,0,3,1,54,1,7,-5,-21
2,2,2,2,2,2,2,2,0,0,0,0,3,0,0,0,0,0,2,0,0,0,0,0,0,0,0,0,0,0,-1,0,0,0,0,0,0,0,0,0,0,0,0,0,0,2,2,2,2,2,2,2,2,0,-1,0,0,0,0,0,-1,-1,-1,-1,0,0,-1,-1,0,-1,-1,0,0,-1,-1,-1,0,0,-1,0,0,0,-1,0,0,0,0,-1,0,-1,0,-1,0,0,-1,-1,0,-1,-1,0,-1,0,-1,-1,-1,-1,-1,0,0,-1,-1,-1,0,0,-1,-1,-1,-1,0,-1,-1,-1,-1,-1,-1,-1,-1,-1,-1,-1,-1,0,0,-1,-1,-1,-1,0,-1,0,-1,-1,-1,-1,-1,-1,-1,-1,-1,-1,-1,-1,-1,-1,-1,-1,-1,-1,-1,-1,1,12,0,3,1,61,0,7,-5,-21
2,2,2,2,2,2,2,2,0,0,0,0,3,0,0,0,0,0,2,0,0,0,0,0,0,0,0,0,0,0,0,0,-1,0,0,0,0,0,0,0,0,0,0,0,0,2,2,2,2,2,2,2,2,0,-1,0,0,0,0,0,-1,0,-1,-1,0,0,-1,-1,0,-1,-1,0,0,-1,-1,-1,0,0,-1,0,0,0,-1,0,-1,0,0,-1,0,-1,0,-1,0,0,-1,-1,0,-1,-1,0,-1,0,-1,-1,-1,-1,-1,-1,0,-1,-1,-1,-1,0,-1,-1,-1,-1,0,-1,-1,-1,-1,-1,-1,-1,-1,-1,-1,-1,-1,-1,0,-1,-1,-1,0,-1,-1,0,-1,-1,-1,-1,-1,0,-1,0,-1,-1,-1,-1,-1,0,-1,-1,-1,-1,-1,-1,1,12,0,3,1,56,0,7,-5,-21
2,2,2,2,2,2,2,2,0,0,0,0,2,0,0,0,0,0,3,0,0,0,0,0,0,0,0,0,-1,0,0,0,0,0,0,0,0,0,0,0,0,0,0,0,0,2,2,2,2,2,2,2,2,0,-1,0,0,0,0,0,0,-1,-1,-1,0,0,-1,-1,0,-1,-1,0,0,-1,-1,-1,0,0,-1,0,0,0,-1,0,0,-1,0,-1,0,0,0,-1,-1,0,-1,-1,0,-1,-1,0,-1,0,-1,-1,-1,-1,-1,0,0,0,-1,-1,-1,0,-1,-1,-1,-1,0,-1,-1,-1,-1,-1,-1,-1,-1,-1,-1,-1,-1,-1,0,-1,-1,-1,-1,-1,-1,0,-1,-1,-1,-1,-1,-1,-1,0,-1,-1,-1,0,-1,-1,-1,-1,-1,-1,-1,-1,1,12,0,3,1,54,1,7,-5,-21
2,2,2,2,2,2,2,2,0,0,0,0,3,0,0,0,0,0,2,0,0,0,0,0,0,0,0,0,0,0,-1,0,0,0,0,0,0,0,0,0,0,0,0,0,0,2,2,2,2,2,2,2,2,0,-1,0,-1,0,0,-1,0,0,-1,0,0,0,-1,-1,0,-1,0,0,0,0,-1,-1,0,0,0,0,0,0,-1,0,0,0,-1,-1,0,-1,0,-1,0,0,0,0,0,-1,-1,0,-1,-1,-1,0,-1,0,-1,-1,-1,-1,-1,0,-1,0,-1,-1,-1,-1,-1,-1,-1,0,-1,-1,-1,-1,-1,-1,-1,-1,-1,-1,-1,-1,-1,-1,-1,-1,-1,-1,-1,-1,-1,-1,-1,-1,-1,-1,-1,-1,-1,-1,-1,-1,-1,-1,-1,-1,-1,-1,1,12,0,3,1,57,1,7,-5,-21
2,2,2,2,2,2,2,2,0,0,0,0,2,0,0,0,0,0,3,0,0,0,0,0,0,0,0,0,-1,0,0,0,0,0,0,0,0,0,0,0,0,0,0,0,0,2,2,2,2,2,2,2,2,0,-1,0,-1,0,0,0,0,0,-1,-1,0,0,-1,-1,0,-1,-1,0,0,-1,-1,0,0,0,-1,0,0,0,-1,0,0,0,0,-1,0,-1,0,-1,0,0,-1,0,0,-1,-1,0,-1,0,0,-1,-1,-1,0,-1,0,-1,-1,-1,-1,0,0,-1,0,-1,-1,-1,-1,-1,-1,-1,-1,-1,-1,-1,-1,-1,-1,-1,-1,-1,-1,-1,-1,-1,-1,-1,-1,-1,-1,-1,-1,-1,-1,-1,-1,-1,-1,-1,-1,-1,-1,-1,-1,-1,-1,-1,1,12,0,3,1,58,0,7,-5,-21
2,2,2,2,2,2,2,2,0,0,0,0,2,0,0,0,0,0,3,0,0,0,0,0,0,0,0,0,0,0,0,0,0,0,0,0,0,0,0,0,0,0,0,-1,0,2,2,2,2,2,2,2,2,0,-1,0,0,0,0,-1,0,0,-1,0,0,0,-1,-1,0,-1,0,-1,0,-1,-1,0,0,-1,0,0,0,-1,0,0,0,-1,0,-1,-1,-1,-1,0,-1,-1,0,0,0,-1,0,-1,-1,-1,-1,-1,-1,-1,0,-1,0,-1,-1,-1,0,-1,0,-1,0,-1,-1,-1,-1,-1,-1,-1,0,-1,-1,-1,0,-1,-1,-1,-1,0,-1,-1,-1,-1,-1,-1,-1,-1,-1,0,-1,-1,-1,-1,-1,-1,-1,-1,-1,-1,-1,-1,-1,-1,-1,-1,1,12,1,3,1,56,1,7,-5,-21
2,2,2,2,2,2,2,2,0,0,0,0,2,0,0,0,0,0,3,0,0,0,0,0,0,0,0,0,-1,0,0,0,0,0,0,0,0,0,0,0,0,0,0,0,0,2,2,2,2,2,2,2,2,0,-1,0,0,0,0,0,0,0,-1,-1,0,0,0,-1,0,-1,-1,0,0,-1,-1,-1,0,0,-1,0,0,0,-1,0,0,0,-1,-1,0,-1,0,-1,0,0,-1,-1,0,-1,-1,0,0,0,-1,-1,-1,-1,-1,0,0,-1,-1,-1,-1,0,-1,-1,-1,-1,0,-1,-1,-1,-1,-1,-1,-1,-1,-1,-1,-1,-1,0,0,-1,-1,-1,-1,-1,-1,-1,-1,-1,-1,-1,-1,-1,-1,-1,-1,-1,-1,-1,-1,-1,-1,-1,-1,-1,-1,-1,1,12,1,3,1,54,0,7,-5,-21
2,2,2,2,2,2,2,2,0,0,0,0,2,0,0,0,0,0,3,0,0,0,0,0,0,0,0,0,0,0,0,0,0,0,0,0,0,0,0,0,0,0,0,-1,0,2,2,2,2,2,2,2,2,0,-1,-1,0,0,0,-1,0,0,-1,0,-1,0,-1,-1,0,-1,0,-1,0,-1,-1,-1,0,0,0,0,0,-1,-1,-1,0,0,0,-1,0,-1,0,-1,0,0,0,0,0,-1,0,0,-1,0,-1,0,-1,0,-1,-1,-1,-1,-1,0,-1,-1,-1,-1,-1,-1,-1,-1,-1,-1,-1,-1,-1,-1,-1,-1,0,-1,-1,-1,-1,-1,-1,-1,-1,-1,-1,0,-1,-1,-1,-1,-1,-1,0,-1,-1,-1,-1,-1,-1,-1,-1,-1,0,-1,-1,-1,1,12,0,3,1,54,0,7,-5,-21
2,2,2,2,2,2,2,2,0,0,0,0,2,0,0,0,0,0,3,0,0,0,0,0,0,0,0,0,-1,0,0,0,0,0,0,0,0,0,0,0,0,0,0,0,0,2,2,2,2,2,2,2,2,0,-1,0,0,0,0,0,0,-1,-1,0,0,0,0,0,0,-1,-1,0,0,0,-1,0,0,-1,-1,0,-1,-1,-1,0,0,0,0,-1,-1,-1,-1,0,0,0,-1,-1,-1,-1,-1,0,-1,0,-1,-1,-1,-1,0,-1,-1,0,0,-1,-1,-1,-1,-1,-1,-1,-1,-1,0,-1,-1,0,-1,-1,0,-1,-1,0,-1,-1,0,-1,-1,-1,-1,-1,-1,-1,-1,-1,-1,-1,-1,-1,-1,-1,-1,-1,-1,-1,-1,-1,-1,-1,-1,-1,-1,-1,1,12,1,3,1,54,1,7,-5,-21
2,2,2,2,2,2,2,2,0,0,0,0,3,0,0,0,0,0,2,0,0,0,0,0,0,0,0,0,0,0,-1,0,0,0,0,0,0,0,0,0,0,0,0,0,0,2,2,2,2,2,2,2,2,0,-1,-1,0,0,0,0,0,0,-1,-1,0,0,-1,-1,0,-1,-1,0,0,-1,-1,-1,0,0,-1,0,0,0,-1,0,0,0,0,-1,0,-1,0,-1,0,-1,-1,-1,0,-1,-1,0,-1,0,-1,-1,-1,-1,-1,0,0,-1,-1,-1,-1,0,-1,-1,-1,-1,0,-1,-1,-1,-1,-1,-1,-1,-1,-1,-1,-1,-1,-1,0,-1,-1,-1,0,-1,-1,0,-1,-1,-1,-1,-1,0,-1,0,-1,-1,-1,-1,-1,-1,-1,-1,-1,-1,-1,-1,1,12,0,3,1,59,0,7,-5,-21
2,2,2,2,2,2,2,2,0,0,0,0,2,0,0,0,0,0,3,0,0,0,0,0,0,0,0,0,0,0,0,0,0,0,0,0,0,0,0,0,0,0,0,-1,0,2,2,2,2,2,2,2,2,0,-1,0,0,0,0,-1,0,0,-1,0,0,0,-1,-1,0,-1,0,-1,0,-1,-1,0,0,0,0,0,0,0,-1,0,0,0,-1,0,0,-1,0,-1,0,-1,0,0,0,-1,0,0,-1,0,-1,-1,-1,-1,-1,0,0,-1,-1,-1,-1,-1,-1,-1,-1,-1,-1,-1,-1,-1,-1,-1,-1,-1,-1,-1,-1,-1,-1,-1,-1,-1,-1,-1,-1,-1,-1,-1,-1,-1,-1,-1,-1,-1,-1,-1,0,-1,-1,-1,-1,-1,-1,-1,-1,-1,-1,-1,1,12,0,3,1,54,1,7,-5,-21
2,2,2,2,2,2,2,2,0,0,0,0,3,0,0,0,0,0,2,0,0,0,0,0,0,0,0,0,0,0,-1,0,0,0,0,0,0,0,0,0,0,0,0,0,0,2,2,2,2,2,2,2,2,0,-1,-1,0,0,0,0,-1,0,-1,-1,0,0,-1,-1,0,-1,-1,0,0,-1,-1,-1,0,0,-1,0,0,0,-1,0,0,0,0,-1,0,-1,0,-1,0,0,-1,-1,0,-1,-1,0,-1,0,-1,-1,-1,-1,-1,0,0,-1,-1,-1,-1,0,-1,-1,-1,-1,0,-1,-1,-1,-1,-1,-1,-1,-1,-1,-1,-1,-1,-1,0,-1,-1,-1,0,-1,-1,0,-1,-1,-1,-1,-1,-1,-1,0,-1,-1,-1,0,-1,-1,-1,-1,-1,-1,-1,-1,1,12,0,3,1,58,0,7,-5,-21
2,2,2,2,2,2,2,2,0,0,0,0,3,0,0,0,0,0,2,0,0,0,0,0,0,0,0,0,0,0,0,0,-1,0,0,0,0,0,0,0,0,0,0,0,0,2,2,2,2,2,2,2,2,0,-1,0,0,-1,0,0,0,0,-1,-1,0,0,-1,0,0,0,-1,0,0,0,0,0,0,0,-1,0,-1,-1,0,0,0,-1,-1,-1,-1,-1,-1,-1,-1,0,0,-1,0,-1,0,-1,-1,0,-1,0,-1,-1,-1,0,0,-1,-1,-1,-1,0,-1,-1,-1,-1,0,-1,-1,-1,-1,-1,-1,-1,-1,-1,-1,-1,-1,-1,0,-1,-1,-1,-1,-1,-1,0,-1,-1,-1,-1,-1,-1,-1,0,-1,-1,-1,-1,-1,-1,-1,-1,-1,-1,-1,-1,1,12,0,3,1,54,0,7,-5,-21
0,2,2,2,2,2,2,2,0,0,0,0,0,0,0,0,0,0,0,0,0,0,0,0,0,0,0,0,0,0,0,0,0,0,0,0,0,0,0,0,0,0,0,2,2,2,2,2,2,2,0,0,0,0,0,0,-1,0,0,0,0,0,-1,3,2,2,3,-1,3,2,-1,-1,-1,0,3,-1,3,3,-1,2,-1,2,-1,0,0,3,0,3,3,2,3,2,0,0,0,2,2,-1,2,2,-1,3,2,2,-1,3,-1,2,-1,2,2,3,2,-1,2,0,-1,-1,-1,3,0,2,-1,3,0,3,2,2,0,0,2,-1,0,-1,-1,-1,-1,0,-1,-1,3,-1,0,0,-1,-1,3,-1,-1,3,-1,3,-1,0,-1,0,0,0,0,-1,1,9,1,3,1,57,1,2,-5,-21
2,2,2,2,2,2,2,2,0,0,0,0,3,0,0,0,0,0,2,0,0,0,0,0,0,0,0,0,0,0,-1,0,0,0,0,0,0,0,0,0,0,0,0,0,0,2,2,2,2,2,2,2,2,0,-1,0,0,0,0,0,-1,-1,-1,-1,0,0,0,-1,0,-1,-1,0,0,-1,-1,-1,0,0,-1,0,0,0,-1,0,0,0,0,-1,0,-1,0,-1,0,0,-1,-1,0,-1,-1,0,-1,0,-1,-1,-1,-1,-1,0,0,-1,-1,-1,-1,0,-1,-1,-1,-1,0,-1,-1,-1,-1,-1,-1,-1,-1,-1,-1,-1,-1,0,0,-1,-1,-1,-1,0,-1,0,-1,-1,-1,-1,-1,-1,-1,-1,-1,-1,-1,-1,-1,-1,-1,-1,-1,-1,-1,-1,1,12,1,3,1,54,0,7,-5,-21
2,2,2,2,2,2,2,2,0,0,0,0,2,0,0,0,0,0,3,0,0,0,0,0,0,0,0,0,-1,0,0,0,0,0,0,0,0,0,0,0,0,0,0,0,0,2,2,2,2,2,2,2,2,0,-1,0,0,0,0,0,0,0,-1,-1,0,0,0,0,0,0,-1,0,0,0,0,0,0,0,-1,0,-1,-1,0,0,0,-1,0,-1,-1,0,-1,-1,-1,0,0,-1,-1,-1,0,-1,-1,0,-1,0,-1,-1,0,0,-1,0,0,-1,-1,-1,-1,-1,-1,-1,-1,-1,-1,-1,-1,-1,-1,-1,-1,-1,-1,-1,-1,-1,-1,-1,-1,-1,-1,-1,-1,-1,-1,-1,-1,-1,-1,-1,-1,-1,-1,-1,-1,-1,-1,-1,-1,-1,-1,-1,-1,-1,1,12,0,3,1,54,1,7,-5,-21
2,2,2,2,2,2,2,2,0,0,0,0,3,0,0,0,0,0,2,0,0,0,0,0,0,0,0,0,0,0,-1,0,0,0,0,0,0,0,0,0,0,0,0,0,0,2,2,2,2,2,2,2,2,0,-1,0,0,0,-1,0,0,0,-1,-1,0,-1,0,-1,0,0,0,0,0,0,-1,-1,0,-1,0,0,-1,-1,0,0,-1,-1,0,-1,0,-1,-1,0,-1,0,-1,-1,-1,-1,-1,-1,0,-1,-1,-1,-1,0,-1,-1,0,0,0,0,-1,0,-1,0,0,0,0,-1,0,-1,-1,-1,-1,-1,-1,-1,-1,-1,-1,-1,-1,-1,-1,-1,-1,-1,-1,-1,-1,-1,-1,-1,-1,-1,-1,-1,-1,-1,-1,-1,-1,-1,-1,-1,-1,-1,-1,-1,1,12,1,3,1,54,1,7,-5,-21
2,2,2,2,2,2,2,2,0,0,0,0,3,0,0,0,0,0,2,0,0,0,0,0,0,0,0,0,-1,0,0,0,0,0,0,0,0,0,0,0,0,0,0,0,0,2,2,2,2,2,2,2,2,0,-1,0,0,0,0,0,0,0,-1,-1,0,0,-1,-1,0,-1,-1,0,0,-1,-1,0,0,0,-1,0,0,0,-1,0,0,0,0,-1,0,-1,0,-1,0,0,-1,-1,0,-1,-1,0,-1,0,0,-1,-1,-1,0,-1,0,-1,-1,-1,-1,0,-1,-1,-1,-1,0,-1,-1,-1,0,-1,-1,-1,-1,-1,-1,-1,-1,-1,-1,-1,-1,-1,-1,-1,-1,-1,-1,-1,-1,-1,-1,-1,-1,-1,-1,-1,-1,-1,-1,-1,-1,-1,-1,-1,-1,-1,1,12,1,3,1,59,1,7,-5,-21
2,2,2,2,2,2,2,2,0,0,0,0,2,0,0,0,0,0,3,0,0,0,0,0,0,0,0,0,0,0,0,0,0,0,0,0,0,0,0,0,0,0,0,-1,0,2,2,2,2,2,2,2,2,0,-1,0,0,0,0,-1,0,0,-1,0,0,0,-1,-1,0,-1,0,-1,0,-1,-1,0,0,0,0,0,0,-1,-1,0,0,0,-1,0,0,0,0,-1,0,0,0,0,0,-1,0,0,-1,0,-1,0,-1,0,-1,-1,-1,-1,-1,-1,-1,-1,-1,-1,-1,-1,-1,-1,-1,-1,-1,-1,-1,-1,-1,-1,-1,-1,-1,-1,-1,-1,-1,-1,-1,-1,-1,-1,-1,-1,-1,-1,-1,-1,-1,-1,-1,-1,-1,-1,-1,-1,-1,-1,-1,-1,-1,-1,1,12,1,3,1,59,1,7,-5,-21
0,2,2,2,2,2,2,2,0,0,0,0,0,0,0,0,0,0,0,0,0,0,0,0,0,0,0,0,0,0,0,0,0,0,0,0,0,0,0,0,0,0,0,2,2,2,2,2,2,2,0,0,0,0,0,0,-1,0,0,0,0,0,-1,3,2,2,3,-1,3,2,-1,-1,-1,0,3,-1,3,3,-1,2,-1,2,-1,0,0,3,0,3,3,2,3,2,0,0,0,2,2,-1,2,2,-1,3,2,2,-1,3,-1,2,-1,2,2,3,2,-1,2,0,-1,-1,-1,3,0,2,-1,3,0,3,2,2,0,0,2,-1,0,-1,-1,-1,-1,0,-1,-1,3,-1,0,0,-1,-1,3,-1,-1,3,-1,3,-1,0,0,-1,0,0,0,-1,1,9,1,3,1,59,1,4,-5,-21
2,2,2,2,2,2,2,2,0,0,0,0,2,0,0,0,0,0,3,0,0,0,0,0,0,0,0,0,-1,0,0,0,0,0,0,0,0,0,0,0,0,0,0,0,0,2,2,2,2,2,2,2,2,0,-1,0,0,0,0,0,0,0,-1,-1,0,-1,0,-1,0,0,0,-1,0,0,0,-1,0,-1,0,0,-1,-1,0,0,-1,-1,0,-1,0,-1,-1,0,-1,0,-1,-1,-1,-1,-1,-1,0,-1,-1,-1,-1,0,-1,-1,0,0,0,0,-1,-1,-1,-1,-1,0,0,-1,0,-1,-1,-1,-1,-1,-1,-1,-1,-1,-1,0,-1,-1,-1,-1,-1,-1,-1,0,-1,-1,-1,-1,-1,-1,-1,-1,-1,-1,-1,-1,-1,-1,-1,-1,-1,-1,-1,-1,1,12,0,3,1,54,1,7,-5,-21
2,2,2,2,2,2,2,2,0,0,0,0,3,0,0,0,0,0,2,0,0,0,0,0,0,0,0,0,0,0,-1,0,0,0,0,0,0,0,0,0,0,0,0,0,0,2,2,2,2,2,2,2,2,0,-1,0,0,0,0,0,-1,0,-1,-1,-1,0,-1,-1,-1,-1,-1,0,0,-1,-1,-1,0,0,-1,0,0,0,-1,0,0,0,0,-1,0,-1,0,-1,0,0,-1,-1,0,0,-1,0,-1,0,-1,-1,-1,0,-1,0,0,-1,-1,-1,-1,0,-1,-1,-1,-1,0,-1,-1,-1,-1,-1,-1,-1,-1,-1,-1,-1,-1,-1,0,-1,-1,-1,-1,-1,-1,0,-1,-1,-1,-1,-1,-1,-1,0,-1,-1,-1,-1,0,-1,-1,-1,-1,-1,-1,-1,1,12,1,3,1,54,0,7,-5,-21
2,2,2,2,2,2,2,2,0,0,0,0,2,0,0,0,0,0,-1,3,0,0,0,0,0,0,0,0,0,0,0,0,0,0,0,0,0,0,0,0,0,0,0,0,0,2,2,2,2,2,2,2,2,-1,-1,-1,0,-1,0,0,0,0,-1,0,0,0,0,0,0,-1,0,0,0,0,-1,0,0,0,-1,0,-1,0,-1,0,0,0,0,-1,0,-1,0,-1,0,0,0,-1,0,-1,-1,0,-1,0,-1,-1,-1,-1,-1,0,0,0,-1,-1,-1,0,-1,-1,-1,-1,-1,-1,-1,-1,-1,-1,-1,-1,-1,-1,-1,-1,-1,-1,-1,-1,-1,-1,-1,-1,-1,-1,-1,-1,-1,-1,-1,-1,-1,-1,-1,-1,-1,-1,-1,-1,-1,-1,-1,-1,-1,-1,1,12,0,3,1,54,0,7,-5,-21
2,2,2,2,2,2,2,2,0,0,0,0,2,0,0,0,0,0,-1,3,0,0,0,0,0,0,0,0,0,0,0,0,0,0,0,0,0,0,0,0,0,0,0,0,0,2,2,2,2,2,2,2,2,0,-1,0,0,-1,0,0,0,0,-1,0,0,0,0,0,0,-1,-1,0,0,0,-1,0,0,0,-1,0,-1,-1,0,0,0,0,0,-1,-1,-1,-1,0,0,0,-1,0,0,-1,-1,0,-1,-1,-1,-1,-1,-1,-1,-1,0,-1,-1,0,-1,0,-1,-1,-1,0,-1,-1,-1,-1,-1,-1,-1,-1,-1,-1,-1,-1,-1,-1,-1,-1,-1,-1,-1,-1,-1,-1,-1,-1,-1,-1,-1,-1,0,-1,-1,-1,-1,-1,-1,-1,-1,-1,-1,-1,-1,-1,1,12,0,3,1,55,0,7,-5,-21
2,2,2,2,2,2,2,2,0,0,0,0,2,0,0,0,0,0,3,0,0,0,0,0,0,0,0,0,0,0,0,0,0,0,0,0,0,0,0,0,0,0,0,-1,0,2,2,2,2,2,2,2,2,0,-1,0,0,0,0,-1,0,0,-1,0,0,0,-1,-1,0,-1,0,-1,0,-1,-1,0,0,0,0,0,0,-1,0,-1,0,0,-1,-1,0,0,0,-1,0,0,0,0,0,-1,0,0,-1,0,-1,0,-1,0,-1,-1,-1,-1,-1,0,-1,-1,-1,-1,-1,-1,-1,-1,-1,-1,-1,-1,-1,-1,-1,-1,-1,-1,-1,-1,-1,-1,-1,-1,-1,-1,-1,-1,-1,-1,-1,-1,-1,-1,-1,-1,-1,-1,-1,-1,-1,-1,-1,-1,-1,-1,-1,-1,1,12,1,3,1,60,1,7,-5,-21
2,2,2,2,2,2,2,2,0,0,0,0,3,0,0,0,0,0,2,0,0,0,0,0,0,0,0,0,0,0,0,0,-1,0,0,0,0,0,0,0,0,0,0,0,0,2,2,2,2,2,2,2,2,0,-1,0,0,-1,0,0,0,0,-1,-1,0,0,-1,0,0,0,-1,0,0,0,0,0,0,-1,0,0,0,0,0,-1,-1,0,0,-1,0,-1,-1,0,-1,0,-1,0,-1,-1,-1,-1,0,0,0,-1,0,-1,-1,-1,-1,-1,-1,-1,-1,-1,-1,-1,-1,-1,-1,-1,-1,-1,-1,-1,0,0,-1,-1,-1,-1,-1,-1,-1,-1,-1,-1,-1,-1,-1,-1,-1,-1,-1,-1,-1,-1,-1,-1,-1,-1,-1,-1,-1,-1,0,-1,-1,-1,-1,-1,1,12,0,3,1,58,1,7,-5,-21
2,2,2,2,2,2,2,2,0,0,0,0,2,0,0,0,0,0,3,0,0,0,0,0,0,0,0,0,-1,0,0,0,0,0,0,0,0,0,0,0,0,0,0,0,0,2,2,2,2,2,2,2,2,0,-1,0,0,0,0,0,0,0,-1,-1,0,0,-1,-1,0,-1,-1,0,0,-1,-1,0,0,0,-1,0,0,0,-1,0,0,0,0,-1,0,-1,-1,-1,0,0,-1,-1,0,-1,-1,0,-1,0,0,-1,-1,-1,0,-1,0,-1,-1,-1,-1,0,-1,-1,0,-1,0,-1,-1,-1,-1,-1,-1,-1,-1,-1,-1,-1,-1,-1,-1,-1,-1,-1,-1,0,-1,-1,-1,-1,-1,-1,-1,-1,-1,-1,-1,-1,-1,-1,-1,-1,-1,-1,-1,-1,-1,-1,1,12,0,3,1,54,1,7,-5,-21
2,2,2,2,2,2,2,2,0,0,0,0,2,0,0,0,0,0,3,0,0,0,0,0,0,0,0,0,0,0,0,0,0,0,0,0,0,0,0,0,0,0,0,-1,0,2,2,2,2,2,2,2,2,0,-1,0,0,0,0,-1,0,0,-1,-1,0,0,-1,0,0,0,-1,0,0,0,0,0,0,0,-1,0,-1,-1,0,0,0,-1,-1,-1,-1,-1,-1,-1,-1,0,0,-1,-1,-1,0,-1,-1,0,-1,0,-1,-1,0,-1,-1,0,0,-1,-1,-1,-1,-1,-1,-1,-1,-1,0,-1,-1,0,-1,-1,0,-1,-1,0,-1,-1,-1,-1,-1,-1,-1,-1,-1,-1,-1,-1,-1,-1,-1,-1,-1,-1,0,-1,-1,-1,-1,-1,-1,-1,-1,-1,-1,-1,1,12,0,3,1,54,1,7,-5,-21
2,2,2,2,2,2,2,2,0,0,0,0,2,0,0,0,0,0,3,0,0,0,0,0,0,0,0,0,-1,0,0,0,0,0,0,0,0,0,0,0,0,0,0,0,0,2,2,2,2,2,2,2,2,0,-1,0,0,0,0,0,0,0,-1,-1,0,0,-1,-1,0,-1,-1,0,0,-1,-1,0,0,0,-1,0,0,0,-1,0,0,0,0,-1,0,-1,0,-1,0,0,-1,0,0,-1,-1,0,-1,0,0,-1,-1,-1,0,-1,0,-1,-1,-1,-1,-1,0,-1,0,-1,-1,-1,-1,-1,-1,-1,-1,-1,-1,-1,-1,-1,-1,-1,-1,-1,-1,-1,-1,-1,-1,-1,-1,-1,-1,-1,-1,-1,-1,-1,-1,-1,-1,-1,-1,-1,-1,-1,-1,-1,-1,-1,1,12,1,3,1,55,0,7,-5,-21
2,2,2,2,2,2,2,2,0,0,0,0,3,0,0,0,0,0,2,0,0,0,0,0,0,0,0,0,0,0,0,0,-1,0,0,0,0,0,0,0,0,0,0,0,0,2,2,2,2,2,2,2,2,0,-1,0,0,-1,0,0,0,0,-1,-1,0,0,-1,-1,0,-1,-1,0,0,-1,-1,-1,0,0,-1,0,0,0,0,0,0,0,0,-1,0,-1,-1,-1,0,0,-1,-1,0,-1,-1,0,-1,0,-1,-1,-1,-1,-1,0,0,-1,-1,-1,-1,0,-1,-1,-1,-1,0,-1,-1,-1,-1,-1,-1,-1,-1,-1,-1,0,-1,-1,-1,-1,-1,-1,-1,-1,-1,0,-1,-1,-1,-1,0,-1,-1,0,-1,-1,-1,-1,-1,-1,-1,-1,-1,-1,-1,-1,1,12,0,3,1,54,0,7,-5,-21
2,2,2,2,2,2,2,2,0,0,0,0,2,0,0,0,0,0,3,0,0,0,0,0,0,0,0,0,0,0,0,0,0,0,0,0,0,0,0,0,0,0,0,-1,0,2,2,2,2,2,2,2,2,0,-1,0,0,0,0,-1,0,0,-1,0,0,0,-1,0,0,-1,0,-1,0,-1,-1,0,0,0,0,0,0,-1,-1,0,0,0,0,-1,0,-1,0,-1,0,0,0,0,0,-1,0,0,-1,0,-1,0,-1,0,-1,-1,-1,-1,-1,-1,-1,-1,-1,-1,-1,-1,-1,-1,-1,-1,-1,-1,-1,-1,-1,-1,-1,-1,-1,-1,-1,-1,-1,-1,-1,-1,-1,-1,-1,-1,-1,-1,-1,-1,-1,-1,-1,-1,-1,-1,-1,-1,-1,-1,-1,-1,-1,-1,1,12,1,3,1,54,0,7,-5,-21
2,2,2,2,2,2,2,2,0,0,0,0,2,0,0,0,0,0,3,0,0,0,0,0,0,0,0,0,0,0,0,0,0,0,0,0,0,0,0,0,0,0,0,-1,0,2,2,2,2,2,2,2,2,0,-1,0,0,0,0,-1,0,0,-1,0,-1,0,-1,-1,0,-1,0,-1,0,-1,-1,0,0,0,0,0,0,-1,-1,-1,0,0,0,-1,0,-1,0,-1,0,0,0,0,0,-1,0,0,-1,0,-1,0,-1,0,-1,-1,-1,-1,-1,0,-1,-1,-1,0,-1,-1,-1,-1,-1,-1,-1,-1,-1,-1,-1,-1,0,-1,-1,-1,-1,-1,-1,-1,-1,-1,-1,-1,-1,-1,-1,-1,-1,-1,-1,-1,-1,-1,-1,-1,-1,-1,-1,-1,-1,-1,-1,-1,1,12,0,3,1,54,1,7,-5,-21
2,2,2,2,2,2,2,2,0,0,0,0,3,0,0,0,0,0,2,0,0,0,0,0,0,0,0,0,0,0,-1,0,0,0,0,0,0,0,0,0,0,0,0,0,0,2,2,2,2,2,2,2,2,0,-1,0,0,0,0,0,-1,0,-1,-1,0,0,0,-1,0,-1,-1,0,0,-1,-1,-1,0,0,-1,0,0,0,-1,0,0,0,0,-1,0,-1,0,-1,0,0,-1,-1,0,-1,-1,0,-1,0,-1,-1,-1,-1,-1,0,0,-1,-1,-1,-1,0,-1,-1,-1,-1,0,-1,-1,-1,-1,-1,-1,-1,-1,-1,-1,-1,-1,-1,0,0,-1,-1,-1,-1,-1,0,-1,-1,-1,-1,-1,-1,-1,-1,-1,-1,-1,-1,-1,-1,-1,-1,-1,-1,-1,-1,1,12,0,3,1,58,0,7,-5,-21
2,2,2,2,2,2,2,2,0,0,0,0,3,0,0,0,0,0,2,0,0,0,0,0,0,0,0,0,0,0,-1,0,0,0,0,0,0,0,0,0,0,0,0,0,0,2,2,2,2,2,2,2,2,0,-1,0,0,0,0,0,-1,0,-1,-1,-1,0,-1,-1,-1,-1,-1,0,0,-1,-1,-1,0,0,-1,0,0,0,-1,0,0,0,0,-1,0,-1,0,-1,0,0,-1,-1,0,0,-1,0,-1,0,-1,-1,-1,-1,-1,0,0,-1,-1,-1,-1,0,-1,-1,-1,-1,0,-1,-1,-1,-1,-1,0,-1,-1,-1,-1,-1,-1,-1,0,-1,-1,-1,-1,-1,-1,0,-1,-1,-1,-1,0,-1,-1,0,-1,-1,-1,-1,-1,-1,-1,-1,-1,-1,-1,-1,1,12,1,3,1,53,0,7,-5,-21
2,2,2,2,2,2,2,2,0,0,0,0,2,0,0,0,0,0,-1,3,0,0,0,0,0,0,0,0,0,0,0,0,0,0,0,0,0,0,0,0,0,0,0,0,0,2,2,2,2,2,2,2,2,0,-1,-1,0,0,0,0,0,0,-1,-1,-1,0,0,-1,0,-1,-1,0,0,-1,-1,0,0,0,-1,0,0,0,-1,0,0,0,0,-1,0,-1,-1,-1,0,0,-1,-1,0,-1,-1,0,-1,0,0,0,-1,-1,0,-1,-1,-1,-1,-1,-1,0,-1,-1,0,-1,-1,-1,-1,-1,-1,-1,0,-1,-1,0,-1,-1,-1,-1,-1,-1,0,-1,-1,-1,-1,-1,-1,-1,-1,-1,-1,-1,-1,-1,-1,-1,-1,-1,-1,-1,-1,-1,-1,-1,-1,-1,1,12,0,3,1,54,0,7,-5,-21
2,2,2,2,2,2,2,2,0,0,0,0,2,0,0,0,0,0,-1,3,0,0,0,0,0,0,0,0,0,0,0,0,0,0,0,0,0,0,0,0,0,0,0,0,0,2,2,2,2,2,2,2,2,0,-1,-1,0,0,0,0,0,0,-1,-1,-1,0,0,-1,0,-1,-1,0,0,-1,-1,0,0,0,-1,0,0,0,-1,0,0,0,0,-1,0,-1,-1,-1,0,0,-1,-1,0,-1,-1,0,-1,0,0,0,-1,-1,0,-1,-1,-1,-1,-1,-1,0,-1,-1,0,-1,-1,-1,-1,-1,-1,-1,0,-1,0,0,-1,-1,-1,-1,-1,-1,-1,-1,-1,-1,-1,-1,-1,-1,-1,-1,-1,-1,-1,-1,-1,-1,-1,-1,-1,-1,-1,-1,-1,-1,-1,-1,1,12,1,3,1,54,1,7,-5,-21
2,2,2,2,2,2,2,2,0,0,0,0,3,0,0,0,0,0,2,0,0,0,0,0,0,0,0,0,0,0,-1,0,0,0,0,0,0,0,0,0,0,0,0,0,0,2,2,2,2,2,2,2,2,0,-1,0,0,0,0,0,-1,0,-1,-1,0,0,-1,-1,-1,-1,-1,0,0,-1,-1,-1,0,0,-1,0,0,0,-1,0,0,0,0,-1,0,-1,0,-1,0,0,-1,-1,0,0,-1,0,-1,0,-1,-1,-1,-1,-1,0,0,-1,-1,-1,-1,0,-1,-1,-1,-1,0,-1,-1,-1,-1,-1,0,-1,-1,-1,-1,-1,-1,-1,0,-1,0,-1,-1,0,-1,-1,-1,-1,-1,-1,-1,-1,-1,-1,-1,-1,-1,-1,-1,-1,-1,-1,-1,-1,-1,-1,1,12,0,3,1,61,0,7,-5,-21
2,2,2,2,2,2,2,2,0,0,0,0,3,0,0,0,0,0,2,0,0,0,0,0,0,0,0,0,0,0,-1,0,0,0,0,0,0,0,0,0,0,0,0,0,0,2,2,2,2,2,2,2,2,0,-1,0,0,0,0,0,-1,0,-1,-1,0,0,-1,-1,0,-1,-1,0,0,-1,-1,-1,0,0,-1,0,0,0,-1,0,0,0,0,-1,0,-1,0,-1,0,0,-1,-1,0,-1,-1,0,-1,0,-1,-1,-1,-1,-1,0,0,-1,-1,-1,-1,0,-1,-1,-1,-1,0,-1,-1,-1,-1,-1,-1,-1,-1,-1,-1,-1,-1,-1,-1,-1,-1,0,0,-1,-1,0,0,-1,-1,-1,-1,-1,-1,-1,-1,-1,-1,-1,-1,-1,-1,-1,-1,-1,-1,-1,1,12,0,3,1,56,0,7,-5,-21
2,2,2,2,2,2,2,2,0,0,0,0,2,0,0,0,0,0,3,0,0,0,0,0,0,0,0,0,-1,0,0,0,0,0,0,0,0,0,0,0,0,0,0,0,0,2,2,2,2,2,2,2,2,0,-1,0,0,0,0,0,0,0,-1,-1,0,0,0,0,0,-1,0,-1,-1,0,0,0,-1,0,0,-1,0,-1,-1,0,0,-1,-1,-1,-1,0,0,0,-1,0,0,-1,-1,-1,0,-1,-1,0,0,-1,-1,-1,0,-1,-1,0,0,-1,-1,0,-1,-1,-1,-1,-1,-1,0,-1,-1,0,-1,-1,-1,-1,-1,-1,-1,-1,-1,-1,-1,-1,-1,-1,-1,-1,-1,-1,-1,-1,-1,-1,-1,-1,-1,-1,-1,-1,-1,-1,-1,-1,-1,-1,-1,-1,1,12,0,3,1,57,1,7,-5,-21
2,2,2,2,2,2,2,2,0,0,0,0,3,0,0,0,0,0,2,0,0,0,0,0,0,0,0,0,0,0,0,0,-1,0,0,0,0,0,0,0,0,0,0,0,0,2,2,2,2,2,2,2,2,0,0,0,0,0,0,0,0,-1,-1,0,0,0,-1,0,0,-1,0,0,0,0,-1,0,0,0,0,-1,-1,0,0,-1,0,-1,0,-1,0,-1,-1,0,-1,-1,0,0,-1,-1,0,-1,-1,0,0,-1,-1,-1,0,-1,-1,-1,-1,0,-1,-1,0,-1,0,-1,-1,-1,-1,-1,-1,-1,-1,-1,-1,-1,-1,-1,-1,-1,-1,-1,-1,-1,-1,-1,-1,-1,-1,-1,-1,-1,-1,-1,-1,-1,-1,-1,-1,-1,-1,-1,-1,-1,-1,-1,-1,-1,1,12,0,3,1,61,1,7,-5,-21
2,2,2,2,2,2,2,2,0,0,0,0,2,0,0,0,0,0,3,0,0,0,0,0,0,0,0,0,-1,0,0,0,0,0,0,0,0,0,0,0,0,0,0,0,0,2,2,2,2,2,2,2,2,0,-1,0,0,0,0,0,0,0,-1,-1,0,0,-1,-1,0,-1,-1,0,0,-1,-1,0,0,0,-1,-1,0,0,-1,0,0,0,0,-1,0,-1,0,-1,0,0,-1,-1,0,-1,-1,0,-1,0,0,-1,-1,-1,0,-1,-1,-1,0,-1,-1,-1,0,-1,0,-1,-1,-1,-1,-1,0,-1,-1,-1,-1,-1,-1,-1,-1,-1,-1,-1,-1,-1,-1,-1,-1,-1,-1,-1,-1,-1,-1,-1,-1,-1,-1,0,-1,-1,-1,-1,-1,-1,-1,-1,-1,-1,1,12,1,3,1,56,0,7,-5,-21
2,2,2,2,2,2,2,2,0,0,0,0,3,0,0,0,0,0,2,0,0,0,0,0,0,0,0,0,0,0,-1,0,0,0,0,0,0,0,0,0,0,0,0,0,0,2,2,2,2,2,2,2,2,0,-1,-1,0,0,0,0,-1,0,-1,-1,0,0,-1,0,0,-1,-1,0,0,-1,-1,-1,0,0,-1,-1,0,0,-1,0,0,0,0,-1,0,-1,0,-1,0,0,-1,-1,0,-1,-1,0,-1,0,-1,-1,-1,-1,-1,0,0,-1,-1,-1,-1,0,-1,-1,-1,0,0,-1,-1,-1,-1,-1,-1,-1,-1,-1,-1,-1,-1,-1,0,-1,-1,-1,0,-1,-1,0,-1,-1,-1,-1,-1,0,-1,-1,-1,-1,-1,-1,-1,-1,-1,-1,-1,-1,-1,-1,1,12,0,3,1,58,0,7,-5,-21
2,2,2,2,2,2,2,2,0,0,0,0,2,0,0,0,0,0,3,0,0,0,0,0,0,0,0,0,0,0,0,0,0,0,0,0,0,0,0,0,0,0,0,-1,0,2,2,2,2,2,2,2,2,-1,-1,0,0,0,0,-1,0,0,0,0,0,0,-1,-1,0,-1,0,-1,0,-1,-1,0,0,0,0,0,0,-1,-1,0,0,0,0,-1,0,-1,0,-1,0,-1,0,0,0,-1,0,0,-1,0,-1,0,-1,0,-1,-1,-1,-1,-1,0,-1,-1,-1,-1,0,-1,-1,-1,-1,-1,-1,-1,-1,-1,-1,-1,-1,-1,-1,-1,-1,-1,-1,-1,-1,-1,-1,-1,-1,-1,-1,-1,-1,-1,-1,-1,-1,-1,-1,-1,-1,-1,-1,-1,-1,-1,-1,-1,1,12,1,3,1,58,1,7,-5,-21
2,2,2,2,2,2,2,2,0,0,0,0,2,0,0,0,0,0,3,0,0,0,0,0,0,0,0,0,-1,0,0,0,0,0,0,0,0,0,0,0,0,0,0,0,0,2,2,2,2,2,2,2,2,0,-1,-1,0,0,0,0,0,0,-1,-1,0,0,-1,-1,0,-1,-1,0,0,0,-1,0,0,0,-1,0,0,0,-1,0,0,0,-1,-1,0,-1,0,-1,-1,0,0,-1,-1,-1,0,-1,-1,0,-1,0,-1,0,0,-1,-1,0,0,-1,-1,-1,-1,-1,-1,-1,-1,-1,0,-1,-1,0,-1,-1,-1,-1,-1,0,-1,-1,-1,-1,-1,-1,-1,-1,-1,-1,-1,-1,-1,-1,-1,-1,-1,-1,-1,-1,-1,-1,-1,-1,-1,-1,-1,-1,-1,-1,1,12,0,3,1,54,0,7,-5,-21
2,2,2,2,2,2,2,2,0,0,0,0,3,0,0,0,0,0,2,0,0,0,0,0,0,0,0,0,0,0,-1,0,0,0,0,0,0,0,0,0,0,0,0,0,0,2,2,2,2,2,2,2,2,0,-1,0,0,-1,0,0,0,0,-1,-1,0,0,-1,-1,0,-1,-1,0,0,-1,-1,-1,0,0,-1,0,0,0,0,0,0,0,0,-1,0,-1,-1,-1,0,0,-1,-1,0,-1,-1,0,-1,0,-1,-1,-1,-1,-1,0,0,-1,-1,-1,-1,0,-1,-1,-1,-1,0,-1,-1,-1,-1,-1,-1,-1,-1,-1,-1,-1,-1,-1,0,-1,-1,-1,-1,-1,-1,0,-1,-1,-1,-1,0,-1,-1,0,-1,-1,-1,-1,-1,-1,-1,-1,-1,-1,-1,-1,1,12,0,3,1,58,0,7,-5,-21
2,2,2,2,2,2,2,2,0,0,0,0,2,0,0,0,0,0,3,0,0,0,0,0,0,0,0,0,0,0,0,0,0,0,0,0,0,0,0,0,0,0,0,-1,0,2,2,2,2,2,2,2,2,0,-1,0,0,0,0,-1,0,0,-1,0,0,0,-1,-1,0,-1,0,-1,0,-1,-1,0,0,0,0,0,0,0,-1,0,0,0,-1,0,0,-1,0,-1,0,0,0,0,0,-1,0,0,-1,0,-1,0,-1,0,-1,-1,-1,-1,-1,-1,-1,-1,-1,-1,-1,-1,-1,-1,-1,-1,-1,-1,-1,-1,-1,-1,-1,-1,-1,-1,-1,-1,-1,-1,-1,-1,-1,-1,-1,-1,-1,-1,-1,-1,-1,-1,-1,-1,-1,-1,-1,-1,-1,-1,-1,-1,-1,-1,1,12,0,3,1,58,1,7,-5,-21
2,2,2,2,2,2,2,2,0,0,0,0,2,0,0,0,0,0,3,0,0,0,0,0,0,0,0,0,-1,0,0,0,0,0,0,0,0,0,0,0,0,0,0,0,0,2,2,2,2,2,2,2,2,0,-1,0,0,0,0,0,0,0,-1,-1,0,0,0,0,0,-1,0,-1,-1,0,0,0,-1,0,0,-1,0,-1,-1,0,0,-1,-1,-1,-1,0,0,0,-1,0,0,-1,-1,-1,0,-1,-1,0,0,-1,-1,-1,0,-1,-1,0,0,-1,-1,0,-1,-1,-1,-1,-1,-1,0,-1,-1,0,-1,-1,-1,-1,-1,-1,-1,-1,-1,-1,-1,-1,-1,-1,-1,-1,-1,-1,-1,-1,-1,-1,-1,-1,-1,-1,-1,-1,-1,-1,-1,-1,-1,-1,-1,-1,1,12,1,3,1,62,1,7,-5,-21
2,2,2,2,2,2,2,2,0,0,0,0,3,0,0,0,0,0,2,0,0,0,0,0,0,0,0,0,0,0,-1,0,0,0,0,0,0,0,0,0,0,0,0,0,0,2,2,2,2,2,2,2,2,0,-1,0,0,0,0,0,-1,0,-1,-1,0,0,0,-1,0,-1,-1,-1,0,-1,-1,-1,0,0,-1,0,0,0,-1,0,0,0,0,-1,0,-1,0,-1,0,0,0,-1,0,-1,-1,0,-1,0,-1,-1,-1,-1,-1,0,0,0,-1,-1,-1,0,-1,-1,-1,-1,0,-1,-1,-1,-1,-1,-1,-1,-1,-1,-1,-1,-1,-1,0,-1,-1,-1,-1,-1,-1,0,-1,-1,-1,-1,-1,-1,-1,-1,-1,-1,-1,-1,-1,-1,-1,-1,-1,-1,-1,-1,1,12,1,3,1,58,0,7,-5,-21
2,2,2,2,2,2,2,2,0,0,0,0,2,0,0,0,0,0,3,0,0,0,0,0,0,0,0,0,0,0,0,0,0,0,0,0,0,0,0,0,0,0,0,-1,0,2,2,2,2,2,2,2,2,0,-1,0,0,0,0,-1,0,0,-1,0,0,0,-1,-1,0,-1,-1,-1,0,-1,-1,0,0,0,0,0,0,-1,-1,0,0,0,0,-1,0,-1,0,-1,0,0,0,0,0,-1,0,-1,-1,-1,-1,0,-1,0,-1,-1,-1,-1,-1,0,-1,-1,-1,-1,-1,0,-1,-1,-1,-1,-1,-1,0,-1,-1,-1,-1,-1,-1,-1,-1,-1,-1,-1,-1,-1,-1,0,-1,-1,-1,-1,-1,-1,-1,-1,-1,-1,-1,-1,-1,-1,-1,-1,-1,-1,-1,-1,1,12,1,3,1,54,1,7,-5,-21
2,2,2,2,2,2,2,2,0,0,0,0,2,0,0,0,0,0,3,0,0,0,0,0,0,0,0,0,0,0,0,0,0,0,0,0,0,0,0,0,0,0,0,-1,0,2,2,2,2,2,2,2,2,0,-1,0,0,0,0,-1,0,0,-1,0,0,0,-1,-1,0,-1,0,-1,0,-1,-1,0,0,0,0,0,0,-1,-1,0,0,0,0,-1,0,-1,0,0,0,0,0,0,0,-1,0,0,-1,0,-1,0,-1,0,-1,-1,-1,-1,-1,-1,-1,-1,-1,-1,-1,-1,-1,-1,-1,-1,-1,-1,-1,-1,-1,-1,-1,-1,-1,-1,-1,-1,-1,-1,-1,-1,-1,-1,-1,-1,-1,-1,-1,-1,-1,-1,-1,-1,-1,-1,-1,-1,-1,-1,-1,-1,-1,-1,1,12,1,3,1,63,1,7,-5,-21
2,2,2,2,2,2,2,2,0,0,0,0,2,0,0,0,0,0,3,0,0,0,0,0,0,0,0,0,-1,0,0,0,0,0,0,0,0,0,0,0,0,0,0,0,0,2,2,2,2,2,2,2,2,0,-1,0,0,0,0,0,-1,0,-1,-1,0,0,-1,-1,0,-1,-1,0,0,-1,-1,-1,0,0,-1,0,0,0,-1,0,0,0,0,-1,0,-1,0,-1,0,0,-1,-1,0,-1,-1,0,-1,0,-1,-1,-1,-1,-1,0,0,0,-1,-1,-1,0,-1,-1,-1,-1,0,-1,-1,-1,-1,-1,-1,-1,-1,-1,-1,-1,-1,-1,0,-1,-1,-1,-1,-1,-1,0,-1,-1,-1,-1,-1,-1,-1,0,-1,-1,-1,-1,-1,-1,-1,-1,-1,-1,-1,-1,1,12,1,3,1,58,1,7,-5,-21
2,2,2,2,2,2,2,2,0,0,0,0,3,0,0,0,0,0,2,0,0,0,0,0,0,0,0,0,0,0,-1,0,0,0,0,0,0,0,0,0,0,0,0,0,0,2,2,2,2,2,2,2,2,0,-1,0,0,0,0,0,0,0,0,0,0,0,0,0,-1,-1,0,0,0,0,-1,-1,0,0,-1,-1,0,0,-1,0,-1,0,-1,-1,-1,-1,-1,0,0,-1,0,0,-1,-1,-1,-1,-1,-1,0,-1,-1,0,0,-1,-1,-1,-1,-1,0,-1,-1,-1,-1,0,-1,-1,0,-1,-1,0,-1,-1,-1,-1,-1,0,-1,-1,-1,-1,-1,-1,-1,-1,-1,-1,-1,-1,-1,-1,-1,-1,-1,-1,-1,-1,-1,-1,-1,-1,-1,-1,-1,-1,-1,-1,1,12,0,3,1,58,0,7,-5,-21
2,2,2,2,2,2,2,2,0,0,0,0,2,0,0,0,0,0,-1,3,0,0,0,0,0,0,0,0,0,0,0,0,0,0,0,0,0,0,0,0,0,0,0,0,0,2,2,2,2,2,2,2,2,0,-1,0,0,0,0,0,0,0,-1,-1,0,0,-1,-1,0,-1,-1,0,0,-1,-1,0,0,0,-1,0,0,0,0,0,0,0,0,-1,0,-1,0,-1,0,0,-1,-1,0,-1,-1,0,-1,0,-1,-1,-1,-1,-1,0,0,-1,0,0,-1,0,-1,-1,-1,-1,-1,-1,-1,-1,-1,-1,-1,-1,-1,-1,-1,-1,-1,-1,-1,-1,-1,-1,-1,-1,-1,-1,-1,-1,-1,-1,-1,-1,-1,-1,-1,-1,-1,-1,-1,-1,-1,-1,-1,-1,-1,-1,1,12,1,3,1,59,0,7,-5,-21
2,2,2,2,2,2,2,2,0,0,0,0,3,0,0,0,0,0,2,0,0,0,0,0,0,0,0,0,0,0,-1,0,0,0,0,0,0,0,0,0,0,0,0,0,0,2,2,2,2,2,2,2,2,0,-1,0,0,0,0,0,-1,0,-1,-1,0,0,-1,-1,0,-1,-1,0,0,-1,-1,-1,0,0,-1,0,0,0,-1,-1,0,0,0,-1,0,-1,0,-1,0,0,-1,-1,0,-1,-1,0,-1,0,-1,-1,-1,-1,-1,0,0,-1,-1,-1,-1,0,-1,-1,-1,-1,0,-1,-1,-1,-1,-1,-1,-1,-1,-1,-1,-1,-1,-1,0,-1,-1,-1,-1,-1,-1,0,-1,-1,-1,0,-1,-1,-1,0,-1,-1,-1,-1,-1,-1,-1,-1,0,-1,-1,-1,1,12,0,3,1,58,0,7,-5,-21
2,2,2,2,2,2,2,2,0,0,0,0,2,0,0,0,0,0,3,0,0,0,0,0,0,0,0,0,0,0,0,0,0,0,0,0,0,0,0,0,0,0,0,-1,0,2,2,2,2,2,2,2,2,0,-1,0,0,0,0,-1,0,0,-1,0,0,0,-1,-1,0,-1,0,-1,0,-1,-1,0,0,0,-1,0,0,0,-1,0,0,0,-1,-1,0,-1,0,-1,0,0,0,0,0,-1,-1,0,-1,0,0,0,-1,-1,0,-1,0,-1,0,-1,-1,-1,-1,-1,-1,-1,-1,-1,-1,-1,-1,-1,-1,-1,-1,-1,-1,-1,-1,-1,-1,-1,-1,-1,-1,-1,-1,-1,-1,-1,-1,-1,-1,-1,-1,-1,-1,-1,-1,-1,-1,-1,-1,-1,-1,-1,-1,-1,1,12,1,3,1,54,1,7,-5,-21
2,2,2,2,2,2,2,2,0,0,0,0,2,0,0,0,0,0,3,0,0,0,0,0,0,0,0,0,-1,0,0,0,0,0,0,0,0,0,0,0,0,0,0,0,0,2,2,2,2,2,2,2,2,0,-1,0,0,0,0,0,0,0,-1,-1,0,0,-1,-1,0,-1,-1,0,0,-1,-1,-1,0,0,-1,0,0,0,-1,0,0,0,0,-1,0,-1,0,-1,0,0,-1,-1,0,0,-1,0,-1,0,0,-1,-1,-1,0,-1,0,-1,-1,0,-1,-1,0,-1,0,-1,-1,-1,-1,-1,-1,-1,-1,-1,-1,-1,-1,-1,-1,-1,-1,-1,-1,-1,-1,-1,-1,-1,-1,-1,-1,-1,-1,-1,-1,-1,-1,-1,-1,-1,-1,-1,-1,-1,-1,-1,-1,-1,1,12,1,3,1,54,0,7,-5,-21
2,2,2,2,2,2,2,2,0,0,0,0,3,0,0,0,0,0,2,0,0,0,0,0,0,0,0,0,0,0,-1,0,0,0,0,0,0,0,0,0,0,0,0,0,0,2,2,2,2,2,2,2,2,0,-1,0,0,0,0,0,-1,0,-1,-1,0,0,-1,-1,0,-1,-1,-1,0,-1,-1,-1,0,0,-1,0,0,0,-1,0,0,0,0,-1,0,-1,0,-1,0,0,-1,-1,0,-1,-1,0,-1,0,-1,-1,-1,-1,-1,0,0,0,-1,-1,-1,0,-1,-1,-1,-1,0,-1,-1,-1,-1,-1,-1,-1,-1,-1,-1,-1,-1,-1,0,-1,-1,-1,-1,-1,-1,-1,-1,-1,-1,-1,-1,-1,-1,0,-1,-1,-1,0,-1,-1,-1,0,-1,-1,-1,-1,1,12,1,3,1,58,1,7,-5,-21
2,2,2,2,2,2,2,2,0,0,0,0,2,0,0,0,0,0,-1,3,0,0,0,0,0,0,0,0,0,0,0,0,0,0,0,0,0,0,0,0,0,0,0,0,0,2,2,2,2,2,2,2,2,0,-1,0,0,-1,0,0,0,0,-1,-1,0,0,-1,-1,0,-1,-1,0,0,-1,-1,0,0,0,-1,0,0,0,-1,0,0,0,0,-1,0,-1,0,-1,0,0,0,-1,0,-1,-1,0,-1,0,-1,-1,-1,-1,-1,0,0,-1,0,0,-1,0,-1,-1,-1,0,-1,-1,-1,-1,-1,-1,-1,-1,-1,-1,-1,-1,-1,-1,-1,-1,-1,-1,-1,-1,-1,-1,-1,-1,-1,-1,-1,-1,-1,-1,-1,-1,-1,-1,-1,-1,-1,-1,-1,-1,-1,-1,1,12,1,3,1,59,0,7,-5,-21
2,2,2,2,2,2,2,2,0,0,0,0,2,0,0,0,0,0,3,0,0,0,0,0,0,0,0,0,0,0,0,0,0,0,0,0,0,0,0,0,0,0,0,-1,0,2,2,2,2,2,2,2,2,0,0,0,0,0,0,0,0,0,-1,-1,0,0,-1,0,0,0,-1,0,0,0,0,0,0,0,-1,0,-1,-1,0,0,0,-1,-1,-1,-1,-1,-1,-1,-1,0,0,-1,-1,-1,0,-1,-1,0,-1,0,-1,-1,0,-1,-1,0,0,-1,-1,-1,-1,-1,-1,-1,-1,-1,0,-1,-1,0,-1,-1,-1,-1,-1,0,-1,-1,-1,-1,-1,-1,-1,-1,-1,-1,-1,-1,-1,-1,-1,-1,-1,-1,-1,-1,-1,-1,-1,-1,-1,-1,-1,-1,-1,-1,1,12,0,3,1,58,1,7,-5,-21
2,2,2,2,2,2,2,2,0,0,0,0,2,0,0,0,0,0,3,0,0,0,0,0,0,0,0,0,0,0,0,0,0,0,0,0,0,0,0,0,0,0,0,-1,0,2,2,2,2,2,2,2,2,0,-1,0,0,0,0,-1,0,0,-1,0,0,-1,-1,-1,0,-1,0,-1,0,-1,-1,0,0,0,0,0,0,0,-1,0,0,0,-1,0,0,-1,0,-1,0,0,0,0,0,-1,0,0,-1,0,-1,0,-1,0,-1,-1,-1,-1,-1,-1,-1,-1,-1,-1,-1,-1,-1,-1,-1,-1,-1,-1,-1,-1,-1,-1,-1,-1,-1,-1,-1,-1,-1,-1,-1,-1,-1,-1,-1,-1,-1,-1,-1,-1,-1,-1,-1,-1,-1,-1,-1,-1,-1,-1,0,-1,-1,-1,1,12,1,3,1,54,1,7,-5,-21
2,2,2,2,2,2,2,2,0,0,0,0,2,0,0,0,0,0,-1,3,0,0,0,0,0,0,0,0,0,0,0,0,0,0,0,0,0,0,0,0,0,0,0,0,0,2,2,2,2,2,2,2,2,0,-1,0,0,0,0,0,0,0,-1,0,0,0,0,0,0,-1,0,0,0,0,-1,0,0,0,-1,0,-1,-1,0,0,0,0,0,-1,-1,-1,-1,0,0,-1,-1,-1,-1,-1,-1,0,-1,0,-1,-1,-1,-1,-1,-1,0,-1,-1,0,-1,0,-1,-1,-1,0,-1,-1,-1,-1,-1,-1,-1,-1,0,-1,-1,-1,-1,-1,-1,-1,-1,-1,-1,-1,-1,-1,-1,-1,-1,-1,-1,-1,-1,-1,-1,-1,-1,-1,-1,-1,-1,-1,-1,-1,-1,-1,1,12,0,3,1,55,0,7,-5,-21
2,2,2,2,2,2,2,2,0,0,0,0,2,0,0,0,0,0,3,0,0,0,0,0,0,0,0,0,-1,0,0,0,0,0,0,0,0,0,0,0,0,0,0,0,0,2,2,2,2,2,2,2,2,0,-1,0,2,0,0,0,0,-1,-1,0,0,0,0,0,-1,0,0,-1,-1,0,0,-1,0,0,0,-1,-1,0,0,0,0,-1,0,-1,-1,-1,-1,0,-1,-1,0,-1,-1,-1,0,-1,-1,0,-1,-1,-1,-1,0,-1,-1,-1,-1,0,-1,-1,0,-1,0,-1,-1,-1,-1,-1,-1,-1,-1,-1,-1,-1,-1,-1,-1,-1,0,-1,0,-1,-1,-1,-1,-1,-1,-1,-1,0,-1,-1,-1,-1,-1,-1,-1,-1,-1,-1,-1,-1,0,-1,-1,-1,1,12,0,3,1,54,1,7,-5,-21
2,2,2,2,2,2,2,2,0,0,0,0,2,0,0,0,0,0,3,0,0,0,0,0,0,0,0,0,0,0,0,0,0,0,0,0,0,0,0,0,0,0,0,-1,0,2,2,2,2,2,2,2,2,0,-1,0,0,0,0,-1,0,0,-1,0,0,0,-1,-1,0,-1,0,-1,-1,-1,-1,0,0,0,0,0,0,0,-1,0,0,0,-1,0,0,-1,0,-1,0,0,0,0,0,-1,0,0,-1,0,-1,0,-1,0,-1,-1,-1,-1,-1,-1,-1,-1,-1,-1,-1,-1,0,-1,-1,-1,-1,-1,-1,-1,-1,-1,-1,-1,-1,-1,-1,-1,-1,-1,-1,-1,-1,-1,-1,-1,-1,-1,-1,-1,-1,-1,-1,-1,-1,-1,-1,-1,-1,-1,-1,-1,-1,-1,1,12,1,3,1,54,1,7,-5,-21
2,2,2,2,2,2,2,2,0,0,0,0,3,0,0,0,0,0,2,0,0,0,0,0,0,0,0,0,0,0,-1,0,0,0,0,0,0,0,0,0,0,0,0,0,0,2,2,2,2,2,2,2,2,0,-1,0,0,0,0,0,-1,0,-1,-1,0,0,-1,0,0,-1,-1,0,0,-1,-1,-1,0,0,-1,0,0,0,-1,0,0,0,0,-1,0,-1,0,-1,-1,0,-1,-1,0,-1,-1,0,-1,0,-1,-1,-1,-1,-1,0,0,-1,-1,-1,-1,0,-1,-1,0,-1,0,-1,-1,-1,-1,-1,-1,-1,-1,-1,-1,-1,-1,-1,-1,-1,-1,0,0,-1,-1,0,-1,-1,-1,-1,-1,-1,-1,-1,-1,-1,-1,-1,-1,-1,-1,-1,-1,-1,-1,-1,1,12,0,3,1,60,0,7,-5,-21
2,2,2,2,2,2,2,2,0,0,0,0,2,0,0,0,0,0,-1,3,0,0,0,0,0,0,0,0,0,0,0,0,0,0,0,0,0,0,0,0,0,0,0,0,0,2,2,2,2,2,2,2,2,0,-1,0,0,0,0,-1,0,0,-1,0,0,0,0,-1,-1,0,0,0,-1,0,0,-1,0,0,0,0,0,0,0,-1,-1,0,0,-1,-1,-1,-1,0,-1,0,-1,0,-1,-1,-1,-1,0,0,0,-1,0,-1,-1,-1,-1,-1,-1,-1,-1,-1,-1,-1,-1,-1,-1,-1,-1,-1,-1,-1,0,0,-1,-1,-1,-1,-1,0,-1,-1,-1,-1,-1,-1,-1,0,-1,-1,-1,-1,-1,-1,-1,-1,-1,-1,-1,-1,-1,-1,-1,-1,-1,-1,-1,-1,1,12,1,3,1,54,0,7,-5,-21
2,2,2,2,2,2,2,2,0,0,0,0,2,0,0,0,0,0,-1,3,0,0,0,0,0,0,0,0,0,0,0,0,0,0,0,0,0,0,0,0,0,0,0,0,0,2,2,2,2,2,2,2,2,0,-1,0,0,-1,0,0,0,0,-1,0,0,0,0,0,0,-1,0,0,0,0,-1,0,0,0,-1,0,-1,-1,0,0,0,0,0,-1,-1,-1,-1,0,0,0,-1,-1,-1,-1,-1,0,-1,0,-1,-1,-1,-1,-1,-1,0,-1,0,0,-1,0,-1,-1,-1,0,-1,-1,-1,-1,-1,-1,-1,-1,-1,-1,-1,-1,-1,-1,-1,-1,-1,-1,-1,-1,-1,-1,-1,-1,-1,-1,-1,-1,-1,-1,-1,-1,-1,-1,-1,-1,-1,-1,-1,-1,-1,-1,1,12,0,3,1,54,1,7,-5,-21
2,2,2,2,2,2,2,2,0,0,0,0,3,0,0,0,0,0,2,0,0,0,0,0,0,0,0,0,0,0,-1,0,0,0,0,0,0,0,0,0,0,0,0,0,0,2,2,2,2,2,2,2,2,0,-1,0,0,0,0,0,-1,0,0,-1,0,0,-1,-1,-1,-1,0,-1,0,-1,-1,-1,0,0,-1,0,0,0,-1,0,0,0,0,-1,0,-1,0,-1,0,0,0,-1,0,0,-1,-1,-1,0,-1,-1,-1,-1,0,-1,0,-1,-1,-1,-1,0,-1,-1,-1,-1,0,-1,-1,-1,-1,-1,-1,-1,-1,-1,-1,-1,-1,-1,0,-1,-1,-1,-1,-1,-1,0,-1,-1,-1,-1,-1,-1,-1,0,-1,-1,-1,-1,-1,-1,-1,-1,-1,-1,-1,-1,1,12,0,3,1,61,1,7,-5,-21
2,2,2,2,2,2,2,2,0,0,0,0,2,0,0,0,0,0,3,0,0,0,0,0,0,0,0,0,0,0,0,0,0,0,0,0,0,0,0,0,0,0,0,-1,0,2,2,2,2,2,2,2,2,0,-1,0,0,0,0,-1,0,0,-1,0,0,-1,-1,0,0,-1,0,-1,0,-1,-1,0,0,0,0,0,0,-1,-1,0,0,0,0,-1,0,-1,0,-1,0,0,0,0,0,-1,0,0,-1,0,-1,0,-1,0,0,-1,-1,-1,-1,-1,-1,-1,-1,-1,-1,-1,-1,-1,-1,-1,-1,-1,-1,-1,-1,-1,-1,-1,-1,-1,-1,-1,-1,-1,-1,-1,-1,-1,-1,-1,-1,-1,-1,-1,-1,-1,-1,-1,-1,-1,-1,-1,-1,-1,-1,-1,-1,-1,1,12,1,3,1,54,0,7,-5,-21
2,2,2,2,2,2,2,2,0,0,0,0,3,0,0,0,0,0,2,0,0,0,0,0,0,0,0,0,0,0,-1,0,0,0,0,0,0,0,0,0,0,0,0,0,0,2,2,2,2,2,2,2,2,0,-1,0,0,0,0,0,-1,0,0,-1,0,0,-1,-1,-1,-1,-1,-1,0,-1,-1,-1,-1,0,-1,0,0,0,-1,0,0,0,0,-1,0,-1,0,-1,0,0,0,-1,0,0,-1,-1,-1,0,-1,-1,0,-1,0,0,0,-1,-1,-1,-1,0,-1,-1,-1,-1,0,-1,-1,-1,-1,-1,-1,-1,-1,-1,-1,-1,-1,-1,0,-1,-1,-1,-1,-1,-1,0,-1,-1,-1,-1,-1,-1,-1,0,-1,-1,-1,-1,-1,-1,-1,-1,-1,-1,-1,-1,1,12,0,3,1,57,0,7,-5,-21
2,2,2,2,2,2,2,2,0,0,0,0,3,0,0,0,0,0,2,0,0,0,0,0,0,0,0,0,0,0,-1,0,0,0,0,0,0,0,0,0,0,0,0,0,0,2,2,2,2,2,2,2,2,0,-1,0,0,0,0,0,-1,0,-1,-1,0,0,-1,-1,0,-1,-1,0,0,-1,-1,-1,0,0,-1,0,0,0,-1,0,0,0,0,-1,0,-1,0,-1,0,0,-1,-1,0,-1,-1,0,-1,0,-1,-1,-1,-1,-1,0,0,-1,-1,-1,-1,0,-1,-1,-1,-1,0,-1,-1,-1,-1,-1,-1,-1,-1,-1,-1,-1,-1,-1,0,-1,-1,-1,-1,-1,-1,0,-1,-1,-1,-1,-1,-1,-1,0,-1,-1,-1,0,-1,-1,-1,-1,-1,-1,-1,-1,1,12,0,3,1,55,1,7,-5,-21
2,2,2,2,2,2,2,2,0,0,0,0,3,0,0,0,0,0,2,0,0,0,0,0,0,0,0,0,0,0,-1,0,0,0,0,0,0,0,0,0,0,0,0,0,0,2,2,2,2,2,2,2,2,0,-1,0,0,0,0,0,0,0,-1,-1,0,0,0,-1,0,0,0,0,0,0,-1,-1,-1,-1,-1,0,-1,0,0,0,-1,-1,0,-1,0,-1,-1,0,-1,0,-1,-1,-1,-1,-1,-1,0,-1,-1,-1,-1,0,-1,-1,0,0,0,0,-1,-1,-1,-1,0,0,0,-1,-1,-1,-1,-1,-1,-1,-1,-1,-1,-1,-1,-1,0,-1,-1,-1,-1,-1,-1,0,-1,-1,-1,-1,-1,-1,-1,-1,-1,-1,-1,-1,-1,-1,-1,-1,-1,-1,-1,-1,1,12,0,3,1,58,1,7,-5,-21
2,2,2,2,2,2,2,2,0,0,0,0,2,0,0,0,0,0,3,0,0,0,0,0,0,0,0,0,-1,0,0,0,0,0,0,0,0,0,0,0,0,0,0,0,0,2,2,2,2,2,2,2,2,0,-1,0,0,0,0,0,0,-1,-1,0,0,0,0,0,-1,0,0,-1,-1,0,0,-1,0,0,0,-1,-1,0,0,0,0,-1,0,-1,-1,-1,-1,0,-1,-1,0,-1,-1,-1,0,-1,-1,0,-1,-1,-1,-1,0,-1,-1,-1,-1,0,-1,-1,0,-1,0,-1,-1,-1,-1,-1,-1,-1,-1,-1,-1,-1,-1,-1,-1,-1,0,-1,0,-1,-1,-1,-1,-1,-1,-1,-1,0,-1,-1,-1,-1,-1,-1,-1,-1,-1,-1,-1,-1,0,-1,-1,-1,1,12,0,3,1,54,0,7,-5,-21
2,2,2,2,2,2,2,2,0,0,0,0,2,0,0,0,0,0,3,0,0,0,0,0,0,0,0,0,0,0,0,0,0,0,0,0,0,0,0,0,0,0,0,-1,0,2,2,2,2,2,2,2,2,0,0,0,0,0,0,0,0,0,-1,-1,0,0,0,0,0,-1,0,-1,-1,0,-1,0,-1,-1,0,-1,0,0,-1,0,0,0,0,-1,-1,-1,-1,0,-1,0,0,0,-1,-1,-1,-1,0,0,0,-1,-1,-1,0,0,0,-1,-1,-1,-1,-1,-1,-1,-1,-1,-1,-1,-1,-1,-1,-1,-1,0,-1,-1,-1,0,-1,-1,-1,-1,-1,-1,-1,-1,-1,-1,-1,-1,-1,-1,-1,-1,-1,-1,-1,-1,-1,-1,-1,-1,-1,-1,-1,-1,-1,-1,1,12,0,3,1,63,1,7,-5,-21
2,2,2,2,2,2,2,2,0,0,0,0,3,0,0,0,0,0,2,0,0,0,0,0,0,0,0,0,0,0,-1,0,0,0,0,0,0,0,0,0,0,0,0,0,0,2,2,2,2,2,2,2,2,0,-1,0,0,0,0,0,0,0,-1,0,0,0,0,-1,-1,-1,0,0,0,0,-1,0,0,0,-1,-1,0,0,-1,0,-1,0,-1,-1,-1,-1,-1,0,0,-1,0,0,-1,-1,-1,-1,-1,-1,0,-1,-1,0,0,-1,-1,-1,-1,-1,0,-1,-1,-1,-1,-1,-1,-1,0,-1,-1,0,0,-1,0,-1,0,-1,-1,-1,-1,-1,-1,-1,-1,-1,-1,-1,-1,-1,-1,-1,-1,-1,-1,-1,-1,-1,-1,-1,-1,-1,-1,-1,-1,-1,-1,-1,1,12,0,3,1,58,0,7,-5,-21
2,2,2,2,2,2,2,2,0,0,0,0,2,0,0,0,0,0,3,0,0,0,0,0,0,0,0,0,-1,0,0,0,0,0,0,0,0,0,0,0,0,0,0,0,0,2,2,2,2,2,2,2,2,0,-1,0,0,0,0,0,-1,-1,-1,0,0,0,0,0,0,-1,-1,0,0,0,-1,0,0,-1,-1,0,-1,-1,-1,0,0,0,0,-1,-1,-1,-1,0,0,0,-1,-1,-1,-1,-1,0,-1,0,-1,-1,-1,-1,0,-1,-1,0,0,-1,-1,-1,-1,-1,-1,-1,-1,-1,0,-1,-1,0,-1,-1,0,-1,-1,0,-1,-1,0,-1,-1,-1,0,-1,-1,-1,-1,-1,-1,-1,-1,-1,-1,-1,-1,-1,-1,-1,-1,-1,-1,-1,-1,-1,-1,-1,1,12,0,3,1,56,0,7,-5,-21
2,2,2,2,2,2,2,2,0,0,0,0,2,0,0,0,0,0,3,0,0,0,0,0,0,0,0,0,-1,0,0,0,0,0,0,0,0,0,0,0,0,0,0,0,0,2,2,2,2,2,2,2,2,0,-1,0,0,0,0,0,0,-1,-1,0,0,0,0,0,0,-1,-1,0,0,0,-1,0,0,0,-1,0,-1,-1,0,0,0,0,0,-1,-1,-1,-1,0,0,0,-1,-1,-1,-1,-1,0,-1,0,-1,-1,-1,-1,-1,-1,0,-1,0,0,-1,0,-1,-1,-1,0,-1,-1,-1,-1,-1,-1,-1,0,-1,-1,-1,-1,-1,-1,-1,-1,-1,-1,-1,-1,-1,-1,-1,-1,-1,-1,-1,-1,-1,-1,-1,-1,-1,-1,-1,-1,-1,-1,-1,-1,-1,-1,1,12,1,3,1,54,0,7,-5,-21
2,2,2,2,2,2,2,2,0,0,0,0,2,0,0,0,0,0,3,0,0,0,0,0,0,0,0,0,-1,0,0,0,0,0,0,0,0,0,0,0,0,0,0,0,0,2,2,2,2,2,2,2,2,0,-1,0,0,0,0,0,0,-1,-1,0,0,0,0,0,0,-1,-1,0,0,0,-1,0,0,0,-1,0,-1,-1,0,0,0,0,0,-1,-1,-1,-1,0,0,0,-1,-1,0,-1,-1,0,-1,0,-1,-1,-1,-1,-1,0,0,-1,-1,-1,-1,0,-1,-1,-1,-1,0,-1,-1,-1,-1,-1,-1,-1,-1,-1,-1,-1,-1,-1,0,-1,-1,-1,-1,-1,-1,-1,-1,-1,-1,-1,-1,-1,-1,-1,-1,-1,-1,-1,-1,-1,-1,-1,-1,-1,-1,-1,1,12,0,3,1,54,1,7,-5,-21
2,2,2,2,2,2,2,2,0,0,0,0,2,0,0,0,0,0,3,0,0,0,0,0,0,0,0,0,-1,0,0,0,0,0,0,0,0,0,0,0,0,0,0,0,0,2,2,2,2,2,2,2,2,0,-1,0,0,0,0,0,0,-1,-1,-1,0,0,-1,-1,0,-1,-1,0,0,-1,-1,-1,0,0,-1,0,0,0,-1,0,0,0,0,-1,0,-1,0,-1,-1,0,-1,-1,0,-1,-1,0,-1,0,-1,-1,0,-1,-1,0,0,0,-1,-1,-1,0,-1,-1,-1,-1,0,-1,-1,-1,-1,-1,-1,-1,-1,-1,-1,-1,-1,-1,0,-1,-1,-1,-1,-1,-1,0,-1,-1,-1,-1,-1,-1,-1,0,-1,-1,-1,-1,-1,-1,-1,-1,-1,-1,-1,-1,1,12,1,3,1,54,1,7,-5,-21
2,2,2,2,2,2,2,2,0,0,0,0,3,0,0,0,0,0,2,0,0,0,0,0,0,0,0,0,0,0,-1,0,0,0,0,0,0,0,0,0,0,0,0,0,0,2,2,2,2,2,2,2,2,0,-1,0,0,0,0,0,-1,0,-1,-1,0,0,-1,-1,0,-1,-1,0,0,-1,-1,-1,0,0,-1,0,0,0,-1,0,0,0,0,-1,0,-1,0,-1,0,0,-1,-1,0,-1,-1,0,-1,0,-1,-1,-1,-1,-1,0,0,-1,-1,-1,-1,0,-1,-1,-1,-1,0,-1,-1,-1,-1,-1,-1,-1,-1,-1,-1,-1,-1,0,0,-1,0,-1,-1,0,-1,-1,-1,-1,-1,-1,-1,-1,-1,-1,-1,-1,-1,-1,-1,-1,-1,-1,-1,-1,-1,-1,1,12,0,3,1,61,1,7,-5,-21
2,2,2,2,2,2,2,2,0,0,0,0,2,0,0,0,0,0,3,0,0,0,0,0,0,0,0,0,0,0,0,0,0,0,0,0,0,0,0,0,0,0,0,-1,0,2,2,2,2,2,2,2,2,0,-1,0,0,0,-1,0,0,0,-1,-1,0,-1,0,-1,0,0,0,0,0,0,-1,-1,0,0,0,0,-1,-1,0,0,-1,-1,0,-1,0,-1,-1,0,-1,-1,-1,-1,-1,-1,0,-1,0,-1,-1,0,-1,0,-1,-1,0,-1,0,0,-1,-1,-1,-1,0,0,-1,-1,0,-1,-1,-1,-1,-1,-1,-1,-1,-1,-1,-1,-1,-1,-1,-1,-1,-1,-1,-1,-1,-1,-1,-1,-1,-1,-1,-1,-1,0,0,-1,-1,-1,-1,-1,-1,-1,-1,-1,1,12,1,3,1,54,0,7,-5,-21
2,2,2,2,2,2,2,2,0,0,0,0,3,0,0,0,0,0,2,0,0,0,0,0,0,0,0,0,0,0,-1,0,0,0,0,0,0,0,0,0,0,0,0,0,0,2,2,2,2,2,2,2,2,0,-1,0,0,0,0,0,-1,0,-1,-1,0,0,-1,-1,-1,-1,-1,0,0,-1,-1,-1,0,0,-1,0,0,0,-1,0,0,0,0,-1,0,-1,0,-1,0,0,-1,-1,0,0,-1,0,-1,0,-1,-1,-1,-1,-1,0,0,-1,-1,-1,-1,0,-1,-1,-1,0,0,-1,-1,-1,-1,-1,-1,-1,-1,-1,-1,-1,-1,-1,0,-1,-1,-1,-1,-1,-1,0,-1,-1,-1,-1,-1,-1,-1,0,-1,-1,-1,-1,-1,-1,-1,-1,-1,-1,-1,-1,1,12,1,3,1,54,0,7,-5,-21
2,2,2,2,2,2,2,2,0,0,0,0,2,0,0,0,0,0,3,0,0,0,0,0,0,0,0,0,0,0,-1,0,0,0,0,0,0,0,0,0,0,0,0,0,0,2,2,2,2,2,2,2,2,0,-1,0,0,0,0,0,-1,0,-1,-1,0,0,-1,-1,0,-1,-1,-1,0,-1,-1,-1,0,0,-1,0,0,0,-1,0,0,0,0,-1,0,-1,0,-1,0,0,-1,-1,0,0,-1,0,-1,0,-1,-1,-1,-1,-1,0,0,-1,-1,-1,-1,0,-1,-1,-1,-1,0,-1,-1,-1,-1,-1,-1,-1,-1,-1,-1,-1,-1,-1,0,-1,-1,-1,-1,-1,-1,0,-1,-1,-1,-1,-1,-1,-1,0,-1,-1,-1,0,-1,-1,-1,-1,-1,-1,-1,-1,1,12,1,3,1,56,1,7,-5,-21
2,2,2,2,2,2,2,2,0,0,0,0,2,0,0,0,0,0,3,0,0,0,0,0,0,0,0,0,-1,0,0,0,0,0,0,0,0,0,0,0,0,0,0,0,0,2,2,2,2,2,2,2,2,0,-1,0,0,0,0,0,0,-1,-1,0,0,0,0,0,-1,0,0,-1,-1,0,0,-1,0,0,0,-1,-1,0,0,-1,0,-1,0,-1,-1,-1,-1,0,-1,-1,0,-1,-1,-1,0,-1,-1,0,0,-1,-1,-1,0,-1,-1,-1,-1,0,-1,0,0,-1,0,-1,-1,-1,-1,-1,-1,-1,-1,-1,-1,-1,-1,-1,-1,-1,0,-1,-1,-1,-1,-1,-1,0,-1,-1,-1,-1,-1,-1,-1,0,-1,-1,-1,-1,-1,-1,-1,-1,-1,-1,-1,-1,1,12,1,3,1,58,0,7,-5,-21
2,2,2,2,2,2,2,2,0,0,0,0,3,0,0,0,0,0,2,0,0,0,0,0,0,0,0,0,0,0,-1,0,0,0,0,0,0,0,0,0,0,0,0,0,0,2,2,2,2,2,2,2,2,0,-1,0,0,0,0,0,-1,0,-1,-1,0,0,-1,-1,0,-1,-1,0,0,-1,-1,-1,0,0,-1,0,0,0,-1,-1,0,0,0,-1,0,-1,0,-1,0,0,-1,-1,0,-1,-1,0,-1,0,-1,-1,-1,-1,-1,0,0,-1,-1,-1,-1,0,-1,-1,-1,-1,0,-1,-1,-1,-1,-1,-1,-1,-1,-1,-1,0,-1,-1,0,-1,-1,-1,0,-1,-1,0,-1,-1,-1,-1,-1,-1,-1,0,-1,-1,-1,-1,-1,-1,-1,-1,-1,-1,-1,-1,1,12,0,3,1,60,0,7,-5,-21
2,2,2,2,2,2,2,2,0,0,0,0,2,0,0,0,0,0,-1,3,0,0,0,0,0,0,0,0,0,0,0,0,0,0,0,0,0,0,0,0,0,0,0,0,0,2,2,2,2,2,2,2,2,0,-1,0,0,-1,0,0,0,0,-1,0,-1,0,0,0,0,-1,0,0,0,0,-1,0,-1,0,-1,0,-1,-1,0,0,0,0,0,-1,-1,-1,-1,0,0,0,-1,-1,-1,-1,-1,0,-1,0,0,-1,-1,-1,0,-1,-1,-1,-1,0,-1,0,0,-1,0,-1,-1,-1,-1,-1,-1,-1,-1,-1,-1,-1,-1,-1,-1,-1,0,-1,-1,-1,-1,-1,-1,-1,-1,-1,-1,-1,-1,-1,-1,-1,-1,-1,-1,-1,-1,-1,-1,-1,-1,-1,-1,-1,1,12,0,3,1,54,0,7,-5,-21
2,2,2,2,2,2,2,2,0,0,0,0,3,0,0,0,0,0,2,0,0,0,0,0,0,0,0,0,0,0,0,0,0,0,0,0,0,0,0,0,-1,0,0,0,0,2,2,2,2,2,2,2,2,0,-1,0,0,0,0,0,-1,0,-1,-1,0,0,-1,-1,0,-1,-1,0,0,-1,-1,-1,0,0,-1,0,0,0,-1,0,0,0,0,-1,0,-1,0,-1,0,0,-1,-1,0,-1,-1,0,-1,0,-1,-1,-1,-1,-1,0,0,-1,-1,-1,-1,0,-1,-1,-1,-1,0,-1,-1,-1,-1,-1,-1,-1,-1,-1,-1,-1,-1,-1,0,-1,-1,-1,-1,-1,0,0,-1,-1,-1,-1,-1,-1,-1,0,-1,-1,-1,-1,-1,-1,-1,-1,-1,-1,-1,-1,1,12,0,3,1,54,1,7,-5,-21
2,2,2,2,2,2,2,2,0,0,0,0,2,0,0,0,0,0,3,0,0,0,0,0,0,0,0,0,-1,0,0,0,0,0,0,0,0,0,0,0,0,0,0,0,0,2,2,2,2,2,2,2,2,0,0,0,0,0,0,0,0,0,-1,-1,0,0,-1,-1,0,-1,-1,0,0,-1,-1,-1,0,0,-1,0,0,0,-1,0,0,0,0,-1,0,-1,0,-1,0,0,-1,-1,0,-1,-1,0,-1,0,-1,-1,-1,-1,-1,0,0,0,-1,-1,-1,0,-1,-1,-1,-1,0,-1,-1,-1,-1,-1,-1,-1,-1,-1,-1,-1,-1,-1,0,-1,-1,-1,-1,-1,-1,-1,-1,-1,-1,-1,-1,-1,-1,-1,-1,-1,-1,-1,-1,-1,-1,-1,-1,-1,-1,-1,1,12,0,3,1,54,1,7,-5,-21
2,2,2,2,2,2,2,2,0,0,0,0,3,0,0,0,0,0,2,0,0,0,0,0,0,0,0,0,0,0,-1,0,0,0,0,0,0,0,0,0,0,0,0,0,0,2,2,2,2,2,2,2,2,0,0,0,0,0,0,0,0,-1,-1,0,0,0,-1,0,0,-1,0,0,0,0,-1,0,-1,0,0,-1,-1,0,0,-1,0,-1,0,-1,0,-1,-1,0,-1,-1,0,-1,-1,-1,0,0,-1,0,-1,-1,-1,-1,-1,0,0,-1,-1,-1,-1,0,-1,-1,-1,-1,0,-1,-1,-1,-1,-1,-1,-1,-1,-1,-1,-1,-1,0,0,-1,-1,-1,-1,-1,-1,-1,-1,-1,-1,-1,-1,-1,-1,-1,-1,-1,-1,-1,-1,-1,-1,-1,-1,-1,-1,-1,1,12,0,3,1,60,0,7,-5,-21
2,2,2,2,2,2,2,2,0,0,0,0,2,0,0,0,0,0,-1,3,0,0,0,0,0,0,0,0,0,0,0,0,0,0,0,0,0,0,0,0,0,0,0,0,0,2,2,2,2,2,2,2,2,0,-1,0,0,-1,0,0,0,0,-1,0,0,0,0,0,0,-1,-1,0,0,0,-1,0,0,0,-1,0,-1,-1,0,0,0,0,0,-1,-1,-1,-1,0,0,0,-1,0,-1,-1,-1,0,-1,0,-1,-1,-1,-1,-1,-1,0,-1,-1,0,-1,0,-1,-1,-1,0,-1,-1,-1,-1,-1,-1,-1,-1,-1,-1,-1,-1,-1,-1,-1,-1,-1,-1,0,-1,-1,-1,-1,-1,-1,-1,-1,-1,-1,-1,-1,-1,-1,-1,-1,-1,-1,-1,-1,-1,-1,-1,1,12,1,3,1,55,0,7,-5,-21
2,2,2,2,2,2,2,2,0,0,0,0,2,0,0,0,0,0,-1,3,0,0,0,0,0,0,0,0,0,0,0,0,0,0,0,0,0,0,0,0,0,0,0,0,0,2,2,2,2,2,2,2,2,0,-1,0,0,0,0,0,0,0,-1,0,0,0,0,-1,-1,0,0,0,-1,0,0,0,0,0,0,0,0,0,0,-1,-1,0,0,-1,0,-1,0,-1,0,0,-1,-1,0,-1,-1,0,-1,0,-1,-1,-1,-1,-1,0,0,-1,-1,-1,-1,-1,-1,-1,-1,-1,-1,-1,-1,-1,-1,-1,-1,-1,-1,-1,-1,-1,-1,-1,-1,-1,-1,-1,-1,-1,-1,-1,-1,-1,-1,-1,-1,-1,-1,-1,-1,-1,-1,-1,-1,-1,-1,-1,-1,-1,-1,-1,1,12,0,3,1,54,0,7,-5,-21
2,2,2,2,2,2,2,2,0,0,0,0,3,0,0,0,0,0,2,0,0,0,0,0,0,0,0,0,0,0,-1,0,0,0,0,0,0,0,0,0,0,0,0,0,0,2,2,2,2,2,2,2,2,0,-1,0,0,0,0,0,0,0,-1,-1,0,0,0,-1,0,0,0,0,0,0,-1,-1,-1,-1,0,0,-1,0,0,0,-1,-1,0,-1,0,-1,-1,0,-1,0,-1,-1,-1,-1,-1,-1,0,-1,-1,-1,-1,0,-1,-1,0,0,0,0,-1,-1,-1,-1,-1,0,0,-1,0,-1,-1,-1,-1,-1,-1,-1,-1,-1,-1,0,-1,-1,-1,-1,-1,-1,-1,-1,-1,-1,-1,-1,-1,-1,-1,-1,-1,-1,-1,-1,-1,-1,-1,-1,-1,-1,-1,-1,1,12,1,3,1,58,0,7,-5,-21
2,2,2,2,2,2,2,2,0,0,0,0,2,0,0,0,0,0,3,0,0,0,0,0,0,0,0,0,-1,0,0,0,0,0,0,0,0,0,0,0,0,0,0,0,0,2,2,2,2,2,2,2,2,0,-1,0,0,0,0,0,0,-1,-1,0,0,0,0,0,-1,0,0,-1,-1,0,0,-1,0,0,0,-1,-1,0,0,-1,0,-1,0,-1,-1,-1,-1,0,-1,-1,0,-1,-1,-1,0,-1,-1,0,0,-1,-1,-1,0,-1,-1,-1,-1,0,-1,-1,0,-1,0,-1,-1,-1,-1,-1,-1,-1,-1,-1,-1,-1,-1,-1,-1,-1,0,-1,0,-1,-1,-1,-1,-1,-1,-1,-1,0,-1,-1,-1,-1,-1,-1,-1,-1,-1,-1,-1,-1,0,-1,-1,-1,1,12,0,3,1,56,1,7,-5,-21
2,2,2,2,2,2,2,2,0,0,0,0,3,0,0,0,0,0,2,0,0,0,0,0,0,0,0,0,0,0,0,0,0,0,0,0,0,0,0,0,0,0,0,-1,0,2,2,2,2,2,2,2,2,0,-1,0,0,0,0,-1,0,0,-1,-1,0,0,-1,-1,0,-1,-1,0,0,-1,-1,-1,0,0,-1,0,0,0,-1,0,0,0,0,-1,0,-1,0,-1,0,0,-1,-1,0,-1,-1,0,-1,0,-1,-1,-1,-1,-1,0,0,-1,0,0,-1,0,-1,-1,-1,0,-1,-1,-1,-1,-1,-1,-1,-1,-1,0,-1,-1,-1,-1,-1,-1,-1,-1,-1,-1,-1,-1,-1,-1,-1,-1,-1,-1,-1,-1,-1,-1,-1,-1,-1,-1,-1,-1,0,-1,-1,-1,1,12,0,3,1,54,0,7,-5,-21
2,2,2,2,2,2,2,2,0,0,0,0,2,0,0,0,0,0,3,0,0,0,0,0,0,0,0,0,0,0,0,0,0,0,0,0,0,0,0,0,0,0,0,-1,0,2,2,2,2,2,2,2,2,0,-1,0,0,0,0,-1,0,0,-1,0,0,0,-1,-1,0,-1,0,-1,0,-1,0,0,0,0,0,0,0,-1,-1,0,0,-1,-1,0,-1,-1,0,-1,0,0,0,0,0,-1,0,0,-1,0,-1,0,-1,0,-1,-1,-1,-1,-1,-1,-1,-1,-1,-1,-1,-1,-1,-1,-1,-1,0,-1,-1,-1,-1,-1,-1,-1,-1,-1,0,-1,-1,-1,-1,-1,-1,-1,-1,-1,-1,-1,-1,-1,-1,-1,-1,-1,-1,-1,-1,-1,-1,-1,-1,-1,-1,-1,1,12,1,3,1,58,0,7,-5,-21
2,2,2,2,2,2,2,2,0,0,0,0,2,0,0,0,0,0,3,0,0,0,0,0,0,0,0,0,0,0,0,0,0,0,0,0,0,0,0,0,0,0,0,-1,0,2,2,2,2,2,2,2,2,0,-1,0,0,0,0,-1,0,0,-1,0,0,0,-1,0,0,-1,0,-1,0,-1,-1,0,0,0,0,0,0,-1,-1,0,0,0,0,-1,0,-1,0,-1,0,0,0,0,0,-1,0,0,-1,0,-1,0,-1,0,-1,-1,-1,-1,-1,-1,-1,-1,-1,-1,-1,-1,-1,-1,-1,-1,-1,-1,-1,-1,-1,-1,-1,-1,-1,-1,-1,-1,-1,-1,-1,-1,-1,-1,-1,-1,-1,-1,-1,-1,-1,-1,-1,-1,-1,-1,-1,-1,-1,-1,-1,-1,-1,-1,1,12,0,3,1,54,1,7,-5,-21
2,2,2,2,2,2,2,2,0,0,0,0,3,0,0,0,0,0,2,0,0,0,0,0,0,0,0,0,0,0,-1,0,0,0,0,0,0,0,0,0,0,0,0,0,0,2,2,2,2,2,2,2,2,0,-1,0,0,0,0,0,-1,0,-1,-1,0,0,-1,-1,-1,-1,-1,0,0,-1,-1,-1,0,0,-1,0,0,0,-1,0,0,0,0,-1,0,0,0,-1,0,0,-1,-1,0,0,-1,0,-1,0,-1,-1,-1,-1,-1,0,0,-1,-1,-1,-1,0,-1,-1,-1,-1,0,-1,-1,-1,-1,-1,-1,-1,-1,-1,-1,-1,-1,-1,0,-1,-1,-1,-1,-1,-1,0,-1,-1,-1,-1,-1,-1,-1,0,-1,-1,-1,-1,-1,-1,-1,-1,-1,-1,-1,-1,1,12,0,3,1,54,0,7,-5,-21
2,2,2,2,2,2,2,2,0,0,0,0,3,0,0,0,0,0,2,0,0,0,0,0,0,0,0,0,0,0,-1,0,0,0,0,0,0,0,0,0,0,0,0,0,0,2,2,2,2,2,2,2,2,0,-1,0,0,0,0,0,-1,0,-1,-1,0,0,-1,-1,-1,-1,-1,-1,0,-1,-1,-1,0,0,-1,0,0,0,-1,0,0,0,0,-1,0,-1,0,-1,0,0,0,-1,0,0,-1,0,-1,0,-1,-1,-1,-1,0,0,0,-1,-1,-1,-1,0,-1,-1,-1,-1,0,-1,-1,-1,-1,-1,-1,-1,-1,-1,-1,-1,-1,-1,0,-1,-1,-1,-1,-1,-1,0,-1,-1,-1,-1,-1,-1,-1,0,-1,-1,-1,-1,-1,-1,-1,-1,-1,-1,-1,-1,1,12,0,3,1,57,0,7,-5,-21
2,2,2,2,2,2,2,2,0,0,0,0,3,0,0,0,0,0,2,0,0,0,0,0,0,0,0,0,0,0,-1,0,0,0,0,0,0,0,0,0,0,0,0,0,0,2,2,2,2,2,2,2,2,0,-1,0,0,0,0,0,-1,0,0,-1,0,0,-1,-1,-1,-1,-1,0,0,-1,-1,-1,0,0,-1,0,0,0,-1,0,0,-1,0,-1,-1,-1,0,-1,0,0,0,-1,0,0,-1,0,-1,0,-1,-1,-1,-1,-1,0,0,0,-1,-1,-1,0,-1,-1,0,-1,0,-1,-1,-1,-1,-1,-1,-1,-1,-1,-1,-1,-1,-1,0,-1,-1,-1,-1,-1,-1,0,-1,-1,-1,-1,-1,-1,-1,-1,-1,-1,-1,-1,-1,-1,-1,-1,-1,-1,-1,-1,1,12,1,3,1,53,0,7,-5,-21
2,2,2,2,2,2,2,2,0,0,0,0,2,0,0,0,0,0,3,0,0,0,0,0,0,0,0,0,0,0,0,0,0,0,0,0,0,0,0,0,0,0,0,-1,0,2,2,2,2,2,2,2,2,0,-1,0,0,0,0,-1,0,0,-1,0,0,0,-1,-1,0,-1,0,-1,2,-1,-1,0,0,0,0,0,0,-1,-1,0,0,0,0,-1,0,-1,0,-1,0,0,0,0,0,-1,0,0,-1,0,-1,0,-1,0,-1,-1,-1,-1,-1,0,-1,-1,-1,-1,-1,-1,-1,-1,-1,-1,-1,-1,-1,-1,-1,-1,-1,-1,-1,-1,-1,-1,-1,-1,-1,-1,-1,-1,-1,-1,-1,-1,-1,-1,-1,-1,-1,-1,-1,-1,-1,-1,-1,-1,-1,-1,-1,-1,1,12,1,3,1,54,0,7,-5,-21
2,2,2,2,2,2,2,2,0,0,0,0,2,0,0,0,0,0,3,0,0,0,0,0,0,0,0,0,0,0,0,0,0,0,0,0,0,0,0,0,0,0,0,-1,0,2,2,2,2,2,2,2,2,0,-1,0,0,0,0,-1,0,0,-1,0,0,0,-1,-1,0,-1,0,-1,0,-1,-1,0,0,0,0,0,0,0,-1,0,-1,0,-1,-1,0,-1,0,-1,0,0,0,0,0,-1,0,0,-1,0,-1,0,-1,0,-1,-1,-1,-1,-1,0,-1,-1,-1,-1,-1,-1,-1,0,-1,-1,-1,-1,-1,-1,-1,-1,-1,-1,-1,-1,-1,-1,-1,-1,-1,-1,-1,-1,-1,-1,-1,-1,-1,-1,-1,-1,-1,-1,-1,-1,-1,-1,-1,-1,-1,-1,-1,-1,1,12,0,3,1,59,1,7,-5,-21
2,2,2,2,2,2,2,2,0,0,0,0,2,0,0,0,0,0,-1,3,0,0,0,0,0,0,0,0,0,0,0,0,0,0,0,0,0,0,0,0,0,0,0,0,0,2,2,2,2,2,2,2,2,0,-1,-1,0,0,0,0,0,0,-1,-1,-1,0,0,-1,0,-1,-1,0,0,-1,-1,0,0,0,-1,0,0,0,-1,0,0,0,0,-1,0,-1,-1,-1,0,0,-1,-1,0,-1,-1,0,-1,0,0,0,-1,-1,0,-1,-1,-1,-1,-1,-1,0,-1,-1,0,-1,-1,-1,-1,-1,-1,-1,0,-1,-1,0,-1,-1,-1,-1,-1,-1,-1,-1,0,-1,-1,-1,-1,-1,-1,-1,-1,-1,-1,-1,-1,-1,-1,-1,-1,-1,-1,-1,-1,-1,-1,-1,1,12,0,3,1,53,1,7,-5,-21
0,2,2,2,2,2,2,2,0,0,0,0,0,0,0,0,0,0,0,0,0,0,0,0,0,0,0,0,0,0,0,0,0,0,0,0,0,0,0,0,0,0,0,2,2,2,2,2,2,2,0,0,0,0,0,0,-1,0,0,0,0,0,-1,3,2,2,3,-1,3,2,-1,-1,-1,0,3,-1,3,3,-1,2,-1,2,-1,0,0,3,0,3,3,2,3,2,0,0,0,2,2,-1,2,2,-1,3,2,2,-1,3,-1,2,-1,2,2,3,2,-1,2,0,-1,-1,-1,3,0,2,-1,3,0,3,2,2,0,0,2,-1,0,-1,-1,-1,-1,0,-1,-1,3,-1,0,0,-1,-1,3,-1,-1,3,-1,3,-1,0,-1,0,0,0,0,-1,1,12,1,3,1,56,1,1,-5,-21
2,2,2,2,2,2,2,2,0,0,0,0,3,0,0,0,0,0,2,0,0,0,0,0,0,0,0,0,0,0,-1,0,0,0,0,0,0,0,0,0,0,0,0,0,0,2,2,2,2,2,2,2,2,0,-1,0,0,0,0,0,0,0,-1,-1,0,0,-1,-1,0,-1,-1,0,0,0,-1,0,0,0,-1,0,0,0,-1,0,0,0,0,-1,0,-1,0,-1,0,0,-1,-1,0,-1,-1,0,-1,0,0,0,-1,-1,0,-1,0,-1,0,-1,-1,-1,-1,-1,-1,-1,-1,-1,-1,-1,-1,-1,-1,-1,-1,-1,-1,-1,-1,-1,-1,-1,-1,-1,-1,-1,-1,-1,-1,-1,-1,-1,-1,-1,-1,-1,-1,-1,-1,-1,-1,-1,-1,-1,-1,-1,-1,-1,1,12,1,3,1,56,0,7,-5,-21
2,2,2,2,2,2,2,2,0,0,0,0,2,0,0,0,0,0,-1,3,0,0,0,0,0,0,0,0,0,0,0,0,0,0,0,0,0,0,0,0,0,0,0,0,0,2,2,2,2,2,2,2,2,0,-1,-1,0,0,0,0,0,0,-1,-1,-1,0,0,-1,0,-1,-1,0,0,-1,-1,0,0,0,-1,0,0,0,-1,0,0,0,0,-1,0,-1,-1,-1,0,0,-1,0,0,-1,-1,0,-1,0,-1,0,-1,-1,0,-1,-1,-1,-1,-1,-1,0,-1,-1,0,-1,-1,-1,-1,-1,-1,-1,0,-1,0,0,-1,-1,-1,-1,-1,-1,-1,-1,-1,-1,-1,-1,-1,-1,-1,-1,-1,-1,-1,-1,-1,-1,-1,-1,-1,-1,-1,-1,-1,-1,-1,-1,1,12,0,3,1,54,1,7,-5,-21
2,2,2,2,2,2,2,2,0,0,0,0,2,0,0,0,0,0,3,0,0,0,0,0,0,0,0,0,0,0,0,0,0,0,0,0,0,0,0,0,0,0,0,-1,0,2,2,2,2,2,2,2,2,0,-1,0,0,0,0,0,0,-1,-1,0,0,0,-1,0,0,-1,-1,0,0,0,-1,0,0,0,-1,0,-1,-1,-1,0,0,0,0,-1,-1,-1,-1,0,0,0,-1,-1,-1,-1,-1,0,-1,0,-1,-1,-1,-1,-1,-1,0,-1,0,0,-1,0,-1,-1,-1,0,-1,-1,-1,-1,-1,-1,-1,-1,-1,0,0,-1,-1,-1,-1,-1,-1,-1,-1,0,-1,-1,-1,-1,-1,-1,-1,-1,-1,-1,-1,-1,-1,-1,-1,-1,-1,-1,-1,-1,-1,-1,1,12,1,3,1,54,0,7,-5,-21
2,2,2,2,2,2,2,2,0,0,0,0,2,0,0,0,0,0,3,0,0,0,0,0,0,0,0,0,0,0,0,0,0,0,0,0,0,0,0,0,0,0,0,-1,0,2,2,2,2,2,2,2,2,0,-1,0,0,0,0,-1,0,0,-1,0,0,0,-1,-1,0,-1,0,-1,0,-1,-1,0,0,0,0,0,0,-1,-1,-1,0,0,0,-1,0,-1,0,-1,0,0,0,0,0,-1,0,0,-1,0,-1,0,-1,0,-1,-1,-1,-1,-1,0,-1,-1,-1,-1,-1,-1,-1,-1,-1,-1,-1,-1,-1,-1,-1,-1,-1,-1,-1,-1,-1,-1,-1,-1,-1,-1,-1,-1,-1,-1,-1,-1,-1,0,-1,-1,-1,-1,-1,-1,-1,-1,-1,-1,-1,-1,-1,-1,1,12,0,3,1,58,1,7,-5,-21
2,2,2,2,2,2,2,2,0,0,0,0,2,0,0,0,0,0,3,0,0,0,0,0,0,0,0,0,0,0,-1,0,0,0,0,0,0,0,0,0,0,0,0,0,0,2,2,2,2,2,2,2,2,0,-1,0,0,0,0,0,-1,0,-1,-1,0,0,-1,-1,0,-1,-1,0,0,-1,-1,-1,0,0,-1,0,0,0,-1,0,0,0,0,-1,0,-1,0,-1,0,0,-1,-1,0,-1,-1,0,-1,0,-1,-1,-1,-1,-1,0,0,-1,-1,-1,-1,0,-1,-1,-1,-1,0,-1,-1,-1,-1,-1,-1,-1,-1,-1,-1,-1,-1,0,0,-1,-1,-1,-1,-1,-1,0,0,-1,-1,-1,-1,-1,-1,-1,-1,-1,-1,-1,-1,-1,-1,-1,-1,-1,-1,-1,1,12,0,3,1,56,0,7,-5,-21
2,2,2,2,2,2,2,2,0,0,0,0,3,0,0,0,0,0,2,0,0,0,0,0,0,0,0,0,0,0,-1,0,0,0,0,0,0,0,0,0,0,0,0,0,0,2,2,2,2,2,2,2,2,0,-1,0,0,-1,0,0,0,0,-1,-1,0,0,-1,0,0,0,-1,0,0,0,0,0,0,0,-1,0,-1,-1,0,0,0,-1,-1,-1,-1,-1,-1,-1,-1,0,0,-1,-1,-1,0,-1,-1,0,-1,0,-1,-1,0,0,-1,-1,0,-1,-1,-1,-1,-1,0,-1,-1,-1,0,-1,-1,0,-1,-1,0,-1,-1,0,-1,-1,-1,-1,-1,-1,-1,-1,-1,-1,-1,-1,-1,-1,-1,-1,-1,-1,-1,-1,-1,-1,-1,-1,-1,-1,-1,-1,-1,-1,1,12,0,3,1,54,0,7,-5,-21
2,2,2,2,2,2,2,2,0,0,0,0,2,0,0,0,0,0,3,0,0,0,0,0,0,0,0,0,0,0,0,0,0,0,0,0,0,0,0,0,0,0,0,-1,0,2,2,2,2,2,2,2,2,0,-1,0,0,0,0,-1,0,0,-1,0,0,0,-1,-1,0,-1,0,-1,0,-1,-1,0,0,0,0,0,0,-1,-1,0,0,0,-1,0,0,0,0,-1,0,0,0,0,0,-1,0,0,-1,0,-1,0,-1,0,-1,-1,-1,-1,-1,-1,-1,-1,-1,-1,-1,-1,-1,-1,-1,-1,-1,-1,-1,-1,-1,-1,-1,-1,-1,-1,-1,-1,-1,-1,-1,-1,-1,-1,-1,-1,-1,-1,-1,-1,-1,-1,-1,-1,-1,-1,-1,-1,-1,-1,-1,-1,-1,-1,1,12,1,3,1,60,1,7,-5,-21
2,2,2,2,2,2,2,2,0,0,0,0,2,0,0,0,0,0,3,0,0,0,0,0,0,0,0,0,0,0,0,0,0,0,0,0,0,0,0,0,0,0,0,-1,0,2,2,2,2,2,2,2,2,0,-1,0,0,0,0,-1,0,-1,-1,0,0,0,-1,-1,0,-1,0,-1,-1,-1,-1,0,0,0,0,0,0,0,-1,0,0,0,-1,0,0,-1,0,-1,0,0,0,0,0,-1,0,0,-1,0,-1,0,-1,0,-1,-1,-1,-1,-1,-1,-1,-1,-1,-1,-1,-1,-1,-1,-1,-1,-1,-1,-1,-1,-1,-1,-1,-1,-1,-1,-1,-1,-1,-1,-1,-1,-1,-1,-1,0,-1,-1,-1,-1,-1,0,-1,-1,-1,-1,-1,-1,-1,-1,-1,-1,-1,-1,1,12,0,3,1,54,1,7,-5,-21
2,2,2,2,2,2,2,2,0,0,0,0,2,0,0,0,0,0,3,0,0,0,0,0,0,0,0,0,-1,0,0,0,0,0,0,0,0,0,0,0,0,0,0,0,0,2,2,2,2,2,2,2,2,0,-1,0,0,0,0,0,0,-1,-1,0,0,0,0,0,-1,-1,0,-1,-1,0,-1,0,-1,0,0,0,0,-1,0,0,-1,-1,0,-1,-1,-1,-1,0,-1,-1,0,0,0,-1,0,-1,-1,0,-1,-1,-1,-1,0,-1,0,-1,-1,0,-1,-1,0,-1,0,-1,-1,-1,-1,-1,-1,-1,0,-1,-1,-1,-1,-1,-1,0,-1,-1,0,-1,-1,-1,-1,-1,-1,-1,-1,-1,-1,-1,-1,-1,-1,-1,-1,-1,-1,-1,-1,-1,-1,-1,-1,-1,1,12,1,3,1,54,1,7,-5,-21
2,2,2,2,2,2,2,2,0,0,0,0,2,0,0,0,0,0,3,0,0,0,0,0,0,0,0,0,0,0,0,0,0,0,0,0,0,0,0,0,0,0,0,-1,0,2,2,2,2,2,2,2,2,0,-1,0,0,0,0,-1,0,0,-1,0,0,0,-1,-1,0,-1,0,-1,0,-1,-1,0,0,0,0,0,0,0,-1,0,0,0,-1,0,0,-1,0,-1,0,0,0,0,0,-1,0,0,-1,0,-1,-1,-1,-1,-1,0,0,-1,-1,-1,-1,-1,-1,-1,-1,-1,-1,-1,-1,-1,-1,-1,-1,-1,-1,-1,-1,-1,-1,-1,-1,-1,-1,-1,-1,-1,-1,-1,-1,-1,-1,-1,-1,-1,-1,-1,-1,-1,-1,-1,-1,-1,-1,-1,-1,-1,-1,-1,1,12,0,3,1,54,0,7,-5,-21
2,2,2,2,2,2,2,2,0,0,0,0,2,0,0,0,0,0,3,0,0,0,0,0,0,0,0,0,-1,0,0,0,0,0,0,0,0,0,0,0,0,0,0,0,0,2,2,2,2,2,2,2,2,0,-1,0,0,0,0,0,0,0,-1,0,0,-1,0,-1,-1,0,-1,0,-1,0,0,0,0,0,0,0,0,0,0,0,-1,0,0,-1,-1,-1,-1,0,-1,0,-1,0,-1,-1,-1,-1,0,0,0,-1,0,-1,-1,0,0,-1,0,-1,-1,-1,-1,-1,-1,-1,-1,-1,-1,-1,-1,-1,-1,-1,-1,-1,-1,-1,-1,-1,-1,-1,-1,-1,-1,-1,-1,-1,-1,-1,-1,-1,-1,-1,-1,-1,-1,-1,-1,-1,-1,-1,-1,-1,-1,-1,-1,-1,1,12,1,3,1,54,0,7,-5,-21
2,2,2,2,2,2,2,2,0,0,0,0,2,0,0,0,0,0,3,0,0,0,0,0,0,0,0,0,-1,0,0,0,0,0,0,0,0,0,0,0,0,0,0,0,0,2,2,2,2,2,2,2,2,0,-1,0,0,0,0,0,0,0,-1,-1,0,0,-1,-1,0,-1,-1,0,0,-1,-1,0,0,0,-1,0,0,0,-1,0,0,0,0,-1,0,-1,0,-1,0,0,-1,-1,0,-1,-1,0,-1,0,0,-1,-1,-1,0,-1,0,-1,0,-1,-1,-1,0,-1,0,-1,-1,-1,-1,-1,-1,-1,-1,-1,-1,-1,-1,-1,-1,-1,-1,-1,-1,-1,-1,-1,-1,-1,-1,-1,-1,-1,-1,-1,-1,-1,-1,-1,-1,-1,-1,-1,-1,-1,-1,-1,-1,-1,1,12,0,3,1,54,1,7,-5,-21
2,2,2,2,2,2,2,2,0,0,0,0,2,0,0,0,0,0,3,0,0,0,0,0,0,0,0,0,0,0,0,0,0,0,0,0,0,0,0,0,0,0,0,-1,0,2,2,2,2,2,2,2,2,0,-1,0,0,0,0,-1,0,0,-1,0,0,0,-1,-1,0,-1,0,-1,0,-1,-1,0,0,0,0,0,0,-1,-1,0,0,0,0,-1,0,-1,0,-1,0,0,0,0,0,-1,0,0,-1,0,-1,0,-1,0,-1,-1,-1,-1,-1,0,-1,-1,-1,-1,-1,-1,-1,-1,-1,-1,-1,-1,-1,-1,-1,-1,-1,-1,-1,-1,-1,-1,-1,-1,-1,-1,-1,-1,-1,-1,-1,-1,-1,-1,-1,-1,-1,-1,-1,-1,-1,-1,-1,-1,-1,-1,-1,-1,1,12,0,3,1,54,1,7,-5,-21
2,2,2,2,2,2,2,2,0,0,0,0,3,0,0,0,0,0,2,0,0,0,0,0,0,0,0,0,0,0,-1,0,0,0,0,0,0,0,0,0,0,0,0,0,0,2,2,2,2,2,2,2,2,0,-1,0,0,0,0,0,-1,0,-1,-1,0,0,-1,0,0,0,-1,0,0,0,0,0,0,0,-1,0,0,0,-1,0,0,0,0,-1,0,-1,0,-1,0,0,-1,0,0,-1,-1,0,-1,0,0,-1,-1,-1,0,-1,-1,-1,-1,-1,-1,-1,-1,-1,-1,-1,-1,-1,-1,-1,-1,-1,-1,-1,-1,-1,-1,-1,-1,-1,-1,-1,-1,-1,-1,-1,-1,-1,-1,-1,-1,-1,-1,-1,-1,-1,-1,-1,-1,-1,-1,-1,-1,-1,-1,-1,-1,-1,1,12,0,3,1,58,0,7,-5,-21
2,2,2,2,2,2,2,2,0,0,0,0,2,0,0,0,0,0,3,0,0,0,0,0,0,0,0,0,0,0,0,0,0,0,0,0,0,0,0,0,0,0,0,-1,0,2,2,2,2,2,2,2,2,0,-1,0,0,0,0,-1,0,0,-1,0,0,0,-1,-1,0,-1,0,-1,0,-1,-1,0,0,0,0,0,0,0,-1,0,0,0,-1,-1,0,-1,0,-1,0,0,0,0,0,-1,0,0,-1,0,-1,0,-1,0,-1,-1,-1,-1,-1,0,-1,-1,-1,-1,-1,-1,-1,-1,-1,-1,-1,-1,-1,-1,-1,-1,-1,-1,-1,-1,-1,-1,-1,-1,-1,-1,-1,-1,-1,-1,-1,-1,-1,-1,-1,-1,-1,-1,-1,-1,-1,-1,-1,-1,-1,-1,-1,-1,1,12,1,3,1,61,0,7,-5,-21
2,2,2,2,2,2,2,2,0,0,0,0,3,0,0,0,0,0,2,0,0,0,0,0,0,0,0,0,0,0,0,0,-1,0,0,0,0,0,0,0,0,0,0,0,0,2,2,2,2,2,2,2,2,0,-1,0,0,-1,0,0,0,0,-1,-1,0,0,-1,0,0,0,-1,0,0,0,0,0,0,0,-1,0,-1,-1,0,0,0,-1,-1,-1,-1,-1,-1,-1,-1,0,0,-1,-1,-1,0,-1,-1,0,-1,0,-1,-1,0,-1,-1,0,0,-1,-1,-1,-1,-1,-1,-1,-1,-1,0,-1,-1,0,-1,-1,0,-1,-1,0,-1,-1,-1,-1,-1,-1,-1,-1,-1,-1,-1,-1,-1,-1,-1,-1,-1,-1,0,-1,-1,-1,-1,-1,-1,-1,-1,-1,-1,-1,1,12,1,3,1,54,1,7,-5,-21
2,2,2,2,2,2,2,2,0,0,0,0,2,0,0,0,0,0,3,0,0,0,0,0,0,0,0,0,-1,0,0,0,0,0,0,0,0,0,0,0,0,0,0,0,0,2,2,2,2,2,2,2,2,0,-1,0,0,0,0,0,0,-1,-1,0,0,0,0,0,0,-1,-1,0,0,-1,-1,0,0,0,-1,0,-1,-1,-1,0,0,0,0,-1,-1,-1,-1,0,0,0,-1,-1,-1,-1,-1,0,-1,0,-1,-1,-1,-1,-1,-1,0,-1,0,0,-1,0,-1,-1,-1,0,-1,-1,-1,-1,-1,-1,-1,-1,-1,0,0,-1,-1,-1,-1,-1,-1,-1,-1,-1,-1,-1,-1,-1,-1,-1,-1,-1,-1,-1,-1,0,-1,-1,-1,-1,-1,-1,-1,-1,-1,-1,1,12,0,3,1,54,1,7,-5,-21
2,2,2,2,2,2,2,2,0,0,0,0,2,0,0,0,0,0,3,0,0,0,0,0,0,0,0,0,0,0,0,0,0,0,0,0,0,0,0,0,0,0,0,-1,0,2,2,2,2,2,2,2,2,0,-1,0,0,0,0,0,-1,0,-1,-1,0,0,-1,-1,0,-1,-1,0,0,-1,-1,-1,0,0,-1,0,0,0,-1,0,0,0,0,-1,0,-1,0,-1,0,0,-1,-1,0,-1,-1,0,-1,0,-1,-1,-1,-1,-1,0,0,-1,-1,-1,-1,0,-1,-1,-1,-1,0,-1,-1,-1,-1,-1,-1,-1,-1,-1,-1,-1,-1,-1,0,-1,-1,-1,-1,-1,-1,0,-1,-1,-1,0,-1,-1,-1,0,-1,-1,-1,-1,-1,-1,-1,-1,-1,-1,-1,-1,1,12,1,3,1,54,1,7,-5,-21
2,2,2,2,2,2,2,2,0,0,0,0,3,0,0,0,0,0,2,0,0,0,0,0,0,0,0,0,0,0,-1,0,0,0,0,0,0,0,0,0,0,0,0,0,0,2,2,2,2,2,2,2,2,0,-1,0,0,0,0,0,-1,-1,-1,-1,0,0,-1,-1,0,-1,-1,0,0,-1,-1,-1,0,0,-1,0,0,0,-1,0,0,0,0,-1,0,-1,0,-1,0,0,-1,-1,0,-1,-1,0,-1,0,-1,-1,-1,-1,-1,0,0,-1,-1,-1,-1,0,-1,-1,-1,-1,0,-1,-1,-1,-1,-1,-1,-1,-1,-1,-1,-1,-1,0,0,-1,-1,-1,-1,0,-1,0,-1,-1,-1,-1,-1,-1,-1,0,-1,-1,-1,-1,-1,-1,-1,-1,-1,-1,-1,-1,1,12,0,3,1,59,1,7,-5,-21
2,2,2,2,2,2,2,2,0,0,0,0,2,0,0,0,0,0,3,0,0,0,0,0,0,0,0,0,-1,0,0,0,0,0,0,0,0,0,0,0,0,0,0,0,0,2,2,2,2,2,2,2,2,0,-1,0,0,0,0,0,0,-1,-1,0,0,0,0,0,0,-1,-1,0,0,0,-1,0,0,0,-1,0,-1,-1,-1,0,0,0,0,-1,-1,-1,-1,0,0,0,-1,-1,-1,-1,-1,0,-1,0,-1,-1,-1,-1,-1,-1,0,-1,0,0,-1,0,-1,-1,-1,0,-1,-1,-1,-1,-1,-1,-1,-1,-1,0,0,-1,-1,-1,-1,-1,-1,-1,-1,-1,-1,-1,-1,-1,-1,-1,-1,-1,-1,-1,-1,-1,-1,-1,-1,-1,-1,-1,-1,-1,-1,-1,1,12,0,3,1,59,0,7,-5,-21
2,2,2,2,2,2,2,2,0,0,0,0,3,0,0,0,0,0,2,0,0,0,0,0,0,0,0,0,0,0,-1,0,0,0,0,0,0,0,0,0,0,0,0,0,0,2,2,2,2,2,2,2,2,0,-1,0,0,0,0,0,-1,0,-1,-1,0,0,-1,-1,0,-1,-1,0,0,-1,-1,-1,0,0,-1,0,0,0,-1,0,0,0,0,-1,0,-1,0,-1,0,0,-1,-1,0,-1,-1,0,-1,0,-1,-1,-1,-1,-1,0,0,-1,-1,-1,-1,0,-1,-1,-1,-1,0,-1,-1,-1,-1,-1,-1,-1,-1,-1,-1,-1,-1,-1,-1,-1,-1,0,0,-1,-1,0,-1,-1,-1,-1,-1,-1,-1,0,-1,-1,-1,-1,-1,-1,-1,-1,-1,-1,-1,-1,1,12,0,3,1,58,0,7,-5,-21
2,2,2,2,2,2,2,2,0,0,0,0,2,0,0,0,0,0,3,0,0,0,0,0,0,0,0,0,0,0,-1,0,0,0,0,0,0,0,0,0,0,0,0,0,0,2,2,2,2,2,2,2,2,-1,-1,0,0,0,0,0,-1,0,-1,-1,0,0,-1,-1,0,-1,-1,-1,0,-1,-1,-1,0,0,-1,0,0,0,-1,0,0,0,0,-1,0,-1,0,-1,0,0,-1,-1,0,0,-1,0,-1,0,-1,-1,-1,-1,-1,0,0,-1,-1,-1,-1,0,-1,0,-1,-1,0,-1,-1,-1,-1,-1,-1,-1,-1,-1,-1,-1,-1,-1,0,-1,-1,-1,-1,-1,-1,0,-1,-1,-1,-1,-1,-1,-1,0,-1,-1,-1,0,-1,-1,-1,-1,-1,-1,-1,-1,1,12,1,3,1,56,0,7,-5,-21
2,2,2,2,2,2,2,2,0,0,0,0,3,0,0,0,0,0,2,0,0,0,0,0,0,0,0,0,0,0,-1,0,0,0,0,0,0,0,0,0,0,0,0,0,0,2,2,2,2,2,2,2,2,0,-1,0,-1,-1,0,0,0,-1,-1,-1,0,0,-1,0,0,0,-1,0,0,0,0,0,0,0,-1,0,-1,-1,0,0,0,-1,-1,-1,-1,-1,-1,-1,-1,0,0,-1,-1,0,0,0,-1,-1,-1,0,-1,-1,0,-1,-1,0,0,-1,-1,-1,-1,-1,-1,-1,-1,-1,0,-1,-1,0,-1,-1,0,-1,-1,0,0,-1,-1,-1,-1,-1,-1,-1,-1,-1,-1,-1,-1,-1,0,-1,-1,-1,-1,-1,-1,-1,-1,-1,-1,-1,-1,-1,-1,-1,1,12,0,3,1,54,1,7,-5,-21
2,2,2,2,2,2,2,2,0,0,0,0,2,0,0,0,0,0,3,0,0,0,0,0,0,0,0,0,-1,0,0,0,0,0,0,0,0,0,0,0,0,0,0,0,0,2,2,2,2,2,2,2,2,0,-1,0,0,0,-1,0,0,0,-1,-1,0,-1,0,-1,0,0,0,-1,0,0,0,-1,0,-1,0,0,-1,-1,0,0,-1,-1,0,-1,0,-1,-1,0,0,0,-1,-1,-1,-1,-1,-1,0,-1,-1,-1,-1,0,-1,-1,0,0,0,0,-1,-1,-1,-1,-1,0,0,-1,0,-1,-1,-1,-1,-1,-1,-1,-1,-1,-1,0,-1,-1,-1,-1,-1,-1,-1,0,-1,-1,-1,-1,-1,-1,-1,-1,-1,-1,-1,-1,-1,-1,-1,-1,-1,-1,-1,-1,1,12,0,3,1,54,0,7,-5,-21
2,2,2,2,2,2,2,2,0,0,0,0,2,0,0,0,0,0,3,0,0,0,0,0,0,0,0,0,0,0,0,0,0,0,0,0,0,0,0,0,0,0,0,-1,0,2,2,2,2,2,2,2,2,0,-1,0,0,0,0,-1,-1,0,-1,0,0,0,-1,-1,0,-1,0,-1,0,0,-1,0,0,0,-1,0,0,0,-1,0,0,0,0,-1,0,-1,0,-1,0,0,-1,-1,0,-1,-1,0,-1,0,0,-1,-1,-1,0,-1,0,-1,-1,-1,-1,0,-1,-1,-1,-1,0,-1,-1,-1,-1,-1,-1,-1,-1,-1,-1,-1,-1,-1,-1,-1,-1,-1,-1,0,-1,-1,-1,-1,-1,-1,-1,-1,-1,-1,-1,-1,-1,-1,-1,-1,-1,-1,-1,-1,-1,-1,1,12,1,3,1,54,1,7,-5,-21
2,2,2,2,2,2,2,2,0,0,0,0,2,0,0,0,0,0,3,0,0,0,0,0,0,0,0,0,0,0,0,0,0,0,0,0,0,0,0,0,0,0,0,-1,0,2,2,2,2,2,2,2,2,0,-1,0,0,0,0,-1,0,0,-1,0,0,0,-1,-1,0,-1,0,-1,0,-1,-1,0,0,0,0,0,0,0,-1,0,0,0,-1,0,0,-1,0,-1,0,0,0,0,0,-1,0,0,-1,0,-1,0,-1,0,-1,-1,-1,-1,-1,-1,-1,-1,-1,-1,-1,-1,-1,-1,-1,-1,-1,-1,-1,-1,-1,-1,-1,-1,-1,-1,-1,-1,-1,-1,-1,-1,-1,-1,-1,-1,-1,-1,-1,-1,-1,-1,-1,-1,-1,-1,-1,-1,-1,-1,-1,-1,-1,-1,1,12,1,3,1,62,1,7,-5,-21
2,2,2,2,2,2,2,2,0,0,0,0,2,0,0,0,0,0,-1,3,0,0,0,0,0,0,0,0,0,0,0,0,0,0,0,0,0,0,0,0,0,0,0,0,0,2,2,2,2,2,2,2,2,0,-1,0,0,0,0,0,0,0,-1,0,0,0,0,-1,-1,0,0,0,-1,0,0,0,0,0,0,0,0,0,0,-1,-1,0,0,-1,-1,-1,-1,0,-1,0,-1,0,-1,-1,-1,-1,0,0,0,-1,0,-1,-1,-1,-1,-1,-1,-1,-1,-1,-1,-1,-1,-1,-1,-1,-1,-1,-1,-1,0,0,-1,-1,-1,-1,-1,-1,-1,-1,-1,-1,-1,-1,-1,-1,-1,-1,-1,-1,-1,-1,-1,-1,-1,-1,-1,-1,-1,-1,-1,-1,-1,-1,-1,-1,1,12,0,3,1,60,0,7,-5,-21
2,2,2,2,2,2,2,2,0,0,0,0,3,0,0,0,0,0,2,0,0,0,0,0,0,0,0,0,0,0,-1,0,0,0,0,0,0,0,0,0,0,0,0,0,0,2,2,2,2,2,2,2,2,0,-1,0,0,0,0,0,-1,0,-1,-1,0,0,-1,-1,0,-1,-1,0,-1,-1,-1,-1,0,0,-1,0,0,0,-1,0,0,0,0,-1,0,-1,0,-1,0,0,0,-1,0,-1,-1,0,-1,0,-1,-1,-1,-1,-1,0,0,-1,-1,-1,-1,0,-1,-1,-1,-1,0,-1,-1,-1,-1,-1,-1,-1,-1,-1,-1,-1,-1,0,0,-1,-1,-1,-1,-1,-1,0,-1,-1,-1,-1,-1,-1,-1,0,-1,-1,-1,-1,-1,-1,-1,-1,-1,-1,-1,-1,1,12,0,3,1,58,0,7,-5,-21
2,2,2,2,2,2,2,2,0,0,0,0,3,0,0,0,0,0,2,0,0,0,0,0,0,0,0,0,0,0,-1,0,0,0,0,0,0,0,0,0,0,0,0,0,0,2,2,2,2,2,2,2,2,0,-1,0,0,0,0,0,0,0,-1,0,0,0,0,0,0,-1,0,0,0,0,-1,0,0,0,-1,0,-1,-1,0,0,0,0,0,-1,-1,-1,-1,0,0,-1,-1,-1,-1,-1,-1,0,-1,0,-1,-1,-1,-1,0,-1,0,0,-1,0,-1,0,-1,-1,-1,-1,-1,-1,-1,-1,-1,-1,-1,-1,-1,-1,-1,-1,-1,-1,-1,-1,-1,-1,-1,-1,-1,-1,-1,-1,-1,-1,-1,-1,-1,-1,-1,-1,-1,-1,-1,-1,-1,-1,-1,-1,-1,-1,1,12,0,3,1,58,1,7,-5,-21
2,2,2,2,2,2,2,2,0,0,0,0,2,0,0,0,0,0,3,0,0,0,0,0,0,0,0,0,-1,0,0,0,0,0,0,0,0,0,0,0,0,0,0,0,0,2,2,2,2,2,2,2,2,0,-1,0,0,0,0,0,0,0,-1,-1,0,0,-1,-1,0,-1,-1,0,0,0,-1,0,0,0,-1,0,0,0,-1,0,0,0,0,-1,0,-1,0,-1,0,0,-1,-1,0,-1,-1,0,-1,0,0,0,-1,-1,0,-1,0,-1,0,-1,-1,-1,-1,-1,-1,-1,-1,-1,-1,-1,-1,-1,-1,-1,-1,-1,-1,-1,-1,-1,-1,-1,-1,-1,-1,-1,-1,-1,-1,-1,-1,-1,-1,-1,-1,-1,-1,-1,-1,-1,-1,-1,-1,-1,-1,-1,-1,-1,1,12,1,3,1,54,0,7,-5,-21
2,2,2,2,2,2,2,2,0,0,0,0,3,0,0,0,0,0,2,0,0,0,0,0,0,0,0,0,0,0,-1,0,0,0,0,0,0,0,0,0,0,0,0,0,0,2,2,2,2,2,2,2,2,0,-1,0,0,0,0,0,-1,0,-1,-1,0,0,-1,0,0,0,-1,0,0,0,0,0,0,0,-1,0,-1,0,0,0,0,-1,-1,-1,-1,-1,-1,-1,-1,0,0,-1,-1,-1,0,-1,-1,0,-1,0,-1,-1,0,-1,-1,0,0,-1,-1,-1,-1,-1,-1,-1,-1,-1,0,-1,-1,0,-1,-1,-1,-1,-1,0,-1,0,-1,-1,-1,-1,-1,-1,-1,-1,-1,-1,-1,-1,-1,-1,-1,-1,-1,-1,-1,-1,-1,-1,-1,-1,-1,-1,-1,-1,1,12,0,3,1,53,0,7,-5,-21
2,2,2,2,2,2,2,2,0,0,0,0,2,0,0,0,0,0,3,0,0,0,0,0,0,0,0,0,0,0,0,0,0,0,0,0,0,0,0,0,0,0,0,-1,0,2,2,2,2,2,2,2,2,0,-1,0,0,0,0,-1,0,0,-1,0,0,0,-1,-1,0,-1,0,0,0,0,-1,-1,0,0,0,0,0,0,-1,0,0,0,-1,-1,0,-1,0,-1,0,0,0,0,0,-1,-1,0,-1,-1,-1,0,-1,0,-1,-1,-1,-1,-1,0,-1,0,-1,-1,-1,-1,-1,-1,-1,-1,-1,-1,-1,-1,-1,-1,-1,-1,-1,-1,-1,-1,-1,-1,-1,-1,-1,-1,-1,-1,-1,-1,-1,-1,-1,-1,-1,-1,-1,-1,-1,-1,-1,-1,-1,-1,-1,-1,1,12,0,3,1,58,1,7,-5,-21
2,2,2,2,2,2,2,2,0,0,0,0,2,0,0,0,0,0,-1,3,0,0,0,0,0,0,0,0,0,0,0,0,0,0,0,0,0,0,0,0,0,0,0,0,0,2,2,2,2,2,2,2,2,0,-1,0,0,0,0,0,-1,0,-1,-1,0,0,-1,-1,0,-1,-1,-1,0,-1,-1,-1,0,0,-1,0,0,0,-1,0,0,0,0,-1,0,-1,0,-1,0,0,-1,-1,0,0,-1,0,-1,0,-1,-1,-1,-1,-1,0,0,-1,-1,-1,-1,0,-1,-1,-1,-1,0,-1,-1,-1,-1,-1,-1,-1,-1,-1,-1,-1,-1,-1,0,-1,-1,-1,-1,-1,-1,0,-1,-1,-1,-1,-1,-1,-1,0,-1,-1,-1,0,-1,-1,-1,-1,-1,-1,-1,-1,1,12,0,3,1,54,0,7,-5,-21
2,2,2,2,2,2,2,2,0,0,0,0,2,0,0,0,0,0,3,0,0,0,0,0,0,0,0,0,-1,0,0,0,0,0,0,0,0,0,0,0,0,0,0,0,0,2,2,2,2,2,2,2,2,0,0,0,0,0,0,0,-1,-1,-1,-1,0,0,-1,-1,0,-1,-1,0,0,-1,-1,-1,0,0,-1,0,0,0,-1,0,0,0,0,-1,0,-1,0,-1,0,0,-1,-1,0,-1,-1,0,-1,0,-1,-1,-1,-1,-1,0,0,-1,-1,-1,-1,-1,-1,-1,-1,-1,0,-1,-1,-1,-1,-1,-1,-1,-1,-1,-1,-1,-1,0,0,-1,0,-1,-1,0,-1,0,-1,-1,-1,-1,-1,-1,-1,-1,-1,-1,-1,-1,-1,-1,-1,-1,-1,-1,-1,-1,1,12,1,3,1,61,0,7,-5,-21
2,2,2,2,2,2,2,2,0,0,0,0,2,0,0,0,0,0,-1,3,0,0,0,0,0,0,0,0,0,0,0,0,0,0,0,0,0,0,0,0,0,0,0,0,0,2,2,2,2,2,2,2,2,0,-1,0,0,0,0,0,0,0,-1,0,0,0,0,-1,-1,0,0,0,-1,0,0,0,0,0,0,0,0,0,0,-1,-1,0,0,-1,-1,-1,-1,0,-1,0,-1,0,-1,-1,-1,-1,0,0,0,-1,0,-1,-1,-1,-1,-1,-1,-1,-1,-1,-1,-1,-1,-1,-1,-1,-1,-1,-1,-1,0,0,-1,-1,-1,-1,-1,-1,-1,-1,-1,-1,-1,-1,-1,-1,-1,-1,-1,-1,-1,-1,-1,-1,-1,-1,-1,-1,-1,-1,-1,-1,-1,-1,-1,-1,1,12,0,3,1,57,0,7,-5,-21
0,2,2,2,2,2,2,2,0,0,0,0,0,0,0,0,0,0,0,0,0,0,0,0,0,0,0,0,0,0,0,0,0,0,0,0,0,0,0,0,0,0,0,2,2,2,2,2,2,2,0,0,0,0,0,0,-1,0,0,0,0,0,-1,3,2,2,3,-1,3,2,-1,-1,-1,0,3,-1,3,3,-1,2,-1,2,-1,0,0,3,0,3,3,2,3,2,0,0,0,2,2,-1,2,2,-1,3,2,2,-1,3,-1,2,-1,2,2,3,2,-1,2,0,-1,-1,-1,3,0,2,-1,3,0,3,2,2,0,0,2,-1,0,-1,-1,-1,-1,0,-1,-1,3,-1,0,0,-1,-1,3,-1,-1,3,-1,3,-1,0,-1,0,0,0,0,-1,1,12,0,3,1,63,1,4,-5,-21
2,2,2,2,2,2,2,2,0,0,0,0,3,0,0,0,0,0,2,0,0,0,0,0,0,0,0,0,0,0,-1,0,0,0,0,0,0,0,0,0,0,0,0,0,0,2,2,2,2,2,2,2,2,0,-1,0,0,0,0,0,-1,0,-1,-1,0,0,0,0,0,-1,-1,0,0,-1,-1,0,0,0,-1,0,0,0,-1,0,0,0,0,-1,0,-1,0,-1,0,0,-1,0,0,-1,-1,0,-1,0,0,-1,-1,-1,0,-1,0,-1,-1,-1,-1,-1,-1,-1,0,-1,-1,-1,-1,-1,-1,-1,-1,-1,-1,-1,-1,-1,-1,-1,-1,-1,-1,-1,-1,-1,-1,-1,-1,-1,-1,-1,-1,-1,-1,-1,-1,-1,-1,-1,-1,-1,-1,-1,-1,-1,-1,-1,1,12,0,3,1,56,0,7,-5,-21
2,2,2,2,2,2,2,2,0,0,0,0,2,0,0,0,0,0,3,0,0,0,0,0,0,0,0,0,0,0,0,0,0,0,0,0,0,0,0,0,0,0,0,-1,0,2,2,2,2,2,2,2,2,0,-1,0,0,0,0,-1,0,0,-1,0,0,0,-1,-1,0,-1,0,-1,0,-1,-1,0,0,0,0,0,0,0,-1,0,0,0,0,-1,0,-1,0,0,0,0,-1,-1,0,-1,-1,0,-1,0,-1,-1,-1,-1,-1,0,0,-1,0,0,-1,-1,-1,-1,-1,-1,-1,-1,-1,-1,-1,-1,-1,-1,-1,-1,-1,-1,-1,-1,-1,-1,-1,-1,-1,-1,-1,-1,-1,-1,-1,-1,-1,-1,-1,-1,-1,-1,-1,-1,-1,-1,-1,-1,-1,-1,-1,-1,1,12,1,3,1,63,1,7,-5,-21
2,2,2,2,2,2,2,2,0,0,0,0,2,0,0,0,0,0,-1,3,0,0,0,0,0,0,0,0,0,0,0,0,0,0,0,0,0,0,0,0,0,0,0,0,0,2,2,2,2,2,2,2,2,0,-1,0,0,0,0,0,0,0,-1,0,0,0,0,0,0,-1,0,0,0,0,-1,0,0,0,-1,0,-1,-1,0,0,-1,0,0,-1,-1,-1,-1,0,0,-1,-1,-1,-1,-1,-1,0,-1,0,-1,-1,-1,-1,-1,-1,0,-1,-1,0,-1,0,-1,-1,-1,0,-1,-1,-1,-1,-1,-1,-1,-1,-1,-1,-1,0,-1,-1,-1,-1,-1,-1,-1,-1,-1,-1,-1,-1,-1,-1,-1,-1,-1,-1,0,-1,-1,-1,-1,-1,-1,-1,-1,-1,-1,-1,1,12,0,3,1,55,1,7,-5,-21
2,2,2,2,2,2,2,2,0,0,0,0,2,0,0,0,0,0,-1,3,0,0,0,0,0,0,0,0,0,0,0,0,0,0,0,0,0,0,0,0,0,0,0,0,0,2,2,2,2,2,2,2,2,0,-1,-1,0,0,0,0,0,0,-1,-1,-1,0,0,-1,0,-1,-1,0,0,-1,-1,2,0,0,-1,0,0,0,-1,0,0,0,0,-1,0,-1,-1,-1,0,0,-1,-1,0,-1,-1,0,-1,0,0,0,-1,-1,0,-1,-1,-1,-1,-1,-1,0,-1,-1,0,-1,-1,-1,-1,-1,-1,-1,0,-1,-1,0,-1,-1,-1,-1,-1,-1,-1,-1,0,-1,-1,-1,-1,-1,-1,-1,-1,-1,-1,-1,-1,-1,-1,-1,-1,-1,-1,-1,-1,-1,-1,-1,1,12,1,3,1,54,0,7,-5,-21
2,2,2,2,2,2,2,2,0,0,0,0,2,0,0,0,0,0,3,0,0,0,0,0,0,0,0,0,-1,0,0,0,0,0,0,0,0,0,0,0,0,0,0,0,0,2,2,2,2,2,2,2,2,0,-1,0,0,0,0,0,0,-1,-1,-1,0,0,-1,-1,0,-1,-1,0,0,-1,-1,-1,0,0,-1,0,0,0,0,-1,0,0,0,-1,0,-1,0,-1,-1,0,-1,-1,0,-1,-1,0,-1,0,-1,-1,-1,-1,-1,0,0,0,-1,-1,-1,0,-1,-1,-1,-1,0,-1,-1,-1,-1,-1,-1,-1,-1,-1,-1,-1,-1,-1,0,-1,-1,-1,-1,-1,-1,0,-1,-1,-1,-1,-1,-1,-1,0,-1,-1,-1,0,-1,-1,-1,-1,-1,-1,-1,-1,1,12,0,3,1,54,1,7,-5,-21
2,2,2,2,2,2,2,2,0,0,0,0,2,0,0,0,0,0,3,0,0,0,0,0,0,0,0,0,0,0,0,0,0,0,0,0,0,0,0,0,0,0,0,-1,0,2,2,2,2,2,2,2,2,0,-1,0,0,0,0,-1,0,0,-1,0,0,0,-1,-1,0,-1,0,-1,0,0,-1,0,0,0,0,0,0,-1,-1,0,0,0,0,-1,0,-1,0,-1,0,0,0,0,0,-1,0,0,-1,0,-1,0,-1,0,-1,-1,-1,-1,-1,-1,-1,-1,-1,-1,-1,-1,-1,-1,-1,-1,-1,-1,-1,-1,-1,-1,-1,-1,-1,-1,-1,-1,-1,-1,-1,-1,-1,-1,-1,-1,-1,-1,-1,-1,-1,-1,-1,-1,-1,-1,-1,-1,-1,-1,-1,-1,-1,-1,1,12,0,3,1,54,0,7,-5,-21
2,2,2,2,2,2,2,2,0,0,0,0,2,0,0,0,0,0,3,0,0,0,0,0,0,0,0,0,0,0,0,0,0,0,0,0,0,0,0,0,0,0,0,-1,0,2,2,2,2,2,2,2,2,0,-1,0,0,0,0,-1,0,-1,-1,0,0,0,-1,0,0,-1,0,-1,-1,-1,-1,0,0,0,0,0,0,0,-1,0,0,0,-1,0,0,-1,0,-1,0,0,0,0,0,-1,0,0,-1,0,-1,0,-1,0,-1,-1,-1,-1,-1,-1,-1,-1,-1,-1,-1,-1,-1,-1,-1,-1,-1,-1,-1,-1,-1,-1,-1,-1,-1,-1,-1,-1,-1,-1,-1,-1,-1,-1,-1,-1,-1,-1,-1,-1,-1,0,-1,-1,-1,-1,-1,-1,-1,-1,-1,-1,-1,-1,1,12,0,3,1,54,1,7,-5,-21
2,2,2,2,2,2,2,2,0,0,0,0,2,0,0,0,0,0,3,0,0,0,0,0,0,0,0,0,0,0,0,0,0,0,0,0,0,0,0,0,0,0,0,-1,0,2,2,2,2,2,2,2,2,-1,-1,0,0,0,0,-1,0,0,-1,0,0,0,-1,-1,0,-1,0,-1,0,-1,-1,0,0,-1,0,0,0,-1,0,0,0,-1,0,-1,-1,-1,-1,0,-1,-1,0,0,0,-1,0,-1,-1,-1,-1,-1,-1,-1,0,-1,0,-1,-1,0,0,-1,0,-1,0,-1,-1,-1,-1,-1,-1,-1,0,-1,-1,-1,-1,-1,-1,-1,-1,0,-1,-1,-1,-1,-1,-1,-1,0,-1,0,-1,-1,-1,-1,-1,-1,-1,-1,-1,-1,-1,-1,-1,-1,-1,-1,1,12,1,3,1,54,1,7,-5,-21
2,2,2,2,2,2,2,2,0,0,0,0,2,0,0,0,0,0,3,0,0,0,0,0,0,0,0,0,0,0,0,0,0,0,0,0,0,0,0,0,0,0,0,-1,0,2,2,2,2,2,2,2,2,0,0,0,0,0,0,0,0,0,-1,-1,0,0,0,0,0,-1,0,-1,-1,0,-1,0,-1,-1,0,-1,0,0,-1,0,0,0,0,-1,-1,-1,-1,0,-1,0,0,0,-1,-1,-1,-1,0,0,0,-1,-1,-1,0,0,0,-1,-1,-1,-1,-1,-1,-1,-1,-1,-1,-1,-1,-1,-1,-1,-1,0,-1,-1,-1,0,-1,-1,-1,-1,-1,-1,-1,-1,-1,-1,-1,-1,-1,-1,-1,-1,-1,-1,-1,-1,-1,-1,-1,-1,-1,-1,-1,-1,-1,-1,1,12,0,3,1,62,1,7,-5,-21
2,2,2,2,2,2,2,2,0,0,0,0,3,0,0,0,0,0,2,0,0,0,0,0,0,0,0,0,0,0,-1,0,0,0,0,0,0,0,0,0,0,0,0,0,0,2,2,2,2,2,2,2,2,0,-1,0,0,0,0,0,-1,0,-1,-1,0,0,-1,-1,0,-1,-1,0,0,-1,-1,-1,0,0,-1,0,0,0,-1,0,0,0,0,-1,0,-1,0,-1,0,0,-1,-1,0,-1,-1,0,-1,0,-1,-1,-1,-1,-1,0,0,-1,-1,-1,-1,0,-1,-1,-1,-1,0,-1,-1,-1,-1,-1,-1,-1,-1,-1,-1,-1,-1,0,0,-1,0,-1,-1,0,-1,-1,-1,-1,-1,-1,-1,-1,-1,-1,-1,-1,-1,-1,-1,-1,-1,-1,-1,-1,-1,-1,1,12,0,3,1,58,0,7,-5,-21
2,2,2,2,2,2,2,2,0,0,0,0,2,0,0,0,0,0,3,0,0,0,0,0,0,0,0,0,-1,0,0,0,0,0,0,0,0,0,0,0,0,0,0,0,0,2,2,2,2,2,2,2,2,0,-1,0,0,0,0,0,0,-1,-1,0,0,0,-1,0,0,-1,-1,0,0,0,-1,0,0,0,-1,0,-1,-1,-1,0,0,0,0,-1,-1,-1,-1,0,0,0,-1,-1,-1,-1,-1,0,-1,0,-1,-1,-1,-1,-1,-1,0,-1,0,0,-1,0,-1,-1,-1,0,-1,-1,-1,-1,-1,-1,-1,-1,-1,0,0,-1,-1,-1,-1,-1,-1,-1,-1,0,-1,-1,-1,-1,-1,-1,-1,-1,-1,-1,-1,-1,-1,-1,-1,-1,-1,-1,-1,-1,-1,-1,1,12,1,3,1,57,1,7,-5,-21
2,2,2,2,2,2,2,2,0,0,0,0,2,0,0,0,0,0,-1,3,0,0,0,0,0,0,0,0,0,0,0,0,0,0,0,0,0,0,0,0,0,0,0,0,0,2,2,2,2,2,2,2,2,0,-1,0,0,0,0,0,0,0,-1,0,0,0,0,0,0,-1,0,0,0,0,-1,0,0,0,-1,0,0,0,-1,0,0,0,0,-1,0,-1,0,-1,0,0,-1,-1,0,0,-1,0,-1,0,-1,-1,-1,-1,-1,-1,-1,-1,-1,-1,-1,-1,-1,-1,-1,-1,-1,-1,-1,-1,-1,-1,-1,-1,-1,-1,-1,-1,-1,-1,-1,-1,-1,-1,-1,-1,-1,-1,-1,-1,-1,-1,-1,-1,-1,-1,-1,-1,-1,-1,-1,-1,-1,-1,-1,-1,-1,-1,1,12,1,3,1,58,0,7,-5,-21
2,2,2,2,2,2,2,2,0,0,0,0,3,0,0,0,0,0,2,0,0,0,0,0,0,0,0,0,0,0,-1,0,0,0,0,0,0,0,0,0,0,0,0,0,0,2,2,2,2,2,2,2,2,0,-1,0,0,0,0,0,0,0,-1,-1,0,0,-1,-1,0,-1,-1,0,0,-1,-1,0,0,0,-1,0,0,0,-1,0,0,0,0,-1,0,-1,0,-1,0,0,-1,-1,0,-1,-1,0,-1,0,0,-1,-1,-1,0,-1,0,-1,-1,-1,-1,0,-1,-1,-1,-1,0,-1,-1,-1,-1,-1,-1,-1,-1,-1,-1,-1,-1,-1,-1,-1,-1,-1,-1,-1,-1,-1,-1,-1,-1,-1,-1,-1,-1,-1,-1,-1,-1,-1,-1,0,-1,-1,-1,-1,-1,-1,1,12,1,3,1,54,0,7,-5,-21
2,2,2,2,2,2,2,2,0,0,0,0,2,0,0,0,0,0,3,0,0,0,0,0,0,0,0,0,0,0,0,0,0,0,0,0,0,0,0,0,0,0,0,-1,0,2,2,2,2,2,2,2,2,0,-1,0,0,0,0,-1,0,0,-1,0,0,0,-1,-1,0,-1,0,-1,0,-1,-1,0,0,0,0,0,0,0,-1,0,0,0,-1,-1,0,-1,-1,0,-1,0,-1,-1,-1,-1,-1,-1,0,-1,-1,-1,-1,0,-1,-1,0,0,0,0,-1,-1,-1,-1,0,0,0,-1,0,-1,-1,-1,-1,-1,-1,-1,-1,-1,-1,-1,-1,-1,-1,-1,-1,-1,-1,-1,-1,-1,-1,-1,-1,-1,-1,-1,-1,-1,-1,-1,-1,-1,-1,-1,-1,-1,-1,-1,1,12,0,3,1,54,1,7,-5,-21
2,2,2,2,2,2,2,2,0,0,0,0,3,0,0,0,0,0,2,0,0,0,0,0,0,0,0,0,0,0,-1,0,0,0,0,0,0,0,0,0,0,0,0,0,0,2,2,2,2,2,2,2,2,0,-1,0,0,0,-1,0,0,0,-1,-1,0,0,-1,-1,0,-1,-1,0,0,-1,-1,-1,0,0,-1,0,0,0,-1,0,0,0,0,-1,0,-1,0,0,0,0,-1,-1,0,-1,-1,0,-1,-1,-1,-1,-1,-1,-1,0,0,-1,-1,-1,-1,0,-1,-1,-1,-1,0,-1,-1,-1,-1,-1,-1,-1,-1,-1,-1,-1,-1,0,0,-1,-1,-1,-1,0,-1,-1,-1,-1,-1,-1,-1,-1,-1,-1,-1,-1,-1,-1,-1,0,-1,-1,-1,-1,-1,-1,1,12,1,3,1,66,1,7,-5,-21
2,2,2,2,2,2,2,2,0,0,0,0,2,0,0,0,0,0,3,0,0,0,0,0,0,0,0,0,0,0,0,0,0,0,0,0,0,0,0,0,0,0,0,-1,0,2,2,2,2,2,2,2,2,0,-1,0,0,0,0,-1,0,0,-1,0,0,0,-1,-1,0,-1,0,-1,0,-1,0,0,0,-1,0,0,0,-1,-1,0,0,-1,-1,0,0,-1,0,-1,0,0,0,0,0,-1,0,0,-1,0,-1,0,-1,0,-1,-1,-1,-1,-1,0,-1,-1,-1,-1,-1,-1,-1,-1,-1,-1,0,-1,-1,-1,-1,-1,-1,-1,-1,-1,-1,-1,-1,-1,-1,-1,-1,-1,-1,-1,-1,-1,-1,-1,-1,-1,-1,-1,-1,-1,-1,-1,-1,-1,-1,-1,-1,-1,1,12,1,3,1,54,1,7,-5,-21
2,2,2,2,2,2,2,2,0,0,0,0,3,0,0,0,0,0,2,0,0,0,0,0,0,0,0,0,0,0,0,0,-1,0,0,0,0,0,0,0,0,0,0,0,0,2,2,2,2,2,2,2,2,0,-1,0,0,0,0,0,-1,0,-1,-1,0,0,-1,-1,0,-1,-1,0,0,-1,-1,-1,0,-1,-1,0,0,0,-1,0,-1,0,0,-1,0,-1,0,-1,0,0,-1,-1,0,-1,0,0,-1,0,-1,-1,-1,-1,-1,-1,0,-1,-1,-1,-1,0,-1,-1,-1,-1,0,-1,-1,-1,-1,-1,-1,-1,-1,-1,-1,-1,-1,-1,0,-1,-1,-1,0,-1,-1,0,-1,-1,-1,-1,-1,0,-1,0,-1,-1,-1,-1,-1,0,-1,-1,-1,-1,-1,-1,1,12,0,3,1,56,0,7,-5,-21
2,2,2,2,2,2,2,2,0,0,0,0,2,0,0,0,0,0,3,0,0,0,0,0,0,0,0,0,-1,0,0,0,0,0,0,0,0,0,0,0,0,0,0,0,0,2,2,2,2,2,2,2,2,0,-1,0,0,0,0,0,0,0,-1,-1,0,0,-1,-1,0,-1,-1,0,0,-1,-1,-1,0,0,-1,-1,0,0,-1,0,0,0,0,-1,0,-1,0,-1,0,0,-1,0,0,-1,-1,0,-1,0,-1,-1,-1,-1,-1,0,0,-1,-1,-1,-1,-1,-1,-1,-1,-1,0,-1,-1,-1,-1,-1,0,-1,-1,-1,-1,-1,-1,0,0,-1,-1,-1,-1,-1,-1,0,-1,-1,-1,-1,-1,-1,-1,-1,-1,-1,-1,-1,-1,-1,-1,-1,-1,-1,-1,-1,1,12,1,3,1,54,1,7,-5,-21
2,2,2,2,2,2,2,2,0,0,0,0,3,0,0,0,0,0,2,0,0,0,0,0,0,0,0,0,0,0,-1,0,0,0,0,0,0,0,0,0,0,0,0,0,0,2,2,2,2,2,2,2,2,0,-1,0,0,0,0,0,0,0,0,0,0,0,0,0,-1,-1,0,0,0,0,-1,-1,0,0,-1,-1,0,0,-1,0,-1,0,-1,-1,-1,-1,-1,0,0,-1,0,0,-1,-1,-1,-1,-1,-1,0,-1,-1,0,0,-1,-1,-1,-1,-1,0,-1,-1,-1,-1,0,-1,-1,0,-1,-1,0,-1,-1,-1,-1,-1,0,-1,-1,-1,-1,-1,-1,-1,-1,-1,-1,-1,-1,-1,-1,-1,-1,-1,-1,-1,-1,-1,-1,-1,-1,-1,-1,-1,-1,-1,-1,1,12,0,3,1,54,1,7,-5,-21
2,2,2,2,2,2,2,2,0,0,0,0,2,0,0,0,0,0,-1,3,0,0,0,0,0,0,0,0,0,0,0,0,0,0,0,0,0,0,0,0,0,0,0,0,0,2,2,2,2,2,2,2,2,0,-1,0,0,-1,0,0,0,0,-1,0,0,0,0,0,0,-1,-1,0,0,0,-1,0,0,0,-1,0,-1,-1,0,0,0,0,-1,-1,-1,0,-1,0,0,0,-1,0,-1,-1,-1,0,-1,0,-1,-1,-1,-1,-1,-1,0,-1,-1,0,-1,0,-1,-1,-1,0,-1,-1,-1,-1,-1,-1,-1,-1,-1,-1,-1,-1,-1,-1,-1,-1,-1,-1,-1,-1,-1,-1,-1,-1,-1,-1,-1,-1,0,-1,-1,-1,-1,-1,-1,-1,-1,-1,-1,-1,-1,-1,1,12,0,3,1,55,0,7,-5,-21
2,2,2,2,2,2,2,2,0,0,0,0,2,0,0,0,0,0,-1,3,0,0,0,0,0,0,0,0,0,0,0,0,0,0,0,0,0,0,0,0,0,0,0,0,0,2,2,2,2,2,2,2,2,0,-1,-1,0,0,0,0,0,0,-1,-1,-1,0,0,-1,0,-1,-1,0,0,-1,-1,0,0,0,-1,0,0,0,-1,0,0,0,0,-1,0,-1,-1,-1,0,0,-1,-1,0,-1,-1,0,-1,0,0,0,-1,-1,0,-1,-1,-1,-1,-1,-1,0,-1,-1,0,-1,-1,-1,-1,-1,-1,-1,0,-1,-1,0,-1,-1,-1,-1,-1,-1,-1,0,-1,-1,-1,-1,-1,-1,-1,-1,-1,-1,-1,-1,-1,-1,-1,-1,-1,-1,-1,-1,-1,-1,-1,-1,1,12,1,3,1,54,1,7,-5,-21
2,2,2,2,2,2,2,2,0,0,0,0,3,0,0,0,0,0,2,0,0,0,0,0,0,0,0,0,0,0,-1,0,0,0,0,0,0,0,0,0,0,0,0,0,0,2,2,2,2,2,2,2,2,0,-1,0,0,0,0,0,-1,-1,-1,-1,0,0,-1,-1,0,-1,-1,0,0,-1,-1,-1,0,0,-1,0,0,0,-1,0,0,0,0,-1,0,-1,0,-1,0,0,-1,-1,0,-1,-1,0,-1,0,-1,-1,-1,-1,-1,0,0,-1,-1,-1,-1,0,-1,-1,-1,-1,0,-1,-1,-1,-1,-1,-1,-1,-1,-1,-1,-1,-1,0,0,-1,-1,-1,-1,0,-1,0,-1,-1,-1,-1,-1,-1,-1,0,-1,-1,-1,-1,-1,-1,-1,-1,-1,-1,-1,-1,1,12,0,3,1,54,1,7,-5,-21
2,2,2,2,2,2,2,2,0,0,0,0,3,0,0,0,0,0,2,0,0,0,0,0,0,0,0,0,0,0,0,0,0,0,0,0,0,0,0,0,0,0,0,-1,0,2,2,2,2,2,2,2,2,0,-1,0,0,0,0,-1,0,0,-1,0,0,0,-1,-1,0,-1,0,-1,0,-1,-1,-1,0,0,-1,0,0,0,-1,0,0,0,0,-1,0,-1,0,-1,0,0,-1,-1,0,0,-1,0,-1,0,-1,-1,-1,-1,-1,0,0,-1,-1,-1,-1,0,-1,-1,-1,-1,0,-1,-1,-1,-1,-1,-1,-1,-1,-1,-1,-1,-1,-1,0,-1,-1,-1,-1,-1,-1,0,-1,-1,-1,-1,-1,-1,-1,-1,-1,-1,-1,-1,-1,-1,-1,-1,-1,-1,-1,-1,1,12,0,3,1,56,0,7,-5,-21
2,2,2,2,2,2,2,2,0,0,0,0,3,0,0,0,0,0,2,0,0,0,0,0,0,0,0,0,0,0,-1,0,0,0,0,0,0,0,0,0,0,0,0,0,0,2,2,2,2,2,2,2,2,0,-1,-1,0,0,0,0,-1,0,-1,-1,0,0,-1,-1,0,-1,-1,0,0,-1,-1,-1,0,0,-1,-1,0,0,-1,0,0,0,0,-1,0,-1,0,-1,0,0,-1,-1,0,-1,-1,0,-1,0,-1,-1,-1,-1,-1,-1,0,-1,-1,-1,-1,0,-1,-1,0,-1,0,-1,-1,-1,-1,-1,-1,-1,-1,-1,-1,-1,-1,-1,0,-1,-1,-1,0,-1,-1,0,-1,-1,-1,-1,-1,0,-1,0,-1,-1,-1,-1,-1,0,-1,-1,-1,-1,-1,-1,1,12,0,3,1,56,0,7,-5,-21
2,2,2,2,2,2,2,2,0,0,0,0,2,0,0,0,0,0,3,0,0,0,0,0,0,0,0,0,0,0,0,0,0,0,0,0,0,0,0,0,0,0,0,-1,0,2,2,2,2,2,2,2,2,0,-1,0,0,0,0,-1,0,0,-1,0,0,0,-1,-1,0,-1,0,-1,0,-1,-1,0,0,0,0,0,0,-1,-1,-1,0,0,-1,-1,0,0,0,-1,0,0,0,0,0,-1,0,0,-1,0,-1,0,-1,0,-1,-1,-1,-1,-1,0,-1,-1,-1,-1,-1,-1,-1,-1,-1,-1,-1,-1,-1,-1,-1,-1,-1,-1,0,-1,-1,-1,-1,-1,-1,-1,-1,-1,-1,-1,-1,-1,-1,-1,-1,-1,-1,-1,-1,-1,-1,-1,-1,-1,-1,-1,-1,-1,1,12,0,3,1,60,1,7,-5,-21
2,2,2,2,2,2,2,2,0,0,0,0,2,0,0,0,0,0,3,0,0,0,0,0,0,0,0,0,0,0,0,0,0,0,0,0,0,0,0,0,0,0,0,-1,0,2,2,2,2,2,2,2,2,0,-1,0,0,0,0,-1,-1,0,-1,0,0,0,-1,-1,0,-1,0,-1,0,0,-1,0,0,0,0,-1,0,0,-1,0,0,0,-1,-1,0,-1,0,-1,0,0,0,0,0,-1,0,0,-1,0,-1,0,-1,0,-1,-1,-1,-1,-1,0,-1,-1,-1,-1,-1,-1,-1,-1,-1,-1,-1,-1,-1,-1,-1,-1,-1,-1,-1,-1,-1,-1,-1,-1,-1,-1,-1,-1,-1,-1,-1,-1,0,-1,-1,-1,-1,-1,-1,-1,-1,-1,-1,-1,-1,-1,-1,-1,1,12,1,3,1,54,0,7,-5,-21
2,2,2,2,2,2,2,2,0,0,0,0,3,0,0,0,0,0,2,0,0,0,0,0,0,0,0,0,0,0,-1,0,0,0,0,0,0,0,0,0,0,0,0,0,0,2,2,2,2,2,2,2,2,0,-1,0,0,0,0,0,-1,0,0,-1,0,0,-1,-1,-1,-1,-1,0,0,-1,-1,-1,0,0,-1,0,0,0,0,0,0,-1,0,-1,-1,-1,0,-1,0,0,-1,-1,0,0,-1,0,-1,0,-1,-1,-1,-1,-1,0,0,0,-1,-1,-1,0,-1,-1,-1,-1,0,-1,-1,-1,-1,-1,-1,-1,-1,-1,-1,-1,-1,-1,0,-1,-1,-1,-1,-1,-1,0,-1,-1,-1,-1,-1,-1,-1,0,-1,-1,-1,-1,-1,-1,-1,-1,-1,-1,-1,-1,1,12,0,3,1,53,0,7,-5,-21
2,2,2,2,2,2,2,2,0,0,0,0,3,0,0,0,0,0,2,0,0,0,0,0,0,0,0,0,0,0,-1,0,0,0,0,0,0,0,0,0,0,0,0,0,0,2,2,2,2,2,2,2,2,0,-1,0,0,-1,0,-1,0,0,-1,0,0,0,-1,-1,0,-1,0,-1,0,0,-1,0,0,0,0,-1,0,0,-1,0,0,0,-1,-1,0,-1,0,-1,0,0,0,0,0,-1,0,-1,0,-1,-1,0,-1,-1,0,0,0,-1,-1,-1,-1,-1,-1,-1,-1,-1,-1,-1,-1,-1,-1,-1,-1,-1,-1,-1,-1,-1,0,-1,-1,-1,-1,-1,-1,-1,-1,-1,-1,-1,-1,-1,-1,-1,-1,-1,-1,-1,-1,-1,-1,-1,-1,-1,-1,-1,-1,-1,1,12,0,3,1,54,1,7,-5,-21
2,2,2,2,2,2,2,2,0,0,0,0,3,0,0,0,0,0,2,0,0,0,0,0,0,0,0,0,0,0,-1,0,0,0,0,0,0,0,0,0,0,0,0,0,0,2,2,2,2,2,2,2,2,0,-1,0,0,0,0,0,-1,0,-1,-1,-1,0,-1,-1,0,-1,-1,0,0,-1,-1,-1,0,0,-1,0,0,0,-1,0,0,0,0,-1,0,-1,0,-1,-1,0,-1,-1,0,-1,-1,0,-1,0,-1,-1,-1,-1,-1,0,0,0,-1,-1,-1,0,-1,-1,-1,-1,0,-1,-1,-1,-1,-1,-1,-1,-1,-1,-1,-1,-1,-1,0,-1,-1,-1,-1,-1,-1,0,-1,0,-1,-1,-1,-1,-1,0,-1,-1,-1,0,-1,-1,-1,-1,-1,-1,-1,-1,1,12,0,3,1,59,0,7,-5,-21
2,2,2,2,2,2,2,2,0,0,0,0,2,0,0,0,0,0,-1,3,0,0,0,0,0,0,0,0,0,0,0,0,0,0,0,0,0,0,0,0,0,0,0,0,0,2,2,2,2,2,2,2,2,0,-1,0,0,0,0,0,0,0,-1,0,0,0,0,0,0,-1,-1,0,0,0,-1,0,0,0,-1,0,-1,-1,0,0,0,0,0,-1,-1,-1,0,0,0,0,0,0,0,-1,0,0,-1,0,-1,-1,-1,-1,-1,-1,-1,-1,-1,-1,-1,-1,-1,-1,-1,-1,-1,-1,-1,-1,-1,-1,-1,-1,-1,-1,-1,-1,-1,-1,-1,-1,-1,-1,-1,-1,-1,-1,-1,-1,-1,-1,-1,-1,-1,-1,-1,-1,-1,-1,-1,-1,-1,-1,-1,-1,-1,-1,1,12,0,3,1,55,1,7,-5,-21
2,2,2,2,2,2,2,2,0,0,0,0,2,0,0,0,0,0,3,0,0,0,0,0,0,0,0,0,0,0,0,0,0,0,0,0,0,0,0,0,0,0,0,-1,0,2,2,2,2,2,2,2,2,0,-1,0,0,0,0,-1,0,0,-1,-1,0,0,-1,-1,0,-1,-1,-1,0,-1,-1,-1,0,0,-1,0,0,0,-1,0,0,0,0,-1,0,-1,0,-1,0,0,-1,-1,0,0,-1,0,-1,0,-1,-1,-1,-1,-1,0,0,-1,-1,-1,-1,0,-1,-1,-1,-1,0,-1,-1,-1,-1,-1,-1,-1,-1,-1,-1,-1,-1,-1,0,-1,-1,-1,-1,-1,-1,0,-1,-1,-1,-1,-1,-1,-1,0,-1,-1,-1,0,-1,-1,-1,-1,-1,-1,-1,-1,1,12,1,3,1,56,1,7,-5,-21
2,2,2,2,2,2,2,2,0,0,0,0,3,0,0,0,0,0,2,0,0,0,0,0,0,0,0,0,0,0,-1,0,0,0,0,0,0,0,0,0,0,0,0,0,0,2,2,2,2,2,2,2,2,0,-1,0,0,0,0,0,-1,0,-1,-1,0,0,-1,-1,0,-1,-1,0,0,-1,-1,-1,0,0,-1,0,0,0,-1,0,0,0,0,-1,0,-1,0,-1,0,0,-1,-1,0,-1,-1,0,-1,0,-1,-1,-1,-1,-1,0,0,-1,-1,-1,-1,0,-1,-1,-1,-1,0,-1,-1,-1,-1,-1,-1,-1,-1,-1,-1,-1,-1,-1,-1,-1,-1,0,0,-1,-1,0,0,-1,-1,-1,-1,-1,-1,-1,-1,-1,-1,-1,-1,-1,-1,-1,-1,-1,-1,-1,1,12,0,3,1,54,0,7,-5,-21
2,2,2,2,2,2,2,2,0,0,0,0,3,0,0,0,0,0,2,0,0,0,0,0,0,0,0,0,0,0,-1,0,0,0,0,0,0,0,0,0,0,0,0,0,0,2,2,2,2,2,2,2,2,0,-1,0,0,0,0,0,-1,0,-1,-1,-1,0,-1,-1,-1,-1,-1,0,0,-1,-1,-1,0,0,-1,0,0,0,-1,0,0,0,0,-1,0,-1,0,-1,0,0,-1,-1,0,0,-1,0,-1,0,-1,-1,-1,-1,-1,0,0,-1,-1,-1,-1,0,-1,-1,-1,-1,0,-1,-1,-1,-1,-1,0,-1,-1,-1,-1,-1,-1,-1,0,-1,-1,-1,-1,-1,-1,0,-1,-1,-1,-1,0,-1,-1,0,-1,-1,-1,-1,-1,-1,-1,-1,-1,-1,-1,-1,1,12,0,3,1,53,0,7,-5,-21
2,2,2,2,2,2,2,2,0,0,0,0,2,0,0,0,0,0,-1,3,0,0,0,0,0,0,0,0,0,0,0,0,0,0,0,0,0,0,0,0,0,0,0,0,0,2,2,2,2,2,2,2,2,0,-1,0,0,0,0,-1,0,0,-1,0,0,0,0,-1,-1,0,0,0,-1,0,0,-1,0,0,0,0,0,-1,0,0,0,-1,0,-1,-1,-1,-1,0,-1,-1,0,0,0,-1,0,-1,-1,-1,-1,-1,-1,-1,0,-1,0,-1,-1,0,0,-1,0,-1,0,-1,-1,-1,-1,-1,-1,-1,-1,-1,-1,-1,-1,-1,-1,-1,-1,-1,-1,-1,-1,-1,-1,-1,-1,-1,-1,-1,-1,-1,-1,-1,-1,-1,-1,-1,-1,-1,-1,-1,-1,-1,-1,-1,1,12,1,3,1,54,0,7,-5,-21
2,2,2,2,2,2,2,2,0,0,0,0,3,0,0,0,0,0,2,0,0,0,0,0,0,0,0,0,0,0,0,0,-1,0,0,0,0,0,0,0,0,0,0,0,0,2,2,2,2,2,2,2,2,0,-1,0,0,-1,0,0,0,0,-1,-1,0,0,-1,-1,0,-1,-1,0,0,-1,-1,-1,0,0,-1,0,0,0,0,0,0,0,0,-1,0,-1,0,-1,0,0,-1,-1,0,-1,-1,0,-1,0,-1,-1,-1,-1,-1,0,0,-1,-1,-1,-1,0,-1,-1,-1,-1,0,-1,-1,-1,-1,-1,-1,-1,-1,-1,-1,-1,-1,-1,0,-1,-1,-1,-1,-1,-1,0,-1,-1,-1,-1,-1,-1,-1,0,-1,-1,-1,-1,-1,-1,-1,-1,-1,-1,-1,-1,1,12,0,3,1,54,1,7,-5,-21
2,2,2,2,2,2,2,2,0,0,0,0,2,0,0,0,0,0,3,0,0,0,0,0,0,0,0,0,0,0,0,0,0,0,0,0,0,0,0,0,0,0,0,-1,0,2,2,2,2,2,2,2,2,0,-1,0,0,0,0,-1,0,0,-1,0,-1,0,-1,-1,0,-1,0,-1,0,0,-1,0,0,0,0,0,0,-1,-1,-1,0,0,0,-1,0,-1,0,-1,0,0,0,0,0,-1,0,0,-1,0,-1,0,-1,0,-1,-1,-1,-1,-1,0,-1,-1,-1,-1,-1,-1,-1,-1,-1,-1,-1,-1,-1,-1,-1,-1,0,-1,-1,-1,-1,-1,-1,-1,-1,-1,-1,-1,-1,-1,-1,-1,-1,-1,-1,-1,-1,-1,-1,-1,-1,-1,-1,-1,-1,-1,-1,-1,1,12,1,3,1,58,1,7,-5,-21
2,2,2,2,2,2,2,2,0,0,0,0,2,0,0,0,0,0,3,0,0,0,0,0,0,0,0,0,-1,0,0,0,0,0,0,0,0,0,0,0,0,0,0,0,0,2,2,2,2,2,2,2,2,0,-1,0,0,0,0,0,0,-1,-1,0,0,0,-1,0,0,-1,-1,0,0,0,-1,0,0,0,-1,0,-1,-1,-1,0,0,0,0,-1,-1,-1,-1,0,0,0,-1,-1,-1,-1,-1,0,-1,0,-1,-1,-1,-1,-1,-1,0,-1,0,0,-1,-1,-1,-1,-1,0,-1,-1,-1,-1,-1,-1,-1,-1,-1,0,0,-1,-1,-1,-1,-1,-1,-1,-1,0,-1,-1,-1,-1,-1,-1,-1,-1,-1,0,-1,-1,-1,-1,-1,-1,-1,-1,-1,-1,-1,-1,1,12,0,3,1,54,0,7,-5,-21
2,2,2,2,2,2,2,2,0,0,0,0,2,0,0,0,0,0,3,0,0,0,0,0,0,0,0,0,-1,0,0,0,0,0,0,0,0,0,0,0,0,0,0,0,0,2,2,2,2,2,2,2,2,0,-1,0,0,0,0,0,0,-1,-1,-1,0,0,-1,-1,-1,-1,-1,0,0,-1,-1,-1,0,0,-1,0,0,0,-1,0,0,0,0,-1,0,-1,0,-1,0,0,-1,-1,0,0,-1,0,-1,0,-1,0,-1,0,-1,0,0,-1,-1,-1,-1,0,-1,-1,-1,-1,0,-1,-1,-1,-1,-1,-1,-1,0,-1,-1,-1,-1,-1,0,-1,-1,-1,-1,-1,-1,-1,-1,-1,-1,-1,-1,-1,-1,-1,-1,-1,-1,-1,-1,-1,-1,-1,-1,-1,-1,-1,1,12,0,3,1,54,0,7,-5,-21
2,2,2,2,2,2,2,2,0,0,0,0,3,0,0,0,0,0,2,0,0,0,0,0,0,0,0,0,0,0,-1,0,0,0,0,0,0,0,0,0,0,0,0,0,0,2,2,2,2,2,2,2,2,0,-1,0,0,0,0,0,0,0,-1,0,0,0,0,0,0,-1,0,0,0,0,-1,0,0,0,-1,0,-1,-1,0,0,0,0,0,-1,-1,-1,-1,0,0,-1,-1,-1,-1,0,-1,0,-1,0,-1,-1,-1,-1,0,-1,0,-1,-1,0,-1,-1,-1,-1,-1,0,-1,-1,-1,-1,-1,-1,-1,-1,-1,-1,-1,-1,-1,-1,-1,-1,-1,-1,-1,-1,-1,-1,-1,-1,-1,-1,-1,-1,-1,-1,-1,-1,-1,-1,-1,-1,-1,-1,-1,-1,-1,-1,1,12,0,3,1,58,1,7,-5,-21
2,2,2,2,2,2,2,2,0,0,0,0,3,0,0,0,0,0,2,0,0,0,0,0,0,0,0,0,0,0,-1,0,0,0,0,0,0,0,0,0,0,0,0,0,0,2,2,2,2,2,2,2,2,0,0,0,0,0,0,0,-1,0,-1,-1,0,0,-1,-1,0,-1,-1,0,0,-1,-1,-1,0,0,-1,0,0,0,-1,0,0,0,0,-1,0,-1,0,-1,0,0,-1,-1,0,-1,-1,0,-1,0,-1,-1,-1,-1,-1,0,0,-1,-1,-1,-1,0,-1,-1,-1,-1,0,-1,-1,-1,-1,-1,-1,-1,-1,-1,-1,-1,-1,-1,-1,-1,-1,0,0,-1,-1,0,-1,-1,-1,-1,-1,-1,-1,-1,-1,-1,-1,-1,-1,-1,-1,-1,-1,-1,-1,-1,1,12,0,3,1,60,0,7,-5,-21
2,2,2,2,2,2,2,2,0,0,0,0,3,0,0,0,0,0,2,0,0,0,0,0,0,0,0,0,0,0,-1,0,0,0,0,0,0,0,0,0,0,0,0,0,0,2,2,2,2,2,2,2,2,0,-1,0,0,0,0,0,0,0,-1,0,0,0,0,-1,-1,-1,0,0,0,0,-1,0,0,0,-1,-1,0,0,-1,0,-1,0,-1,-1,-1,-1,-1,0,0,-1,0,0,-1,-1,-1,-1,-1,-1,0,-1,-1,0,0,-1,-1,-1,-1,-1,0,-1,-1,-1,-1,0,-1,-1,0,-1,-1,0,0,-1,0,-1,-1,-1,-1,-1,-1,-1,-1,-1,-1,-1,-1,-1,-1,-1,-1,-1,-1,-1,-1,-1,-1,-1,-1,-1,-1,-1,-1,-1,-1,-1,-1,-1,1,12,0,3,1,58,0,7,-5,-21
2,2,2,2,2,2,2,2,0,0,0,0,2,0,0,0,0,0,3,0,0,0,0,0,0,0,0,0,0,0,0,0,0,0,0,0,0,0,0,0,0,0,0,-1,0,2,2,2,2,2,2,2,2,0,-1,0,0,0,0,-1,0,0,-1,0,0,0,-1,-1,0,-1,0,-1,0,-1,-1,0,0,-1,0,0,0,-1,0,0,0,-1,0,0,-1,-1,-1,0,-1,-1,0,0,0,-1,0,-1,-1,-1,-1,-1,-1,-1,0,-1,0,-1,-1,-1,0,-1,0,-1,0,-1,-1,-1,-1,-1,-1,-1,0,-1,-1,-1,0,-1,-1,-1,-1,0,-1,-1,-1,-1,-1,-1,-1,-1,-1,-1,-1,-1,-1,-1,-1,-1,-1,-1,-1,-1,-1,-1,-1,-1,-1,-1,1,12,1,3,1,56,1,7,-5,-21
2,2,2,2,2,2,2,2,0,0,0,0,2,0,0,0,0,0,3,0,0,0,0,0,0,0,0,0,0,0,-1,0,0,0,0,0,0,0,0,0,0,0,0,0,0,2,2,2,2,2,2,2,2,-1,-1,-1,0,-1,0,0,0,0,-1,0,0,0,0,0,0,-1,0,0,0,0,-1,0,0,0,-1,0,-1,0,-1,0,0,0,0,-1,0,-1,0,-1,-1,0,0,-1,0,-1,-1,0,-1,0,-1,-1,-1,-1,-1,0,0,0,-1,-1,-1,0,-1,-1,-1,-1,0,-1,-1,-1,-1,-1,-1,-1,-1,-1,-1,-1,-1,-1,-1,-1,-1,-1,-1,-1,-1,-1,-1,-1,-1,-1,-1,-1,-1,-1,-1,-1,-1,-1,-1,-1,-1,-1,-1,-1,-1,-1,1,12,0,3,1,56,0,7,-5,-21
2,2,2,2,2,2,2,2,0,0,0,0,3,0,0,0,0,0,2,0,0,0,0,0,0,0,0,0,0,0,-1,0,0,0,0,0,0,0,0,0,0,0,0,0,0,2,2,2,2,2,2,2,2,0,-1,0,-1,0,-1,-1,0,0,-1,0,0,0,-1,-1,0,-1,0,-1,0,-1,-1,0,0,0,0,0,0,0,-1,0,0,0,-1,-1,0,0,0,-1,0,0,0,0,-1,-1,-1,0,-1,0,-1,0,-1,-1,-1,-1,-1,-1,-1,0,-1,0,-1,-1,-1,-1,-1,0,-1,-1,-1,-1,0,-1,0,-1,-1,-1,-1,-1,-1,-1,-1,-1,-1,-1,-1,-1,-1,-1,-1,-1,-1,-1,-1,-1,-1,-1,-1,-1,-1,-1,-1,-1,-1,-1,-1,-1,1,12,0,3,1,57,0,7,-5,-21
2,2,2,2,2,2,2,2,0,0,0,0,2,0,0,0,0,0,3,0,0,0,0,0,0,0,0,0,0,0,0,0,0,0,0,0,0,0,0,0,0,0,0,-1,0,2,2,2,2,2,2,2,2,0,-1,0,0,0,0,-1,0,0,-1,0,0,0,-1,-1,0,-1,0,-1,0,-1,-1,0,0,0,0,0,0,0,-1,0,0,0,-1,0,0,-1,0,-1,0,0,0,0,0,-1,0,0,-1,0,-1,-1,-1,-1,-1,0,0,-1,-1,-1,-1,-1,-1,-1,-1,-1,-1,-1,-1,-1,-1,-1,-1,-1,-1,-1,-1,-1,-1,-1,-1,-1,-1,-1,-1,-1,-1,-1,-1,-1,-1,-1,-1,-1,-1,-1,-1,-1,-1,-1,-1,-1,-1,-1,-1,-1,-1,-1,1,12,0,3,1,57,1,7,-5,-21
2,2,2,2,2,2,2,2,0,0,0,0,2,0,0,0,0,0,3,0,0,0,0,0,0,0,0,0,0,0,0,0,0,0,0,0,0,0,0,0,0,0,0,-1,0,2,2,2,2,2,2,2,2,0,-1,0,0,0,0,-1,0,0,-1,0,0,0,-1,-1,0,-1,0,-1,0,-1,-1,0,0,0,0,0,0,0,-1,0,-1,0,-1,-1,0,-1,0,-1,0,0,0,0,0,-1,0,0,-1,0,-1,0,-1,0,-1,-1,-1,-1,-1,0,-1,-1,-1,-1,-1,-1,-1,0,-1,-1,-1,-1,-1,-1,-1,-1,-1,-1,-1,-1,-1,-1,-1,-1,-1,-1,-1,-1,-1,-1,-1,-1,-1,-1,-1,-1,-1,-1,-1,-1,-1,-1,-1,-1,-1,-1,-1,-1,1,12,0,3,1,59,0,7,-5,-21
2,2,2,2,2,2,2,2,0,0,0,0,2,0,0,0,0,0,3,0,0,0,0,0,0,0,0,0,0,0,0,0,0,0,0,0,0,0,0,0,0,0,0,-1,0,2,2,2,2,2,2,2,2,0,-1,0,0,0,0,0,-1,0,-1,-1,0,0,-1,-1,0,-1,-1,0,0,-1,-1,-1,0,0,-1,0,0,0,-1,0,0,0,0,-1,0,-1,0,-1,0,0,-1,-1,0,-1,-1,0,-1,0,-1,-1,-1,-1,-1,0,0,-1,-1,-1,-1,0,-1,-1,-1,0,0,-1,-1,-1,-1,-1,-1,-1,-1,-1,-1,-1,-1,-1,0,-1,-1,-1,0,-1,-1,0,-1,-1,-1,-1,-1,-1,-1,-1,-1,-1,-1,-1,-1,-1,-1,-1,-1,-1,-1,-1,1,12,0,3,1,55,1,7,-5,-21
2,2,2,2,2,2,2,2,0,0,0,0,2,0,0,0,0,0,3,0,0,0,0,0,0,0,0,0,-1,0,0,0,0,0,0,0,0,0,0,0,0,0,0,0,0,2,2,2,2,2,2,2,2,0,-1,0,0,0,0,0,0,0,-1,-1,0,0,-1,-1,0,-1,-1,0,0,-1,-1,-1,0,0,-1,0,0,0,-1,0,0,0,0,-1,0,-1,0,-1,0,0,-1,-1,0,-1,-1,0,-1,0,-1,-1,-1,-1,-1,0,0,-1,-1,-1,-1,0,-1,-1,-1,-1,0,-1,-1,-1,-1,-1,-1,-1,-1,-1,-1,-1,-1,0,0,-1,-1,-1,0,-1,-1,-1,-1,-1,-1,-1,-1,-1,-1,-1,-1,-1,-1,-1,-1,-1,-1,-1,-1,-1,-1,-1,1,12,0,3,1,54,0,7,-5,-21
2,2,2,2,2,2,2,2,0,0,0,0,3,0,0,0,0,0,2,0,0,0,0,0,0,0,0,0,0,0,-1,0,0,0,0,0,0,0,0,0,0,0,0,0,0,2,2,2,2,2,2,2,2,0,-1,0,0,0,0,0,-1,-1,-1,-1,0,0,0,-1,-1,-1,-1,0,0,-1,-1,-1,0,0,-1,0,0,0,-1,0,0,0,0,-1,0,-1,0,-1,0,0,-1,-1,0,0,-1,0,-1,0,-1,-1,-1,-1,-1,0,0,-1,-1,-1,-1,0,-1,-1,-1,-1,0,-1,-1,-1,-1,-1,-1,-1,-1,-1,-1,-1,-1,-1,0,-1,-1,-1,-1,-1,-1,0,-1,-1,-1,-1,-1,-1,-1,0,-1,-1,-1,0,-1,-1,-1,-1,-1,-1,-1,-1,1,12,0,3,1,54,0,7,-5,-21
2,2,2,2,2,2,2,2,0,0,0,0,3,0,0,0,0,0,2,0,0,0,0,0,0,0,0,0,0,0,0,0,-1,0,0,0,0,0,0,0,0,0,0,0,0,2,2,2,2,2,2,2,2,0,-1,0,0,-1,0,0,0,0,-1,-1,0,0,-1,0,-1,0,-1,0,0,0,0,0,0,0,-1,0,-1,-1,0,0,0,-1,0,-1,-1,-1,-1,-1,-1,0,0,-1,-1,-1,0,-1,-1,0,-1,0,-1,-1,0,-1,-1,0,0,-1,-1,-1,-1,-1,-1,-1,-1,-1,0,-1,-1,0,-1,-1,0,-1,-1,0,-1,-1,-1,-1,-1,-1,-1,-1,-1,-1,-1,-1,-1,-1,-1,-1,-1,-1,0,-1,-1,-1,-1,-1,-1,-1,-1,-1,-1,-1,1,12,0,3,1,56,0,7,-5,-21
2,2,2,2,2,2,2,2,0,0,0,0,2,0,0,0,0,0,3,0,0,0,0,0,0,0,0,0,0,0,-1,0,0,0,0,0,0,0,0,0,0,0,0,0,0,2,2,2,2,2,2,2,2,0,-1,0,0,0,0,0,0,0,-1,0,0,0,-1,-1,0,-1,0,-1,0,-1,-1,0,0,-1,0,0,0,-1,0,0,0,-1,0,-1,-1,-1,-1,0,-1,-1,0,0,0,-1,0,-1,-1,-1,-1,-1,-1,-1,0,-1,0,-1,-1,-1,0,-1,0,-1,0,-1,-1,-1,-1,-1,-1,-1,0,-1,-1,-1,0,-1,-1,-1,-1,0,-1,-1,-1,-1,-1,-1,-1,-1,-1,-1,-1,-1,-1,-1,-1,-1,-1,-1,-1,-1,-1,-1,-1,-1,-1,-1,1,12,1,3,1,54,1,7,-5,-21
2,2,2,2,2,2,2,2,0,0,0,0,3,0,0,0,0,0,2,0,0,0,0,0,0,0,0,0,0,0,-1,0,0,0,0,0,0,0,0,0,0,0,0,0,0,2,2,2,2,2,2,2,2,0,-1,0,0,0,0,0,0,-1,-1,0,0,0,-1,0,0,-1,0,-1,-1,0,-1,0,0,0,0,0,0,-1,0,0,0,-1,0,-1,-1,-1,-1,-1,0,-1,-1,0,0,-1,0,-1,-1,0,0,-1,-1,-1,-1,-1,0,-1,-1,0,-1,-1,0,-1,0,-1,0,-1,-1,-1,-1,-1,-1,-1,-1,-1,-1,-1,-1,0,-1,-1,-1,-1,-1,-1,-1,-1,-1,-1,-1,-1,-1,-1,-1,-1,-1,-1,-1,-1,-1,-1,-1,-1,-1,-1,-1,-1,1,12,1,3,1,59,0,7,-5,-21
2,2,2,2,2,2,2,2,0,0,0,0,2,0,0,0,0,0,3,0,0,0,0,0,0,0,0,0,-1,0,0,0,0,0,0,0,0,0,0,0,0,0,0,0,0,2,2,2,2,2,2,2,2,0,-1,0,0,0,0,0,0,0,-1,-1,0,0,0,0,0,-1,0,-1,-1,0,0,0,-1,0,0,0,0,-1,-1,0,0,-1,-1,-1,-1,0,-1,0,-1,0,0,-1,-1,-1,0,-1,-1,0,0,-1,-1,-1,0,-1,-1,0,0,-1,-1,-1,-1,-1,-1,-1,-1,-1,0,-1,-1,0,-1,-1,-1,-1,-1,-1,-1,-1,-1,-1,-1,-1,-1,-1,-1,-1,-1,-1,-1,-1,-1,-1,-1,-1,-1,-1,-1,-1,-1,-1,-1,-1,-1,0,-1,-1,1,12,1,3,1,54,0,7,-5,-21
2,2,2,2,2,2,2,2,0,0,0,0,2,0,0,0,0,0,-1,3,0,0,0,0,0,0,0,0,0,0,0,0,0,0,0,0,0,0,0,0,0,0,0,0,0,2,2,2,2,2,2,2,2,0,-1,0,0,0,0,0,0,0,-1,-1,0,0,-1,-1,0,-1,-1,0,0,-1,-1,0,0,0,-1,0,0,0,-1,0,0,0,0,-1,0,-1,0,-1,0,0,-1,-1,0,-1,-1,0,-1,0,-1,-1,-1,-1,-1,0,0,-1,0,0,-1,0,-1,-1,0,-1,-1,-1,-1,-1,-1,-1,-1,-1,-1,-1,-1,-1,-1,-1,-1,-1,-1,-1,-1,-1,-1,-1,-1,-1,-1,-1,-1,-1,-1,-1,-1,-1,-1,-1,-1,-1,-1,-1,-1,-1,-1,-1,1,12,1,3,1,54,1,7,-5,-21
2,2,2,2,2,2,2,2,0,0,0,0,2,0,0,0,0,0,3,0,0,0,0,0,0,0,0,0,-1,0,0,0,0,0,0,0,0,0,0,0,0,0,0,0,0,2,2,2,2,2,2,2,2,0,-1,0,0,0,0,0,0,0,-1,-1,0,0,-1,-1,0,-1,-1,0,0,-1,-1,0,0,0,-1,0,0,0,-1,0,0,0,-1,0,0,-1,0,-1,0,0,0,0,0,-1,-1,0,-1,0,-1,0,-1,0,-1,-1,-1,-1,-1,0,-1,-1,-1,-1,-1,-1,-1,-1,-1,-1,-1,-1,-1,-1,-1,-1,-1,-1,-1,-1,-1,-1,-1,-1,-1,-1,-1,-1,-1,-1,-1,-1,-1,-1,-1,-1,-1,-1,-1,-1,-1,-1,-1,-1,-1,-1,-1,0,1,12,0,3,1,54,1,7,-5,-21
2,2,2,2,2,2,2,2,0,0,0,0,2,0,0,0,0,0,3,0,0,0,0,0,0,0,0,0,-1,0,0,0,0,0,0,0,0,0,0,0,0,0,0,0,0,2,2,2,2,2,2,2,2,0,-1,0,0,0,0,0,0,-1,-1,0,0,0,0,0,0,-1,-1,0,0,0,-1,0,-1,-1,-1,0,-1,-1,-1,0,0,0,0,-1,-1,-1,-1,0,0,0,-1,-1,-1,-1,-1,0,-1,0,-1,-1,-1,-1,0,-1,-1,0,0,-1,-1,-1,-1,-1,-1,-1,-1,-1,0,-1,0,0,-1,-1,0,-1,-1,0,-1,-1,0,-1,-1,-1,-1,-1,-1,-1,-1,-1,-1,-1,-1,-1,-1,-1,-1,-1,-1,-1,-1,-1,-1,-1,-1,-1,-1,-1,1,12,0,3,1,54,1,7,-5,-21
2,2,2,2,2,2,2,2,0,0,0,0,2,0,0,0,0,0,-1,3,0,0,0,0,0,0,0,0,0,0,0,0,0,0,0,0,0,0,0,0,0,0,0,0,0,2,2,2,2,2,2,2,2,0,-1,0,0,-1,0,0,0,0,-1,0,0,0,0,0,0,-1,0,0,0,0,-1,0,0,0,-1,0,0,-1,0,0,0,0,0,-1,-1,-1,-1,0,0,0,-1,-1,-1,-1,-1,0,-1,0,-1,-1,-1,-1,-1,-1,0,-1,-1,0,-1,0,-1,-1,-1,0,-1,-1,-1,-1,-1,-1,-1,-1,-1,-1,-1,-1,-1,-1,-1,-1,-1,-1,-1,-1,-1,-1,-1,-1,-1,-1,-1,-1,-1,-1,-1,-1,-1,-1,-1,-1,-1,-1,-1,-1,-1,-1,1,12,0,3,1,55,0,7,-5,-21
2,2,2,2,2,2,2,2,0,0,0,0,2,0,0,0,0,0,3,0,0,0,0,0,0,0,0,0,-1,0,0,0,0,0,0,0,0,0,0,0,0,0,0,0,0,2,2,2,2,2,2,2,2,0,-1,0,0,0,0,0,0,0,-1,-1,0,0,0,-1,0,-1,-1,0,0,-1,-1,0,0,0,-1,0,0,0,-1,0,0,0,-1,-1,0,-1,0,-1,0,0,-1,-1,0,-1,-1,0,-1,0,-1,-1,-1,-1,-1,0,0,-1,-1,-1,-1,0,-1,-1,-1,-1,0,-1,-1,-1,-1,-1,-1,-1,-1,-1,-1,-1,-1,0,0,-1,-1,-1,-1,-1,-1,-1,-1,-1,-1,-1,-1,-1,-1,-1,-1,-1,-1,-1,-1,-1,-1,-1,-1,-1,-1,-1,1,12,1,3,1,58,0,7,-5,-21
2,2,2,2,2,2,2,2,0,0,0,0,2,0,0,0,0,0,3,0,0,0,0,0,0,0,0,0,0,0,0,0,0,0,0,0,0,0,0,0,0,0,0,-1,0,2,2,2,2,2,2,2,2,0,-1,0,0,0,0,-1,0,0,-1,0,0,0,-1,-1,0,-1,-1,-1,0,-1,-1,0,0,0,0,0,0,-1,-1,0,0,0,0,-1,0,-1,0,-1,0,0,0,0,0,-1,0,-1,-1,-1,-1,0,-1,0,-1,-1,-1,-1,-1,0,-1,-1,-1,-1,-1,0,-1,-1,-1,-1,-1,-1,0,-1,-1,-1,-1,-1,-1,-1,-1,-1,-1,-1,-1,-1,-1,0,-1,-1,-1,-1,-1,-1,-1,-1,-1,-1,-1,-1,-1,-1,-1,-1,-1,-1,-1,-1,1,12,1,3,1,59,1,7,-5,-21
2,2,2,2,2,2,2,2,0,0,0,0,2,0,0,0,0,0,3,0,0,0,0,0,0,0,0,0,-1,0,0,0,0,0,0,0,0,0,0,0,0,0,0,0,0,2,2,2,2,2,2,2,2,-1,-1,0,0,0,0,0,0,-1,-1,0,0,0,0,0,0,-1,-1,0,0,0,-1,0,0,0,-1,0,-1,-1,0,0,0,0,0,-1,-1,-1,-1,0,0,0,-1,-1,-1,-1,-1,0,-1,0,-1,-1,-1,-1,0,-1,0,-1,0,0,-1,0,-1,-1,-1,0,-1,-1,-1,-1,-1,-1,-1,-1,-1,0,-1,-1,-1,-1,-1,-1,-1,-1,-1,-1,-1,-1,-1,-1,-1,-1,-1,-1,-1,-1,-1,-1,-1,-1,-1,-1,-1,-1,-1,-1,-1,-1,1,12,0,3,1,58,1,7,-5,-21
2,2,2,2,2,2,2,2,0,0,0,0,3,0,0,0,0,0,2,0,0,0,0,0,0,0,0,0,0,0,-1,0,0,0,0,0,0,0,0,0,0,0,0,0,0,2,2,2,2,2,2,2,2,0,-1,0,0,0,0,0,-1,0,-1,-1,0,0,-1,-1,0,-1,-1,0,0,-1,-1,-1,0,0,-1,0,0,0,-1,0,0,0,0,-1,0,-1,0,-1,0,-1,-1,-1,0,-1,-1,0,-1,0,0,-1,-1,-1,-1,0,0,-1,-1,-1,-1,0,-1,-1,-1,-1,0,-1,-1,-1,-1,-1,-1,-1,-1,-1,-1,-1,-1,0,0,-1,-1,-1,-1,0,-1,0,-1,-1,-1,-1,-1,-1,-1,-1,-1,-1,-1,-1,-1,-1,-1,-1,-1,-1,-1,-1,1,12,0,3,1,61,0,7,-5,-21
2,2,2,2,2,2,2,2,0,0,0,0,3,0,0,0,0,0,2,0,0,0,0,0,0,0,0,0,0,0,-1,0,0,0,0,0,0,0,0,0,0,0,0,0,0,2,2,2,2,2,2,2,2,0,-1,-1,0,0,0,0,-1,0,-1,-1,0,2,-1,-1,0,-1,-1,0,0,-1,-1,-1,0,0,-1,0,0,0,-1,0,0,0,0,-1,0,-1,0,-1,0,0,-1,-1,0,-1,-1,0,-1,0,-1,-1,-1,-1,-1,0,0,-1,-1,-1,-1,0,-1,-1,-1,-1,0,-1,-1,-1,-1,-1,-1,-1,-1,-1,-1,-1,-1,-1,0,-1,-1,-1,0,-1,-1,0,-1,-1,-1,-1,-1,0,-1,0,-1,-1,-1,-1,-1,-1,-1,-1,-1,-1,-1,-1,1,12,0,3,1,59,0,7,-5,-21
2,2,2,2,2,2,2,2,0,0,0,0,2,0,0,0,0,0,-1,3,0,0,0,0,0,0,0,0,0,0,0,0,0,0,0,0,0,0,0,0,0,0,0,0,0,2,2,2,2,2,2,2,2,0,-1,0,-1,-1,0,0,0,0,-1,-1,0,0,-1,0,0,0,-1,0,0,0,0,0,0,0,-1,0,-1,-1,0,0,0,-1,-1,-1,-1,-1,-1,-1,-1,0,0,-1,-1,-1,0,-1,0,-1,-1,0,-1,0,-1,-1,0,0,0,0,-1,-1,-1,-1,0,0,-1,-1,0,-1,-1,-1,-1,-1,-1,-1,-1,-1,-1,-1,-1,-1,-1,-1,-1,-1,-1,-1,-1,-1,-1,-1,-1,-1,-1,-1,-1,-1,-1,0,-1,-1,-1,-1,-1,-1,-1,-1,1,12,1,3,1,54,0,7,-5,-21
2,2,2,2,2,2,2,2,0,0,0,0,3,0,0,0,0,0,2,0,0,0,0,0,0,0,0,0,0,0,-1,0,0,0,0,0,0,0,0,0,0,0,0,0,0,2,2,2,2,2,2,2,2,0,-1,0,0,0,0,0,-1,0,-1,-1,0,0,-1,-1,-1,-1,-1,0,0,-1,-1,-1,0,0,-1,0,0,0,-1,0,0,0,0,-1,0,-1,0,-1,0,-1,-1,-1,0,0,-1,0,-1,0,-1,-1,-1,-1,-1,0,0,-1,-1,-1,-1,0,-1,-1,-1,-1,0,-1,-1,-1,-1,-1,0,-1,0,-1,-1,-1,-1,-1,0,-1,0,-1,-1,0,-1,-1,-1,-1,-1,-1,-1,-1,-1,-1,-1,-1,-1,-1,-1,-1,-1,-1,-1,-1,-1,-1,1,12,0,3,1,61,0,7,-5,-21
2,2,2,2,2,2,2,2,0,0,0,0,3,0,0,0,0,0,2,0,0,0,0,0,0,0,0,0,0,0,0,0,-1,0,0,0,0,0,0,0,0,0,0,0,0,2,2,2,2,2,2,2,2,0,0,0,0,0,0,0,0,-1,-1,0,0,0,0,0,0,-1,-1,0,0,0,-1,0,0,0,-1,0,-1,-1,0,0,0,0,0,-1,-1,-1,-1,0,0,0,-1,0,0,-1,-1,0,-1,-1,-1,-1,-1,-1,-1,-1,0,-1,-1,0,-1,0,-1,-1,-1,0,-1,-1,-1,-1,-1,-1,-1,-1,-1,-1,-1,-1,-1,-1,-1,-1,-1,-1,-1,-1,-1,-1,-1,-1,-1,-1,-1,-1,-1,-1,-1,-1,-1,-1,-1,-1,-1,-1,-1,-1,-1,-1,1,12,0,3,1,61,1,7,-5,-21
2,2,2,2,2,2,2,2,0,0,0,0,3,0,0,0,0,0,2,0,0,0,0,0,0,0,0,0,0,0,-1,0,0,0,0,0,0,0,0,0,0,0,0,0,0,2,2,2,2,2,2,2,2,0,-1,0,0,0,0,0,0,0,-1,-1,0,0,0,0,0,-1,0,0,0,0,-1,0,0,-1,-1,0,-1,-1,0,0,0,0,0,-1,-1,-1,-1,-1,0,0,-1,-1,-1,-1,-1,0,-1,0,-1,-1,-1,-1,-1,-1,0,-1,0,0,-1,0,-1,-1,-1,-1,0,-1,0,-1,-1,-1,-1,-1,-1,-1,-1,-1,-1,-1,-1,-1,-1,-1,-1,0,-1,-1,-1,-1,-1,-1,-1,-1,-1,-1,-1,-1,-1,-1,-1,-1,-1,-1,-1,-1,-1,-1,1,12,1,3,1,54,0,7,-5,-21
2,2,2,2,2,2,2,2,0,0,0,0,2,0,0,0,0,0,-1,3,0,0,0,0,0,0,0,0,0,0,0,0,0,0,0,0,0,0,0,0,0,0,0,0,0,2,2,2,2,2,2,2,2,0,-1,0,-1,0,0,-1,-1,0,-1,0,-1,0,-1,-1,0,0,0,-1,0,0,-1,0,0,0,0,0,0,-1,-1,0,0,0,-1,-1,0,-1,0,-1,0,0,0,0,0,-1,-1,0,-1,0,-1,0,-1,0,-1,-1,-1,-1,-1,0,-1,0,-1,-1,-1,-1,-1,-1,-1,-1,-1,-1,-1,-1,-1,-1,-1,-1,0,-1,-1,-1,-1,-1,-1,-1,-1,-1,0,-1,-1,-1,-1,-1,-1,-1,-1,-1,-1,-1,-1,-1,-1,-1,-1,-1,-1,-1,1,12,1,3,1,54,0,7,-5,-21
2,2,2,2,2,2,2,2,0,0,0,0,3,0,0,0,0,0,2,0,0,0,0,0,0,0,0,0,0,0,0,0,-1,0,0,0,0,0,0,0,0,0,0,0,0,2,2,2,2,2,2,2,2,0,-1,0,0,-1,0,0,0,0,-1,-1,0,0,-1,0,0,0,-1,0,0,0,0,0,0,-1,0,0,0,0,0,-1,-1,0,0,-1,0,-1,-1,0,-1,0,-1,0,-1,-1,-1,-1,0,0,0,-1,0,-1,-1,-1,-1,-1,-1,-1,-1,-1,-1,-1,-1,-1,-1,-1,-1,-1,-1,-1,0,0,-1,-1,-1,-1,-1,-1,-1,-1,-1,-1,-1,-1,-1,-1,-1,-1,-1,-1,-1,-1,-1,-1,-1,-1,-1,-1,-1,-1,0,-1,-1,-1,-1,-1,1,12,1,3,1,58,1,7,-5,-21
2,2,2,2,2,2,2,2,0,0,0,0,3,0,0,0,0,0,2,0,0,0,0,0,0,0,0,0,0,0,-1,0,0,0,0,0,0,0,0,0,0,0,0,0,0,2,2,2,2,2,2,2,2,0,-1,0,0,0,0,0,0,0,0,0,0,0,0,0,-1,-1,0,0,0,0,-1,-1,0,0,-1,0,0,0,-1,0,0,0,0,-1,0,-1,0,-1,0,0,-1,-1,0,-1,-1,0,-1,0,-1,-1,0,-1,-1,0,-1,-1,-1,-1,-1,-1,-1,-1,-1,-1,-1,-1,-1,-1,-1,-1,-1,-1,-1,-1,-1,-1,-1,-1,-1,-1,-1,-1,-1,-1,-1,-1,-1,-1,-1,-1,-1,-1,-1,-1,-1,-1,-1,-1,-1,-1,-1,-1,-1,-1,-1,-1,1,12,0,3,1,54,0,7,-5,-21
2,2,2,2,2,2,2,2,0,0,0,0,2,0,0,0,0,0,-1,3,0,0,0,0,0,0,0,0,0,0,0,0,0,0,0,0,0,0,0,0,0,0,0,0,0,2,2,2,2,2,2,2,2,-1,-1,0,0,-1,0,0,0,-1,-1,0,0,0,0,0,0,-1,0,0,0,0,-1,0,0,0,-1,0,-1,-1,0,0,0,0,0,-1,-1,-1,-1,0,0,0,-1,-1,-1,-1,-1,0,0,0,-1,-1,-1,-1,-1,-1,0,-1,-1,0,-1,0,-1,-1,-1,0,-1,-1,-1,-1,-1,-1,0,-1,-1,-1,-1,-1,-1,-1,-1,-1,-1,-1,-1,-1,-1,-1,-1,0,-1,-1,-1,-1,-1,-1,-1,-1,-1,-1,-1,-1,-1,-1,-1,-1,-1,-1,1,12,0,3,1,59,0,7,-5,-21
2,2,2,2,2,2,2,2,0,0,0,0,2,0,0,0,0,0,-1,3,0,0,0,0,0,0,0,0,0,0,0,0,0,0,0,0,0,0,0,0,0,0,0,0,0,2,2,2,2,2,2,2,2,0,-1,0,0,-1,0,0,0,0,-1,0,0,0,0,0,0,-1,0,0,0,0,-1,0,0,0,-1,0,-1,-1,0,0,0,0,0,-1,-1,-1,-1,0,0,0,-1,-1,-1,-1,-1,0,-1,0,-1,-1,-1,-1,-1,-1,0,-1,-1,0,-1,0,-1,-1,-1,-1,0,-1,-1,-1,-1,-1,-1,-1,-1,-1,-1,-1,-1,-1,0,-1,-1,-1,-1,-1,-1,-1,-1,-1,-1,-1,-1,-1,-1,-1,-1,-1,-1,-1,-1,-1,-1,-1,-1,-1,-1,-1,1,12,0,3,1,55,0,7,-5,-21
2,2,2,2,2,2,2,2,0,0,0,0,2,0,0,0,0,0,-1,3,0,0,0,0,0,0,0,0,0,0,0,0,0,0,0,0,0,0,0,0,0,0,0,0,0,2,2,2,2,2,2,2,2,0,-1,0,0,-1,0,0,0,0,-1,0,0,0,0,0,0,-1,0,0,0,0,-1,0,0,0,-1,0,-1,-1,0,0,0,0,0,-1,-1,-1,-1,0,0,0,-1,-1,-1,-1,-1,0,-1,0,-1,-1,-1,-1,-1,-1,0,-1,-1,0,-1,0,-1,-1,-1,0,-1,-1,-1,-1,-1,-1,-1,-1,-1,-1,-1,-1,-1,-1,0,-1,-1,-1,-1,-1,-1,-1,-1,-1,-1,-1,-1,-1,-1,-1,-1,-1,-1,-1,-1,-1,-1,-1,-1,-1,-1,-1,1,12,0,3,1,61,1,7,-5,-21
2,2,2,2,2,2,2,2,0,0,0,0,2,0,0,0,0,0,3,0,0,0,0,0,0,0,0,0,0,0,0,0,0,0,0,0,0,0,0,0,0,0,0,-1,0,2,2,2,2,2,2,2,2,0,-1,0,0,0,0,-1,0,0,-1,0,0,0,-1,-1,0,-1,0,-1,0,-1,-1,0,-1,0,0,0,-1,-1,0,0,-1,-1,0,-1,0,-1,-1,0,-1,0,-1,-1,-1,-1,-1,-1,0,-1,-1,-1,-1,0,-1,-1,0,0,0,0,-1,-1,0,0,0,0,0,-1,0,-1,-1,-1,0,-1,-1,-1,-1,-1,-1,-1,-1,-1,-1,-1,-1,-1,-1,-1,-1,-1,-1,-1,-1,-1,-1,-1,-1,-1,-1,-1,-1,-1,-1,-1,-1,-1,-1,-1,1,12,1,3,1,54,0,7,-5,-21
2,2,2,2,2,2,2,2,0,0,0,0,2,0,0,0,0,0,3,0,0,0,0,0,0,0,0,0,-1,0,0,0,0,0,0,0,0,0,0,0,0,0,0,0,0,2,2,2,2,2,2,2,2,0,-1,0,0,0,0,0,0,0,-1,-1,0,0,-1,-1,0,-1,-1,0,0,-1,-1,0,0,0,-1,0,-1,0,-1,0,0,-1,0,-1,0,-1,0,-1,-1,0,-1,-1,0,-1,-1,0,-1,0,-1,-1,-1,-1,-1,0,0,0,-1,-1,-1,0,-1,-1,-1,-1,0,-1,-1,-1,-1,-1,-1,-1,-1,-1,-1,-1,-1,-1,0,-1,-1,-1,-1,-1,-1,0,-1,-1,-1,-1,-1,-1,-1,0,-1,-1,-1,0,-1,-1,-1,-1,-1,-1,-1,-1,1,12,0,3,1,54,0,7,-5,-21
2,2,2,2,2,2,2,2,0,0,0,0,3,0,0,0,0,0,2,0,0,0,0,0,0,0,0,0,0,0,-1,0,0,0,0,0,0,0,0,0,0,0,0,0,0,2,2,2,2,2,2,2,2,0,-1,0,0,0,0,-1,0,0,-1,0,0,0,-1,-1,0,-1,0,0,0,-1,-1,-1,0,0,-1,0,0,0,-1,0,0,0,0,-1,0,-1,0,-1,0,0,-1,-1,0,0,-1,0,-1,0,-1,-1,-1,-1,-1,0,0,-1,-1,-1,-1,0,-1,-1,-1,-1,0,-1,-1,-1,-1,-1,-1,-1,-1,-1,-1,-1,-1,-1,0,-1,-1,-1,-1,-1,-1,-1,-1,-1,-1,-1,-1,-1,-1,-1,-1,-1,-1,-1,-1,-1,-1,-1,-1,-1,-1,-1,1,12,0,3,1,54,0,7,-5,-21
2,2,2,2,2,2,2,2,0,0,0,0,2,0,0,0,0,0,-1,3,0,0,0,0,0,0,0,0,0,0,0,0,0,0,0,0,0,0,0,0,0,0,0,0,0,2,2,2,2,2,2,2,2,0,-1,0,0,0,0,0,0,0,-1,0,0,0,0,-1,-1,0,0,0,-1,0,0,0,0,0,0,0,0,0,0,-1,-1,0,0,-1,-1,-1,-1,0,-1,0,-1,0,-1,-1,-1,-1,0,0,0,-1,0,-1,-1,-1,-1,-1,-1,-1,-1,-1,-1,-1,-1,-1,-1,-1,-1,-1,-1,-1,0,0,-1,-1,-1,-1,-1,-1,-1,-1,-1,-1,-1,-1,-1,-1,-1,-1,-1,-1,-1,-1,-1,-1,-1,-1,-1,-1,-1,-1,-1,-1,-1,-1,-1,-1,1,12,0,3,1,60,1,7,-5,-21
2,2,2,2,2,2,2,2,0,0,0,0,3,0,0,0,0,0,2,0,0,0,0,0,0,0,0,0,0,0,-1,0,0,0,0,0,0,0,0,0,0,0,0,0,0,2,2,2,2,2,2,2,2,0,-1,0,0,0,0,0,-1,0,-1,-1,0,0,-1,-1,-1,-1,-1,0,0,-1,-1,-1,0,0,-1,0,0,0,-1,0,0,0,0,-1,0,-1,0,-1,0,0,0,-1,0,0,-1,0,-1,0,-1,-1,-1,-1,-1,0,0,-1,-1,-1,-1,0,-1,-1,-1,-1,0,-1,-1,-1,-1,-1,-1,-1,-1,-1,-1,-1,-1,-1,0,-1,-1,-1,-1,-1,-1,0,-1,-1,-1,-1,-1,-1,-1,0,-1,-1,-1,-1,-1,-1,-1,-1,-1,-1,-1,-1,1,12,0,3,1,54,1,7,-5,-21
2,2,2,2,2,2,2,2,0,0,0,0,2,0,0,0,0,0,-1,3,0,0,0,0,0,0,0,0,0,0,0,0,0,0,0,0,0,0,0,0,0,0,0,0,0,2,2,2,2,2,2,2,2,0,-1,0,0,-1,0,0,0,0,-1,-1,0,0,-1,-1,0,-1,-1,0,0,-1,-1,0,0,0,-1,0,0,0,-1,0,0,0,0,-1,0,-1,0,-1,0,0,-1,-1,0,-1,-1,0,-1,0,-1,-1,-1,-1,-1,0,0,-1,0,0,-1,0,-1,-1,-1,0,-1,-1,-1,-1,-1,-1,-1,-1,-1,-1,-1,-1,-1,-1,-1,-1,-1,-1,-1,-1,-1,-1,-1,-1,-1,-1,-1,-1,-1,-1,-1,-1,-1,0,-1,-1,-1,-1,-1,-1,-1,-1,1,12,1,3,1,59,1,7,-5,-21
2,2,2,2,2,2,2,2,0,0,0,0,2,0,0,0,0,0,-1,3,0,0,0,0,0,0,0,0,0,0,0,0,0,0,0,0,0,0,0,0,0,0,0,0,0,2,2,2,2,2,2,2,2,0,-1,-1,0,0,0,0,0,0,-1,-1,-1,0,0,-1,0,-1,-1,0,0,-1,-1,0,0,0,-1,0,0,0,-1,0,0,0,0,-1,0,-1,-1,-1,0,0,-1,-1,-1,-1,-1,0,-1,0,0,0,-1,-1,0,-1,-1,-1,-1,-1,-1,0,-1,-1,0,-1,-1,-1,-1,0,-1,-1,0,-1,-1,0,-1,-1,-1,-1,-1,-1,-1,-1,0,-1,-1,-1,-1,-1,-1,-1,-1,-1,-1,-1,-1,-1,-1,-1,-1,-1,-1,-1,-1,-1,-1,-1,1,12,1,3,1,54,1,7,-5,-21
2,2,2,2,2,2,2,2,0,0,0,0,2,0,0,0,0,0,3,0,0,0,0,0,0,0,0,0,0,0,-1,0,0,0,0,0,0,0,0,0,0,0,0,0,0,2,2,2,2,2,2,2,2,0,-1,0,0,0,0,0,-1,0,-1,0,0,0,-1,-1,0,-1,-1,-1,0,-1,-1,0,0,0,0,0,0,-1,-1,0,0,0,0,-1,0,-1,0,-1,0,0,0,0,0,-1,0,-1,-1,-1,-1,0,-1,0,-1,-1,-1,-1,-1,0,-1,-1,-1,-1,-1,0,-1,-1,-1,-1,-1,-1,0,-1,-1,-1,-1,-1,-1,-1,-1,-1,0,-1,-1,-1,-1,-1,-1,-1,-1,-1,-1,-1,-1,-1,-1,-1,-1,-1,-1,-1,-1,-1,-1,-1,-1,-1,1,12,1,3,1,54,1,7,-5,-21
2,2,2,2,2,2,2,2,0,0,0,0,2,0,0,0,0,0,3,0,0,0,0,0,0,0,0,0,0,0,0,0,0,0,0,0,0,0,0,0,0,0,0,-1,0,2,2,2,2,2,2,2,2,0,0,0,0,0,0,0,0,0,-1,-1,0,0,0,0,0,-1,0,-1,-1,0,-1,0,-1,-1,0,-1,0,0,-1,0,0,0,0,-1,0,-1,0,-1,0,0,-1,-1,0,0,-1,0,-1,0,-1,-1,-1,-1,-1,0,0,-1,-1,-1,-1,0,-1,-1,-1,-1,0,-1,-1,-1,-1,-1,-1,-1,-1,-1,-1,-1,-1,-1,-1,-1,-1,-1,-1,-1,-1,-1,-1,-1,-1,-1,-1,-1,-1,-1,-1,-1,-1,-1,-1,-1,-1,-1,-1,-1,-1,-1,1,12,0,3,1,61,0,7,-5,-21
2,2,2,2,2,2,2,2,0,0,0,0,2,0,0,0,0,0,3,0,0,0,0,0,0,0,0,0,-1,0,0,0,0,0,0,0,0,0,0,0,0,0,0,0,0,2,2,2,2,2,2,2,2,0,-1,0,0,0,0,0,0,0,-1,-1,0,0,-1,-1,0,-1,-1,0,0,-1,-1,0,0,0,-1,-1,0,0,-1,0,0,0,0,-1,0,-1,0,-1,0,0,-1,-1,0,-1,-1,0,-1,0,0,-1,-1,-1,0,-1,-1,-1,0,-1,-1,-1,0,-1,0,-1,-1,-1,-1,-1,0,-1,-1,-1,-1,-1,-1,-1,-1,-1,-1,-1,-1,-1,-1,-1,-1,-1,-1,-1,-1,-1,-1,-1,-1,-1,-1,0,-1,-1,-1,-1,-1,-1,-1,-1,-1,-1,1,12,0,3,1,56,0,7,-5,-21
2,2,2,2,2,2,2,2,0,0,0,0,2,0,0,0,0,0,3,0,0,0,0,0,0,0,0,0,-1,0,0,0,0,0,0,0,0,0,0,0,0,0,0,0,0,2,2,2,2,2,2,2,2,0,-1,0,0,0,0,0,0,0,-1,0,0,0,-1,-1,0,-1,0,-1,-1,-1,-1,0,0,0,0,0,0,0,-1,0,0,0,-1,0,0,-1,0,-1,0,0,0,0,0,-1,0,0,-1,0,-1,0,-1,0,-1,-1,-1,-1,-1,-1,-1,-1,-1,-1,-1,-1,-1,-1,-1,-1,-1,-1,-1,-1,-1,-1,-1,-1,-1,-1,-1,-1,-1,-1,-1,-1,-1,-1,-1,-1,-1,-1,-1,-1,-1,-1,-1,-1,-1,-1,-1,-1,-1,-1,-1,-1,-1,-1,1,12,0,3,1,54,1,7,-5,-21
2,2,2,2,2,2,2,2,0,0,0,0,2,0,0,0,0,0,-1,3,0,0,0,0,0,0,0,0,0,0,0,0,0,0,0,0,0,0,0,0,0,0,0,0,0,2,2,2,2,2,2,2,2,0,-1,0,0,0,0,0,0,0,-1,0,0,0,0,0,0,-1,0,0,0,0,-1,0,-1,0,-1,0,-1,-1,0,0,0,0,0,-1,-1,-1,-1,0,0,-1,-1,-1,-1,-1,-1,0,-1,0,-1,-1,-1,-1,-1,-1,0,-1,-1,0,-1,0,-1,-1,-1,0,-1,-1,-1,-1,-1,-1,-1,-1,-1,-1,-1,-1,-1,-1,-1,-1,-1,-1,-1,-1,-1,-1,-1,-1,-1,-1,-1,-1,0,-1,-1,-1,-1,-1,-1,-1,-1,-1,-1,0,-1,-1,1,12,0,3,1,55,1,7,-5,-21
2,2,2,2,2,2,2,2,0,0,0,0,2,0,0,0,0,0,3,0,0,0,0,0,0,0,0,0,0,0,0,0,0,0,0,0,0,0,0,0,0,0,0,-1,0,2,2,2,2,2,2,2,2,0,-1,0,0,0,0,-1,0,0,-1,0,-1,0,-1,-1,0,-1,0,-1,0,-1,-1,-1,0,0,-1,0,0,0,-1,0,0,0,0,-1,0,-1,0,-1,0,0,-1,-1,0,0,-1,-1,0,-1,-1,-1,-1,0,-1,-1,0,0,0,0,-1,-1,-1,-1,0,0,-1,-1,-1,-1,-1,-1,-1,-1,-1,0,-1,-1,-1,-1,-1,-1,-1,-1,-1,-1,-1,-1,-1,-1,-1,-1,-1,-1,-1,-1,-1,-1,-1,-1,-1,-1,-1,-1,-1,-1,-1,-1,1,12,0,3,1,54,0,7,-5,-21
2,2,2,2,2,2,2,2,0,0,0,0,3,0,0,0,0,0,2,0,0,0,0,0,0,0,0,0,0,0,0,0,0,0,0,0,0,0,0,0,0,0,0,-1,0,2,2,2,2,2,2,2,2,0,-1,0,0,0,0,-1,0,0,-1,0,0,0,-1,0,0,-1,0,-1,0,-1,-1,0,0,0,0,0,0,-1,-1,0,0,0,0,-1,0,-1,0,-1,0,0,0,0,0,-1,0,0,-1,0,-1,0,-1,0,-1,-1,-1,-1,-1,-1,-1,-1,-1,-1,-1,-1,-1,-1,-1,-1,-1,-1,-1,-1,-1,-1,-1,-1,-1,-1,-1,-1,-1,-1,-1,-1,-1,-1,-1,-1,-1,-1,-1,-1,-1,-1,-1,-1,-1,-1,-1,-1,-1,-1,-1,-1,-1,-1,1,12,0,3,1,54,1,7,-5,-21
2,2,2,2,2,2,2,2,0,0,0,0,3,0,0,0,0,0,2,0,0,0,0,0,0,0,0,0,0,0,-1,0,0,0,0,0,0,0,0,0,0,0,0,0,0,2,2,2,2,2,2,2,2,0,0,0,0,0,0,0,0,-1,-1,-1,0,0,-1,0,-1,-1,0,-1,-1,0,-1,0,0,0,0,0,0,-1,0,0,0,-1,0,-1,-1,-1,-1,-1,0,-1,-1,0,0,-1,0,-1,-1,0,0,-1,-1,-1,-1,-1,0,-1,-1,0,-1,-1,0,-1,0,-1,0,-1,-1,-1,-1,-1,-1,-1,-1,-1,-1,0,-1,-1,-1,-1,-1,-1,-1,-1,-1,-1,-1,-1,-1,-1,-1,-1,-1,-1,0,-1,-1,-1,-1,-1,-1,-1,-1,-1,-1,-1,1,12,1,3,1,58,0,7,-5,-21
2,2,2,2,2,2,2,2,0,0,0,0,2,0,0,0,0,0,3,0,0,0,0,0,0,0,0,0,-1,0,0,0,0,0,0,0,0,0,0,0,0,0,0,0,0,2,2,2,2,2,2,2,2,0,-1,0,0,0,0,0,0,0,-1,0,0,0,-1,-1,0,-1,0,-1,0,0,-1,0,0,0,-1,0,0,0,-1,0,0,0,0,0,0,-1,0,-1,0,0,-1,-1,0,-1,-1,0,-1,0,-1,-1,-1,-1,0,-1,0,-1,-1,-1,-1,0,-1,-1,-1,-1,-1,-1,-1,-1,-1,-1,-1,-1,-1,-1,-1,-1,-1,-1,-1,-1,-1,-1,-1,-1,-1,-1,-1,-1,-1,-1,-1,-1,-1,-1,-1,-1,-1,-1,-1,-1,-1,-1,-1,-1,-1,-1,1,12,1,3,1,54,1,7,-5,-21
2,2,2,2,2,2,2,2,0,0,0,0,3,0,0,0,0,0,2,0,0,0,0,0,0,0,0,0,0,0,-1,0,0,0,0,0,0,0,0,0,0,0,0,0,0,2,2,2,2,2,2,2,2,0,-1,0,0,0,0,0,-1,0,-1,-1,0,0,-1,-1,0,-1,-1,0,0,-1,-1,-1,0,0,-1,0,0,0,-1,0,0,0,0,-1,0,-1,0,-1,0,0,-1,-1,0,-1,-1,0,-1,0,-1,-1,-1,-1,-1,0,0,-1,-1,-1,-1,0,-1,-1,-1,-1,0,-1,-1,-1,-1,-1,-1,-1,-1,-1,-1,-1,-1,-1,-1,-1,-1,0,0,-1,-1,0,-1,-1,-1,-1,-1,-1,-1,0,-1,-1,-1,-1,-1,-1,-1,-1,-1,-1,-1,-1,1,12,1,3,1,58,0,7,-5,-21
2,2,2,2,2,2,2,2,0,0,0,0,2,0,0,0,0,0,3,0,0,0,0,0,0,0,0,0,0,0,0,0,0,0,0,0,0,0,0,0,0,0,0,-1,0,2,2,2,2,2,2,2,2,0,-1,0,0,0,0,-1,0,0,-1,0,0,0,-1,-1,0,-1,-1,-1,0,-1,-1,0,0,0,0,0,0,-1,-1,0,0,0,0,-1,0,-1,0,-1,0,0,0,0,0,-1,0,0,-1,-1,-1,0,-1,0,-1,-1,-1,-1,-1,0,-1,-1,-1,-1,-1,0,-1,-1,-1,-1,-1,-1,0,-1,-1,-1,-1,-1,-1,-1,-1,-1,-1,-1,-1,-1,-1,-1,-1,-1,-1,-1,-1,-1,-1,-1,-1,-1,-1,-1,-1,-1,-1,-1,-1,-1,-1,-1,1,12,0,3,1,54,1,7,-5,-21
2,2,2,2,2,2,2,2,0,0,0,0,3,0,0,0,0,0,2,0,0,0,0,0,0,0,0,0,0,0,-1,0,0,0,0,0,0,0,0,0,0,0,0,0,0,2,2,2,2,2,2,2,2,0,-1,0,0,0,0,0,-1,0,-1,-1,0,0,0,-1,0,-1,-1,0,0,-1,-1,-1,0,0,-1,0,0,0,-1,0,0,0,0,-1,0,-1,0,-1,0,0,-1,-1,0,-1,-1,0,-1,0,-1,-1,-1,-1,-1,0,0,-1,-1,-1,-1,0,-1,-1,-1,-1,0,-1,-1,-1,-1,-1,-1,-1,-1,-1,-1,-1,-1,-1,0,0,-1,-1,-1,-1,-1,0,-1,-1,-1,-1,-1,-1,-1,-1,-1,-1,-1,-1,-1,-1,-1,-1,-1,-1,-1,-1,1,12,0,3,1,58,1,7,-5,-21
2,2,2,2,2,2,2,2,0,0,0,0,3,0,0,0,0,0,2,0,0,0,0,0,0,0,0,0,0,0,-1,0,0,0,0,0,0,0,0,0,0,0,0,0,0,2,2,2,2,2,2,2,2,0,-1,0,0,0,0,0,-1,-1,-1,-1,0,0,-1,-1,0,-1,-1,0,0,-1,-1,-1,0,0,-1,0,0,0,-1,0,0,0,0,-1,0,-1,0,-1,0,0,-1,-1,0,-1,0,0,-1,0,-1,-1,-1,-1,-1,0,0,-1,-1,-1,-1,0,-1,-1,-1,-1,0,-1,-1,-1,-1,-1,-1,-1,-1,-1,-1,-1,-1,0,0,-1,0,-1,-1,-1,-1,0,-1,-1,-1,-1,-1,-1,-1,-1,-1,-1,-1,-1,-1,-1,-1,-1,-1,-1,-1,-1,1,12,0,3,1,61,1,7,-5,-21
2,2,2,2,2,2,2,2,0,0,0,0,3,0,0,0,0,0,2,0,0,0,0,0,0,0,0,0,0,0,0,0,-1,0,0,0,0,0,0,0,0,0,0,0,0,2,2,2,2,2,2,2,2,0,-1,0,0,-1,0,0,0,-1,-1,-1,0,0,-1,0,0,0,-1,0,0,0,0,0,0,0,-1,0,-1,-1,0,0,0,-1,-1,-1,0,-1,-1,-1,-1,0,0,-1,-1,-1,0,-1,-1,0,-1,0,-1,-1,0,-1,-1,0,0,-1,-1,-1,-1,-1,-1,-1,0,-1,0,-1,-1,0,-1,-1,-1,-1,-1,0,-1,-1,-1,-1,-1,-1,-1,-1,-1,-1,-1,-1,-1,-1,-1,-1,-1,-1,0,-1,-1,-1,-1,-1,-1,-1,-1,-1,-1,-1,1,12,1,3,1,61,1,7,-5,-21
2,2,2,2,2,2,2,2,0,0,0,0,2,0,0,0,0,0,3,0,0,0,0,0,0,0,0,0,-1,0,0,0,0,0,0,0,0,0,0,0,0,0,0,0,0,2,2,2,2,2,2,2,2,0,-1,-1,0,0,0,0,0,0,-1,-1,-1,0,0,-1,0,-1,-1,0,0,-1,-1,0,0,0,-1,0,0,0,-1,0,0,0,0,-1,0,-1,-1,-1,0,0,-1,-1,0,-1,-1,0,-1,0,0,0,-1,-1,0,-1,-1,-1,-1,-1,-1,0,-1,-1,0,-1,-1,-1,-1,-1,-1,-1,0,-1,-1,0,-1,-1,-1,-1,-1,-1,0,-1,-1,-1,-1,-1,-1,-1,-1,-1,-1,-1,-1,-1,-1,-1,-1,-1,-1,-1,-1,-1,-1,-1,-1,-1,1,12,1,3,1,54,1,7,-5,-21
2,2,2,2,2,2,2,2,0,0,0,0,3,0,0,0,0,0,2,0,0,0,0,0,0,0,0,0,0,0,-1,0,0,0,0,0,0,0,0,0,0,0,0,0,0,2,2,2,2,2,2,2,2,0,-1,0,0,0,0,0,-1,0,-1,-1,0,0,-1,0,0,0,-1,0,0,0,0,0,0,0,-1,0,-1,0,0,0,0,-1,-1,-1,-1,-1,-1,-1,-1,0,0,-1,-1,-1,0,-1,-1,0,-1,0,-1,-1,0,-1,-1,0,0,-1,-1,-1,-1,0,-1,-1,-1,-1,0,-1,-1,0,-1,-1,-1,-1,-1,0,-1,-1,-1,-1,-1,-1,-1,-1,-1,-1,-1,-1,-1,-1,-1,-1,-1,-1,-1,-1,-1,-1,-1,-1,-1,-1,-1,-1,-1,-1,1,12,0,3,1,54,0,7,-5,-21
2,2,2,2,2,2,2,2,0,0,0,0,2,0,0,0,0,0,3,0,0,0,0,0,0,0,0,0,0,0,0,0,0,0,0,0,0,0,0,0,0,0,0,-1,0,2,2,2,2,2,2,2,2,0,-1,0,0,0,0,-1,0,0,-1,0,0,0,-1,-1,0,-1,0,-1,0,-1,-1,0,0,0,0,0,0,0,-1,0,0,0,-1,0,0,-1,0,-1,0,0,0,0,0,-1,0,0,-1,0,-1,-1,-1,-1,-1,0,0,-1,-1,-1,-1,-1,-1,-1,-1,-1,-1,-1,-1,-1,-1,-1,-1,-1,-1,-1,-1,-1,-1,-1,-1,-1,-1,-1,-1,-1,-1,-1,-1,-1,-1,-1,-1,-1,-1,-1,-1,-1,-1,-1,-1,-1,-1,-1,-1,-1,-1,-1,1,12,1,3,1,54,0,7,-5,-21
2,2,2,2,2,2,2,2,0,0,0,0,3,0,0,0,0,0,2,0,0,0,0,0,0,0,0,0,0,0,0,0,-1,0,0,0,0,0,0,0,0,0,0,0,0,2,2,2,2,2,2,2,2,0,-1,0,0,-1,0,0,0,0,-1,-1,0,0,-1,0,0,0,-1,0,0,0,0,0,0,0,-1,0,-1,-1,0,0,0,-1,-1,-1,-1,-1,-1,-1,-1,0,0,-1,-1,-1,0,-1,-1,0,-1,0,-1,-1,0,-1,-1,0,0,-1,-1,-1,-1,-1,-1,-1,-1,-1,0,-1,-1,0,-1,-1,-1,-1,-1,0,-1,0,-1,-1,-1,-1,-1,-1,-1,-1,-1,-1,-1,-1,-1,0,-1,-1,-1,-1,-1,-1,-1,-1,-1,-1,-1,-1,-1,-1,1,12,1,3,1,54,0,7,-5,-21
2,2,2,2,2,2,2,2,0,0,0,0,2,0,0,0,0,0,-1,3,0,0,0,0,0,0,0,0,0,0,0,0,0,0,0,0,0,0,0,0,0,0,0,0,0,2,2,2,2,2,2,2,2,0,-1,-1,0,0,0,0,0,0,-1,-1,-1,0,0,-1,0,-1,-1,0,0,-1,-1,0,0,0,-1,0,0,0,-1,0,0,0,0,-1,0,-1,-1,0,0,0,-1,-1,0,-1,-1,0,-1,0,0,0,-1,-1,0,-1,-1,-1,-1,-1,-1,0,-1,-1,-1,-1,-1,-1,-1,-1,-1,-1,0,-1,-1,0,-1,-1,-1,-1,-1,-1,-1,-1,0,-1,-1,-1,-1,-1,-1,-1,-1,-1,-1,-1,-1,-1,-1,-1,-1,-1,-1,-1,-1,-1,-1,-1,1,12,0,3,1,55,1,7,-5,-21
2,2,2,2,2,2,2,2,0,0,0,0,3,0,0,0,0,0,2,0,0,0,0,0,0,0,0,0,0,0,-1,0,0,0,0,0,0,0,0,0,0,0,0,0,0,2,2,2,2,2,2,2,2,0,-1,-1,0,0,0,0,-1,0,-1,-1,0,0,-1,-1,0,-1,-1,0,0,-1,-1,-1,0,0,-1,0,0,0,-1,0,0,0,0,-1,0,-1,0,-1,0,0,-1,0,0,-1,-1,0,-1,0,-1,-1,-1,-1,-1,0,0,-1,-1,-1,-1,0,-1,-1,-1,-1,0,-1,-1,-1,-1,-1,-1,-1,-1,-1,-1,-1,-1,0,0,-1,-1,-1,-1,-1,-1,0,-1,-1,-1,-1,-1,-1,-1,0,-1,-1,-1,-1,-1,-1,-1,-1,-1,-1,-1,-1,1,12,0,3,1,58,0,7,-5,-21
2,2,2,2,2,2,2,2,0,0,0,0,3,0,0,0,0,0,2,0,0,0,0,0,0,0,0,0,0,0,-1,0,0,0,0,0,0,0,0,0,0,0,0,0,0,2,2,2,2,2,2,2,2,0,-1,0,0,0,0,-1,0,0,0,0,0,0,-1,-1,0,-1,0,-1,0,-1,-1,0,0,0,0,0,0,-1,-1,0,0,0,0,-1,0,-1,0,-1,0,0,0,0,0,-1,0,0,-1,0,-1,0,-1,0,-1,-1,-1,-1,-1,-1,-1,-1,-1,-1,-1,-1,-1,-1,-1,-1,-1,-1,-1,-1,-1,-1,-1,-1,-1,-1,-1,-1,-1,-1,-1,-1,-1,-1,-1,-1,-1,-1,-1,-1,-1,-1,-1,-1,-1,-1,-1,-1,-1,-1,-1,-1,-1,-1,1,12,0,3,1,58,1,7,-5,-21
2,2,2,2,2,2,2,2,0,0,0,0,3,0,0,0,0,0,2,0,0,0,0,0,0,0,0,0,0,0,-1,0,0,0,0,0,0,0,0,0,0,0,0,0,0,2,2,2,2,2,2,2,2,0,-1,0,0,0,0,-1,0,0,-1,0,0,0,-1,-1,0,-1,0,-1,0,-1,-1,0,0,0,0,0,0,0,-1,0,0,0,-1,0,0,-1,0,-1,0,0,0,0,0,-1,0,0,-1,0,-1,0,-1,-1,0,-1,-1,-1,-1,-1,-1,-1,-1,-1,-1,-1,-1,-1,-1,-1,-1,-1,-1,-1,-1,-1,-1,-1,-1,-1,-1,-1,-1,-1,-1,-1,-1,-1,-1,-1,-1,-1,-1,-1,-1,-1,-1,-1,-1,-1,-1,-1,-1,-1,-1,-1,-1,-1,1,12,1,3,1,54,1,7,-5,-21
2,2,2,2,2,2,2,2,0,0,0,0,3,0,0,0,0,0,2,0,0,0,0,0,0,0,0,0,0,0,-1,0,0,0,0,0,0,0,0,0,0,0,0,0,0,2,2,2,2,2,2,2,2,0,-1,0,0,0,0,0,-1,0,-1,-1,0,0,-1,-1,0,-1,-1,-1,0,-1,-1,-1,0,0,-1,0,0,0,-1,0,0,0,0,-1,0,-1,0,-1,0,0,-1,-1,0,-1,-1,0,-1,0,-1,-1,-1,-1,-1,0,0,0,-1,-1,-1,0,-1,-1,-1,-1,0,-1,-1,-1,-1,-1,-1,-1,-1,-1,-1,-1,-1,-1,0,-1,-1,-1,-1,-1,-1,-1,-1,-1,-1,-1,-1,-1,-1,0,-1,-1,-1,0,-1,-1,-1,0,-1,-1,-1,-1,1,12,1,3,1,58,0,7,-5,-21
2,2,2,2,2,2,2,2,0,0,0,0,3,0,0,0,0,0,2,0,0,0,0,0,0,0,0,0,0,0,-1,0,0,0,0,0,0,0,0,0,0,0,0,0,0,2,2,2,2,2,2,2,2,0,-1,0,0,0,0,0,-1,0,-1,-1,0,0,-1,-1,-1,-1,-1,0,0,-1,-1,-1,0,0,-1,0,0,0,-1,0,0,0,0,-1,0,-1,0,-1,0,0,-1,-1,0,0,-1,0,-1,0,-1,0,-1,-1,-1,-1,0,0,0,0,-1,0,-1,-1,-1,-1,0,-1,-1,-1,-1,-1,-1,-1,-1,-1,-1,-1,-1,-1,-1,-1,-1,-1,-1,0,-1,-1,-1,-1,-1,-1,-1,-1,-1,-1,-1,-1,-1,-1,-1,-1,-1,-1,-1,-1,-1,-1,1,12,0,3,1,54,0,7,-5,-21
0,2,2,2,2,2,2,2,0,0,0,0,0,0,0,0,0,0,0,0,0,0,0,0,0,0,0,0,0,0,0,0,0,0,0,0,0,0,0,0,0,0,0,2,2,2,2,2,2,2,0,0,0,0,0,0,-1,0,0,0,0,0,-1,3,2,2,3,-1,3,2,-1,-1,-1,0,3,-1,3,3,-1,2,-1,2,-1,0,0,3,0,3,3,2,3,2,0,0,0,2,2,-1,2,2,-1,3,2,2,-1,3,-1,2,-1,2,2,3,2,-1,2,0,-1,-1,-1,3,0,2,-1,3,0,3,2,2,0,0,2,-1,0,-1,-1,-1,-1,0,-1,-1,3,-1,0,0,-1,-1,3,-1,-1,3,-1,3,-1,0,-1,0,0,0,0,-1,1,9,1,3,0,56,1,2,-5,-21
2,2,2,2,2,2,2,2,0,0,0,0,3,0,0,0,0,0,2,0,0,0,0,0,0,0,0,0,0,0,0,0,-1,0,0,0,0,0,0,0,0,0,0,0,0,2,2,2,2,2,2,2,2,0,-1,0,0,-1,0,0,0,0,-1,-1,0,0,-1,0,0,0,-1,0,0,0,0,0,0,0,-1,0,-1,-1,0,0,0,-1,-1,-1,-1,-1,-1,-1,-1,0,0,-1,-1,-1,0,-1,-1,0,-1,0,-1,-1,0,-1,-1,0,0,-1,-1,-1,-1,-1,-1,-1,-1,-1,0,-1,-1,0,-1,-1,0,-1,-1,0,-1,-1,-1,-1,-1,0,-1,-1,-1,-1,-1,-1,-1,-1,-1,-1,-1,-1,-1,-1,-1,-1,-1,-1,-1,-1,-1,-1,-1,-1,1,12,0,3,1,56,0,7,-5,-21
2,2,2,2,2,2,2,2,0,0,0,0,3,0,0,0,0,0,2,0,0,0,0,0,0,0,0,0,0,0,-1,0,0,0,0,0,0,0,0,0,0,0,0,0,0,2,2,2,2,2,2,2,2,0,-1,0,0,0,0,0,0,-1,-1,-1,0,0,-1,0,0,-1,0,-1,-1,0,-1,0,0,0,0,0,0,-1,0,0,0,-1,0,-1,-1,-1,-1,-1,0,-1,-1,0,0,-1,0,-1,-1,0,0,-1,-1,-1,-1,-1,0,-1,-1,0,-1,-1,0,-1,0,-1,0,-1,-1,-1,-1,-1,-1,-1,-1,-1,-1,0,-1,-1,0,-1,-1,-1,-1,-1,-1,-1,-1,-1,-1,-1,-1,-1,-1,-1,-1,-1,-1,-1,-1,-1,-1,-1,-1,-1,-1,-1,1,12,0,3,1,58,0,7,-5,-21
2,2,2,2,2,2,2,2,0,0,0,0,3,0,0,0,0,0,2,0,0,0,0,0,0,0,0,0,0,0,-1,0,0,0,0,0,0,0,0,0,0,0,0,0,0,2,2,2,2,2,2,2,2,0,-1,0,0,0,0,0,-1,-1,-1,-1,0,0,0,-1,0,-1,-1,-1,0,-1,-1,-1,0,0,-1,0,0,0,-1,0,0,0,0,-1,0,-1,0,-1,0,0,0,-1,0,-1,-1,0,-1,0,-1,-1,-1,-1,-1,0,0,0,-1,-1,-1,0,-1,-1,-1,-1,0,-1,-1,-1,-1,-1,-1,-1,-1,-1,-1,-1,-1,-1,0,-1,-1,-1,-1,-1,-1,0,-1,-1,-1,-1,-1,-1,-1,-1,-1,-1,-1,-1,-1,-1,-1,-1,-1,0,-1,-1,1,12,1,3,1,58,0,7,-5,-21
2,2,2,2,2,2,2,2,0,0,0,0,2,0,0,0,0,0,-1,3,0,0,0,0,0,0,0,0,0,0,0,0,0,0,0,0,0,0,0,0,0,0,0,0,0,2,2,2,2,2,2,2,2,0,-1,-1,0,0,0,0,0,0,-1,-1,-1,0,0,-1,0,-1,-1,0,0,-1,-1,0,0,0,-1,0,0,0,-1,0,0,0,0,-1,0,-1,-1,-1,0,0,-1,-1,0,-1,-1,0,-1,0,-1,-1,-1,-1,-1,0,0,-1,-1,-1,-1,0,-1,-1,-1,-1,0,-1,-1,-1,-1,-1,-1,-1,-1,-1,-1,-1,-1,-1,0,-1,-1,-1,-1,-1,-1,0,-1,-1,-1,-1,-1,-1,-1,0,-1,-1,-1,0,-1,-1,-1,-1,-1,-1,-1,-1,1,12,1,3,1,54,1,7,-5,-21
2,2,2,2,2,2,2,2,0,0,0,0,3,0,0,0,0,0,2,0,0,0,0,0,0,0,0,0,0,0,0,0,-1,0,0,0,0,0,0,0,0,0,0,0,0,2,2,2,2,2,2,2,2,0,-1,0,0,0,0,0,-1,0,-1,-1,0,0,-1,-1,0,-1,-1,0,0,-1,-1,-1,0,0,-1,0,0,0,-1,0,0,0,0,-1,0,-1,0,-1,0,0,-1,-1,0,-1,-1,0,-1,0,-1,-1,-1,-1,-1,-1,0,-1,-1,-1,-1,0,-1,-1,-1,-1,0,-1,-1,-1,-1,-1,-1,-1,-1,-1,-1,-1,-1,-1,0,-1,-1,-1,0,-1,-1,0,-1,-1,-1,-1,-1,0,-1,0,-1,-1,-1,-1,-1,-1,-1,-1,-1,-1,-1,-1,1,12,0,3,1,56,1,7,-5,-21
2,2,2,2,2,2,2,2,0,0,0,0,3,0,0,0,0,0,2,0,0,0,0,0,0,0,0,0,0,0,-1,0,0,0,0,0,0,0,0,0,0,0,0,0,0,2,2,2,2,2,2,2,2,0,-1,-1,0,0,0,0,-1,0,-1,-1,0,0,-1,-1,0,-1,-1,0,0,-1,-1,-1,0,0,-1,0,0,0,-1,0,0,0,0,-1,0,-1,0,-1,0,0,-1,-1,0,-1,-1,0,-1,0,-1,-1,-1,-1,-1,0,0,-1,-1,-1,-1,0,-1,-1,0,-1,0,-1,-1,-1,-1,-1,-1,-1,-1,-1,-1,-1,-1,-1,0,-1,-1,-1,0,-1,-1,0,-1,-1,-1,-1,-1,0,-1,-1,-1,-1,-1,-1,-1,-1,-1,-1,-1,-1,-1,-1,1,12,0,3,1,58,0,7,-5,-21
2,2,2,2,2,2,2,2,0,0,0,0,2,0,0,0,0,0,3,0,0,0,0,0,0,0,0,0,-1,0,0,0,0,0,0,0,0,0,0,0,0,0,0,0,0,2,2,2,2,2,2,2,2,0,0,0,0,0,0,0,0,0,-1,-1,0,0,-1,0,0,-1,-1,0,0,-1,-1,0,0,0,-1,0,0,0,-1,0,0,0,0,-1,0,-1,0,-1,0,0,-1,0,0,-1,-1,0,-1,0,0,-1,-1,-1,0,-1,0,-1,-1,-1,-1,-1,-1,-1,-1,-1,-1,-1,-1,-1,-1,-1,-1,-1,-1,-1,-1,-1,-1,-1,-1,-1,-1,-1,-1,-1,-1,-1,-1,-1,-1,-1,-1,-1,-1,-1,-1,-1,-1,-1,-1,-1,-1,-1,-1,-1,-1,-1,1,12,0,3,1,54,0,7,-5,-21
2,2,2,2,2,2,2,2,0,0,0,0,3,0,0,0,0,0,2,0,0,0,0,0,0,0,0,0,0,0,0,0,-1,0,0,0,0,0,0,0,0,0,0,0,0,2,2,2,2,2,2,2,2,0,-1,0,0,0,0,0,0,-1,-1,0,0,0,-1,0,0,-1,0,-1,-1,0,-1,0,0,0,0,0,0,-1,-1,0,0,0,0,-1,0,-1,0,-1,0,0,0,0,0,-1,0,0,-1,0,-1,0,-1,0,-1,-1,-1,-1,-1,-1,-1,-1,-1,-1,-1,-1,-1,-1,-1,-1,-1,-1,-1,-1,-1,-1,-1,-1,-1,-1,-1,-1,-1,-1,-1,-1,-1,-1,-1,-1,-1,-1,-1,-1,-1,-1,-1,-1,-1,-1,-1,-1,-1,-1,-1,-1,-1,-1,1,12,0,3,1,58,1,7,-5,-21
2,2,2,2,2,2,2,2,0,0,0,0,2,0,0,0,0,0,3,0,0,0,0,0,0,0,0,0,0,0,0,0,0,0,0,0,0,0,0,0,0,0,0,-1,0,2,2,2,2,2,2,2,2,0,-1,0,0,0,0,-1,0,0,-1,0,-1,0,-1,-1,0,-1,0,-1,0,-1,-1,0,0,0,0,0,0,-1,-1,-1,0,0,0,-1,0,-1,0,-1,0,0,0,0,0,-1,0,0,-1,0,-1,0,-1,0,-1,-1,-1,-1,-1,0,-1,-1,-1,0,-1,-1,-1,-1,-1,-1,-1,-1,-1,-1,-1,-1,0,-1,-1,-1,-1,-1,-1,-1,-1,-1,-1,-1,-1,-1,-1,-1,-1,-1,-1,-1,-1,-1,-1,-1,-1,-1,-1,-1,-1,-1,-1,-1,1,12,1,3,1,54,1,7,-5,-21
2,2,2,2,2,2,2,2,0,0,0,0,3,0,0,0,0,0,2,0,0,0,0,0,0,0,0,0,0,0,-1,0,0,0,0,0,0,0,0,0,0,0,0,0,0,2,2,2,2,2,2,2,2,0,-1,0,0,0,0,0,-1,0,-1,-1,0,0,-1,-1,-1,-1,-1,0,0,-1,-1,-1,0,0,-1,0,0,0,-1,0,0,0,0,-1,0,-1,0,-1,0,0,-1,-1,0,0,-1,0,-1,0,-1,-1,-1,-1,-1,0,0,-1,-1,-1,-1,0,-1,-1,-1,0,0,-1,-1,-1,-1,-1,-1,-1,-1,-1,-1,-1,-1,-1,0,-1,-1,-1,-1,-1,-1,0,-1,-1,-1,-1,-1,-1,-1,0,-1,-1,-1,-1,-1,-1,-1,-1,-1,-1,-1,-1,1,12,1,3,1,54,1,7,-5,-21
2,2,2,2,2,2,2,2,0,0,0,0,2,0,0,0,0,0,3,0,0,0,0,0,0,0,0,0,0,0,0,0,0,0,0,0,0,0,0,0,0,0,0,-1,0,2,2,2,2,2,2,2,2,0,-1,0,0,0,0,0,-1,0,-1,-1,0,0,-1,-1,0,-1,-1,0,0,-1,-1,-1,0,0,-1,0,0,0,-1,0,0,0,0,-1,0,-1,0,-1,0,0,-1,-1,0,-1,-1,0,-1,0,-1,-1,-1,-1,-1,0,0,-1,-1,-1,-1,0,-1,-1,-1,-1,0,-1,-1,-1,-1,-1,-1,-1,-1,-1,-1,-1,-1,-1,-1,-1,-1,0,0,-1,-1,0,-1,-1,-1,-1,-1,-1,-1,0,-1,-1,-1,-1,-1,-1,-1,-1,-1,-1,-1,-1,1,12,1,3,1,56,0,7,-5,-21
2,2,2,2,2,2,2,2,0,0,0,0,2,0,0,0,0,0,3,0,0,0,0,0,0,0,0,0,0,0,0,0,0,0,0,0,0,0,0,0,0,0,0,-1,0,2,2,2,2,2,2,2,2,0,-1,0,0,0,0,0,-1,0,-1,-1,0,0,-1,-1,0,-1,-1,0,0,-1,-1,-1,0,0,-1,0,0,0,-1,0,0,0,0,-1,0,-1,0,-1,0,0,-1,0,0,-1,-1,0,-1,0,-1,-1,-1,-1,-1,0,0,-1,-1,-1,-1,0,-1,-1,-1,-1,0,-1,-1,-1,-1,-1,-1,-1,-1,-1,-1,-1,-1,0,0,-1,-1,-1,-1,-1,-1,0,-1,-1,-1,-1,-1,-1,-1,-1,-1,-1,-1,-1,-1,-1,-1,-1,-1,-1,-1,-1,1,12,0,3,1,56,0,7,-5,-21
2,2,2,2,2,2,2,2,0,0,0,0,2,0,0,0,0,0,3,0,0,0,0,0,0,0,0,0,0,0,0,0,0,0,0,0,0,0,0,0,0,0,0,-1,0,2,2,2,2,2,2,2,2,0,-1,0,0,0,0,-1,0,0,-1,0,0,0,-1,-1,0,-1,0,-1,0,-1,-1,0,0,0,0,0,0,0,-1,0,-1,0,-1,-1,0,-1,0,-1,0,-1,0,0,-1,-1,0,0,-1,0,-1,0,-1,0,-1,-1,0,-1,-1,-1,0,0,-1,-1,-1,-1,-1,-1,-1,-1,-1,-1,-1,-1,-1,-1,-1,-1,-1,-1,-1,-1,-1,-1,-1,-1,-1,-1,-1,-1,-1,-1,-1,-1,-1,-1,-1,-1,0,-1,-1,-1,-1,-1,-1,-1,-1,-1,1,12,1,3,1,54,1,7,-5,-21
2,2,2,2,2,2,2,2,0,0,0,0,2,0,0,0,0,0,3,0,0,0,0,0,0,0,0,0,0,0,0,0,0,0,0,0,0,0,0,0,0,0,0,-1,0,2,2,2,2,2,2,2,2,0,-1,0,0,0,0,-1,0,0,-1,0,-1,0,-1,-1,0,-1,0,-1,0,-1,-1,0,0,0,0,0,0,-1,-1,-1,0,0,0,-1,0,-1,0,-1,0,0,0,0,0,-1,0,0,-1,0,-1,0,-1,0,-1,-1,-1,-1,-1,0,-1,-1,-1,0,-1,-1,-1,-1,-1,-1,-1,-1,-1,-1,-1,-1,0,-1,-1,-1,-1,-1,-1,-1,-1,-1,-1,-1,-1,-1,-1,-1,-1,-1,-1,-1,-1,-1,-1,-1,-1,-1,-1,-1,-1,-1,-1,-1,1,12,0,3,1,58,0,7,-5,-21
2,2,2,2,2,2,2,2,0,0,0,0,3,0,0,0,0,0,2,0,0,0,0,0,0,0,0,0,0,0,-1,0,0,0,0,0,0,0,0,0,0,0,0,0,0,2,2,2,2,2,2,2,2,0,-1,0,0,0,0,0,-1,-1,-1,-1,0,0,-1,-1,0,-1,-1,0,0,-1,-1,-1,0,0,-1,0,0,0,-1,0,0,0,0,-1,0,-1,0,-1,0,0,-1,-1,0,-1,-1,0,-1,0,-1,-1,-1,-1,-1,0,0,-1,-1,-1,-1,0,-1,-1,-1,-1,0,-1,-1,-1,-1,-1,-1,-1,-1,-1,-1,-1,-1,0,0,-1,-1,-1,-1,0,-1,0,-1,-1,-1,-1,-1,-1,-1,0,-1,-1,-1,-1,-1,-1,-1,-1,-1,-1,-1,-1,1,12,0,3,1,62,1,7,-5,-21
2,2,2,2,2,2,2,2,0,0,0,0,2,0,0,0,0,0,3,0,0,0,0,0,0,0,0,0,0,0,0,0,0,0,0,0,0,0,0,0,0,0,0,-1,0,2,2,2,2,2,2,2,2,0,-1,0,0,0,0,-1,0,0,-1,0,0,0,-1,-1,0,-1,0,-1,0,-1,-1,0,0,-1,0,0,0,0,-1,0,-1,0,0,-1,0,-1,0,-1,0,0,0,0,0,-1,-1,0,-1,0,0,0,-1,-1,0,-1,0,-1,-1,0,-1,-1,-1,-1,-1,-1,-1,-1,-1,-1,-1,-1,-1,-1,-1,-1,-1,-1,-1,-1,-1,-1,-1,-1,-1,-1,-1,-1,-1,-1,-1,-1,-1,-1,-1,-1,-1,-1,-1,-1,-1,-1,-1,-1,-1,-1,-1,-1,1,12,0,3,1,54,1,7,-5,-21
2,2,2,2,2,2,2,2,0,0,0,0,2,0,0,0,0,0,-1,3,0,0,0,0,0,0,0,0,0,0,0,0,0,0,0,0,0,0,0,0,0,0,0,0,0,2,2,2,2,2,2,2,2,0,-1,0,0,0,0,0,0,0,-1,-1,0,0,-1,-1,0,-1,-1,0,0,-1,-1,0,0,0,-1,0,0,0,-1,0,0,0,0,-1,0,-1,0,0,0,0,-1,-1,0,-1,-1,0,-1,0,-1,-1,-1,-1,-1,0,0,-1,0,0,-1,0,-1,-1,-1,-1,-1,-1,-1,-1,-1,-1,-1,-1,-1,-1,-1,-1,-1,-1,-1,-1,-1,-1,-1,-1,-1,-1,-1,-1,-1,-1,-1,-1,-1,-1,-1,-1,-1,-1,-1,-1,-1,-1,-1,-1,-1,-1,1,12,0,3,1,63,1,7,-5,-21
2,2,2,2,2,2,2,2,0,0,0,0,2,0,0,0,0,0,3,0,0,0,0,0,0,0,0,0,-1,0,0,0,0,0,0,0,0,0,0,0,0,0,0,0,0,2,2,2,2,2,2,2,2,0,-1,0,0,0,0,0,0,-1,-1,0,0,0,0,0,0,-1,-1,0,0,0,-1,0,0,0,-1,0,-1,-1,0,0,0,0,0,-1,-1,-1,-1,0,0,0,-1,-1,-1,-1,-1,0,-1,0,-1,-1,-1,-1,-1,-1,0,-1,0,0,-1,0,-1,-1,-1,0,-1,-1,-1,-1,-1,-1,-1,0,-1,-1,-1,-1,-1,-1,-1,-1,-1,-1,-1,-1,-1,-1,-1,-1,-1,-1,-1,-1,-1,-1,-1,-1,-1,-1,-1,-1,-1,-1,-1,-1,-1,-1,1,12,1,3,1,58,0,7,-5,-21
2,2,2,2,2,2,2,2,0,0,0,0,3,0,0,0,0,0,2,0,0,0,0,0,0,0,0,0,0,0,-1,0,0,0,0,0,0,0,0,0,0,0,0,0,0,2,2,2,2,2,2,2,2,0,-1,0,0,0,0,0,-1,0,-1,-1,0,0,-1,-1,0,-1,-1,0,0,-1,-1,-1,0,0,-1,0,0,0,-1,0,0,0,0,-1,0,-1,0,-1,0,-1,-1,-1,0,-1,-1,0,-1,0,-1,-1,-1,-1,-1,0,0,-1,-1,-1,-1,0,-1,-1,-1,-1,0,-1,-1,-1,-1,-1,-1,-1,-1,-1,-1,-1,-1,-1,0,-1,-1,-1,-1,-1,-1,0,-1,-1,-1,-1,-1,-1,-1,0,-1,-1,-1,0,-1,-1,-1,-1,-1,-1,0,-1,1,12,1,3,1,54,1,7,-5,-21
2,2,2,2,2,2,2,2,0,0,0,0,2,0,0,0,0,0,3,0,0,0,0,0,0,0,0,0,0,0,0,0,0,0,0,0,0,0,0,0,0,0,0,-1,0,2,2,2,2,2,2,2,2,0,-1,0,0,0,0,-1,0,0,-1,0,0,0,-1,-1,0,-1,0,-1,0,-1,-1,0,0,0,0,0,0,-1,-1,0,0,0,0,-1,0,0,0,-1,0,0,-1,-1,0,0,-1,0,-1,0,-1,-1,-1,-1,-1,0,0,-1,-1,-1,-1,0,-1,-1,-1,-1,0,-1,-1,-1,-1,-1,-1,-1,-1,-1,-1,-1,-1,-1,-1,-1,-1,-1,-1,-1,-1,-1,-1,-1,-1,-1,-1,-1,-1,-1,-1,-1,-1,-1,-1,-1,-1,-1,-1,-1,-1,-1,1,12,1,3,1,54,1,7,-5,-21
2,2,2,2,2,2,2,2,0,0,0,0,3,0,0,0,0,0,2,0,0,0,0,0,0,0,0,0,0,0,-1,0,0,0,0,0,0,0,0,0,0,0,0,0,0,2,2,2,2,2,2,2,2,0,-1,-1,0,-1,0,0,-1,0,-1,-1,0,0,-1,-1,0,-1,-1,0,0,-1,-1,-1,0,0,-1,0,0,0,-1,0,0,0,0,-1,0,-1,0,-1,0,0,-1,-1,0,-1,-1,0,-1,0,-1,-1,-1,0,-1,0,0,-1,-1,-1,-1,0,-1,-1,-1,-1,0,-1,-1,-1,-1,-1,-1,-1,-1,-1,-1,-1,-1,-1,0,-1,-1,-1,-1,-1,-1,0,-1,-1,-1,-1,-1,-1,-1,0,-1,0,-1,0,-1,-1,-1,-1,-1,-1,-1,-1,1,12,0,3,1,58,0,7,-5,-21
2,2,2,2,2,2,2,2,0,0,0,0,3,0,0,0,0,0,2,0,0,0,0,0,0,0,0,0,0,0,-1,0,0,0,0,0,0,0,0,0,0,0,0,0,0,2,2,2,2,2,2,2,2,0,-1,0,0,0,0,0,-1,-1,-1,-1,0,0,-1,-1,0,-1,-1,0,-1,-1,-1,-1,0,0,-1,0,0,0,-1,0,0,0,0,0,0,-1,0,-1,-1,0,-1,-1,0,-1,-1,0,-1,0,-1,-1,-1,-1,-1,0,0,-1,-1,-1,-1,0,-1,-1,-1,-1,0,-1,-1,-1,-1,-1,-1,-1,-1,-1,-1,-1,-1,0,0,-1,-1,-1,-1,0,-1,0,-1,-1,0,-1,-1,-1,-1,0,-1,-1,-1,-1,-1,-1,-1,-1,-1,-1,-1,-1,1,12,0,3,1,58,0,7,-5,-21
2,2,2,2,2,2,2,2,0,0,0,0,2,0,0,0,0,0,3,0,0,0,0,0,0,0,0,0,-1,0,0,0,0,0,0,0,0,0,0,0,0,0,0,0,0,2,2,2,2,2,2,2,2,0,-1,0,0,0,0,0,-1,-1,-1,-1,0,0,-1,-1,0,-1,-1,0,0,-1,-1,-1,0,0,-1,0,0,0,-1,0,0,0,0,-1,0,0,0,-1,0,0,-1,-1,0,-1,-1,0,-1,0,-1,-1,-1,-1,-1,0,0,-1,-1,-1,-1,0,-1,-1,-1,-1,0,-1,-1,-1,-1,-1,-1,-1,-1,-1,-1,-1,-1,0,0,-1,0,-1,-1,-1,-1,0,-1,-1,-1,-1,-1,-1,-1,-1,-1,-1,-1,-1,-1,-1,-1,-1,-1,-1,-1,-1,1,12,0,3,1,61,0,7,-5,-21
2,2,2,2,2,2,2,2,0,0,0,0,2,0,0,0,0,0,3,0,0,0,0,0,0,0,0,-1,0,0,0,0,0,0,0,0,0,0,0,0,0,0,0,0,0,2,2,2,2,2,2,2,2,0,-1,0,0,0,0,-1,0,0,-1,0,0,0,-1,-1,0,-1,0,-1,0,-1,-1,0,0,0,0,0,-1,-1,0,0,-1,-1,0,-1,0,-1,-1,0,-1,0,-1,-1,-1,-1,-1,-1,0,-1,-1,-1,-1,0,-1,-1,0,0,0,0,-1,-1,-1,0,0,0,0,-1,0,-1,-1,-1,0,-1,-1,-1,-1,-1,-1,-1,-1,-1,-1,-1,-1,-1,-1,-1,-1,-1,-1,-1,-1,-1,-1,-1,-1,-1,-1,-1,-1,-1,-1,-1,-1,-1,-1,-1,1,12,1,3,1,54,0,7,-5,-21
2,2,2,2,2,2,2,2,0,0,0,0,2,0,0,0,0,0,3,0,0,0,0,0,0,0,0,0,-1,0,0,0,0,0,0,0,0,0,0,0,0,0,0,0,0,2,2,2,2,2,2,2,2,0,-1,0,0,-1,0,0,0,0,-1,0,0,0,0,0,0,-1,0,0,0,0,-1,0,0,0,-1,0,-1,-1,0,0,0,0,0,-1,-1,-1,-1,0,0,0,-1,-1,-1,-1,-1,0,-1,0,-1,-1,-1,-1,-1,-1,0,-1,-1,0,-1,0,-1,-1,-1,0,-1,-1,-1,-1,-1,-1,-1,-1,-1,-1,-1,-1,-1,-1,-1,-1,-1,-1,-1,-1,-1,-1,-1,-1,-1,-1,-1,-1,-1,-1,-1,-1,-1,-1,-1,-1,-1,-1,-1,-1,0,-1,1,12,1,3,1,59,0,7,-5,-21
2,2,2,2,2,2,2,2,0,0,0,0,2,0,0,0,0,0,3,0,0,0,0,0,0,0,0,0,0,0,0,0,0,0,0,0,0,0,0,0,0,0,0,-1,0,2,2,2,2,2,2,2,2,0,-1,-1,0,-1,0,-1,0,0,-1,0,0,0,-1,-1,0,-1,0,-1,0,-1,-1,0,0,0,0,0,0,-1,-1,0,0,0,0,-1,0,-1,0,0,0,0,0,0,0,-1,0,0,-1,0,-1,-1,-1,-1,0,0,0,-1,-1,-1,-1,-1,-1,-1,-1,-1,-1,-1,-1,-1,-1,-1,-1,-1,-1,-1,-1,-1,0,-1,-1,-1,-1,-1,-1,-1,-1,-1,-1,-1,-1,-1,-1,-1,-1,-1,-1,-1,-1,-1,-1,-1,-1,-1,-1,-1,-1,-1,1,12,1,3,1,58,1,7,-5,-21
0,2,2,2,2,2,2,2,0,0,0,0,0,0,0,0,0,0,0,0,0,0,0,0,0,0,0,0,0,0,0,0,0,0,0,0,0,0,0,0,0,0,0,2,2,2,2,2,2,2,0,0,0,0,0,0,-1,0,0,0,0,0,-1,3,2,2,3,-1,3,2,-1,-1,-1,0,3,-1,3,3,-1,2,-1,2,-1,0,0,3,0,3,3,2,3,2,0,0,0,2,2,-1,2,2,-1,3,2,2,-1,3,-1,2,-1,2,2,3,2,-1,2,0,-1,-1,-1,3,0,2,-1,3,0,3,2,2,0,0,2,-1,0,-1,-1,-1,-1,0,-1,-1,3,-1,0,0,-1,-1,3,-1,-1,3,-1,3,-1,0,-1,0,0,0,0,-1,1,9,1,3,1,57,1,4,-5,-21
2,2,2,2,2,2,2,2,0,0,0,0,3,0,0,0,0,0,2,0,0,0,0,0,0,0,0,0,0,0,-1,0,0,0,0,0,0,0,0,0,0,0,0,0,0,2,2,2,2,2,2,2,2,0,-1,0,0,0,0,0,-1,0,-1,-1,0,0,-1,-1,-1,-1,-1,0,0,-1,0,-1,0,0,-1,0,0,0,-1,0,0,0,0,-1,-1,-1,0,-1,0,0,0,-1,0,0,-1,0,-1,0,-1,-1,-1,-1,-1,0,0,0,-1,-1,-1,0,-1,-1,-1,-1,0,-1,-1,-1,-1,-1,-1,-1,-1,-1,-1,-1,-1,-1,-1,-1,-1,-1,0,-1,-1,0,-1,-1,-1,-1,-1,-1,-1,-1,-1,-1,-1,-1,-1,-1,-1,-1,-1,-1,-1,-1,1,12,0,3,1,55,0,7,-5,-21
2,2,2,2,2,2,2,2,0,0,0,0,3,0,0,0,0,0,2,0,0,0,0,0,0,0,0,0,0,0,-1,0,0,0,0,0,0,0,0,0,0,0,0,0,0,2,2,2,2,2,2,2,2,0,-1,0,0,0,0,0,-1,0,0,-1,0,0,-1,-1,0,-1,-1,0,0,-1,-1,-1,0,0,-1,0,0,0,-1,0,0,0,-1,-1,0,-1,0,-1,0,0,-1,-1,-1,-1,-1,0,-1,0,-1,-1,-1,-1,-1,0,0,0,-1,-1,-1,0,0,-1,-1,-1,0,-1,-1,-1,-1,-1,-1,-1,-1,-1,-1,-1,-1,-1,0,-1,-1,-1,-1,-1,-1,0,-1,-1,-1,-1,-1,-1,-1,0,-1,-1,-1,-1,-1,-1,-1,-1,-1,-1,-1,-1,1,12,0,3,1,58,0,7,-5,-21
2,2,2,2,2,2,2,2,0,0,0,0,2,0,0,0,0,0,3,0,0,0,0,0,0,0,0,0,-1,0,0,0,0,0,0,0,0,0,0,0,0,0,0,0,0,2,2,2,2,2,2,2,2,0,0,0,0,0,0,0,-1,-1,-1,-1,0,0,-1,-1,0,-1,0,0,0,-1,-1,-1,0,0,-1,0,0,0,-1,0,0,0,0,-1,0,-1,0,-1,0,0,-1,-1,0,-1,-1,0,-1,0,-1,-1,-1,-1,-1,-1,0,-1,-1,-1,-1,-1,-1,-1,-1,-1,0,-1,-1,-1,-1,-1,-1,-1,-1,-1,-1,-1,-1,0,0,-1,0,-1,-1,0,-1,0,-1,-1,-1,-1,-1,-1,-1,-1,-1,-1,-1,-1,-1,-1,-1,-1,-1,-1,-1,-1,1,12,0,3,1,61,0,7,-5,-21
2,2,2,2,2,2,2,2,0,0,0,0,2,0,0,0,0,0,3,0,0,0,0,0,0,0,0,0,-1,0,0,0,0,0,0,0,0,0,0,0,0,0,0,0,0,2,2,2,2,2,2,2,2,0,-1,0,0,0,0,0,0,-1,-1,0,0,0,0,0,-1,0,0,-1,-1,0,0,-1,0,0,0,-1,-1,0,0,-1,0,-1,0,-1,-1,-1,-1,0,-1,-1,0,-1,-1,-1,0,-1,-1,0,0,-1,-1,-1,0,-1,-1,-1,-1,0,-1,0,0,-1,0,-1,-1,-1,-1,-1,-1,-1,-1,-1,-1,-1,-1,-1,-1,-1,0,-1,-1,-1,-1,-1,-1,0,-1,-1,-1,-1,-1,-1,-1,0,-1,-1,-1,-1,-1,-1,-1,-1,-1,-1,-1,-1,1,12,0,3,1,54,0,7,-5,-21
2,2,2,2,2,2,2,2,0,0,0,0,2,0,0,0,0,0,3,0,0,0,0,0,0,0,0,0,0,0,0,0,0,0,0,0,0,0,0,0,0,0,0,-1,0,2,2,2,2,2,2,2,2,0,-1,-1,0,0,0,-1,0,0,-1,0,0,0,-1,-1,0,-1,0,-1,0,-1,-1,0,0,0,0,0,0,-1,-1,0,0,0,0,-1,0,-1,0,0,0,0,0,0,0,-1,0,0,-1,0,-1,-1,-1,-1,0,0,0,-1,-1,-1,-1,-1,-1,-1,-1,-1,-1,-1,-1,-1,-1,-1,-1,-1,-1,-1,-1,-1,-1,-1,-1,-1,-1,-1,-1,-1,-1,-1,-1,-1,-1,-1,-1,-1,-1,-1,-1,-1,-1,-1,-1,-1,-1,-1,-1,-1,-1,-1,1,12,1,3,1,54,1,6,-5,-21
0,2,2,2,2,2,2,2,0,0,0,0,0,0,0,0,0,0,0,0,0,0,0,0,0,0,0,0,0,0,0,0,0,0,0,0,0,0,0,0,0,0,0,2,2,2,2,2,2,2,0,0,0,0,0,0,-1,0,0,0,0,0,-1,3,2,2,3,-1,3,2,-1,-1,-1,0,3,-1,3,3,-1,2,-1,2,-1,0,0,3,0,3,3,2,3,2,0,0,0,2,2,-1,2,2,-1,3,2,2,0,3,-1,2,-1,2,2,3,2,-1,2,0,-1,-1,-1,3,-1,2,-1,3,0,3,2,2,0,0,2,-1,0,-1,-1,-1,-1,0,-1,-1,3,-1,0,0,-1,-1,3,0,-1,3,-1,3,-1,0,-1,0,-1,0,0,-1,1,12,0,3,1,58,1,4,-5,-21
2,2,2,2,2,2,2,2,0,0,0,0,2,0,0,0,0,0,-1,0,0,0,0,0,0,0,0,0,0,0,0,0,0,0,0,0,0,0,0,0,0,0,0,0,0,2,2,2,2,2,2,2,2,0,-1,0,0,0,0,0,0,-1,-1,-1,0,0,0,0,0,-1,0,0,0,0,-1,0,0,0,-1,0,-1,-1,0,0,0,-1,0,-1,-1,-1,0,-1,0,0,0,0,0,-1,0,0,-1,0,-1,0,-1,0,-1,-1,-1,-1,-1,0,-1,-1,-1,-1,-1,-1,-1,-1,-1,-1,-1,-1,-1,-1,-1,-1,-1,-1,-1,-1,-1,-1,-1,-1,-1,-1,-1,-1,-1,-1,-1,-1,-1,-1,-1,-1,-1,-1,-1,-1,-1,-1,-1,-1,-1,-1,-1,-1,1,12,1,3,1,54,1,6,-5,-21
0,2,2,2,2,2,2,2,0,0,0,0,0,0,0,0,0,0,0,0,0,0,0,0,0,0,0,0,0,0,0,0,0,0,0,0,0,0,0,0,0,0,0,2,2,2,2,2,2,2,0,0,0,0,0,0,-1,0,0,0,0,0,-1,3,2,2,3,-1,3,2,-1,-1,-1,0,3,-1,3,3,-1,2,-1,2,-1,0,0,3,0,3,3,2,3,2,0,0,0,2,2,-1,2,2,-1,3,2,2,0,3,-1,2,-1,2,2,3,2,-1,2,0,-1,-1,-1,3,-1,2,-1,3,0,3,2,2,0,0,2,-1,0,-1,-1,-1,-1,0,-1,-1,3,-1,0,0,-1,-1,3,0,-1,3,-1,3,-1,0,-1,0,-1,0,0,-1,1,12,0,3,1,58,0,4,-5,-21
0,2,2,2,2,2,2,2,0,0,0,0,0,0,0,0,0,0,0,0,0,0,0,0,0,0,0,0,0,0,0,0,0,0,0,0,0,0,0,0,0,0,0,2,2,2,2,2,2,2,0,0,0,0,0,0,-1,0,0,0,0,0,-1,3,2,2,3,-1,3,2,-1,-1,-1,0,3,-1,3,3,-1,2,-1,2,-1,0,0,3,0,3,3,2,3,2,0,0,0,2,2,-1,2,2,-1,3,2,2,-1,3,-1,2,-1,2,2,3,2,-1,2,0,-1,-1,-1,3,0,2,-1,3,0,3,2,2,0,0,2,-1,0,-1,-1,-1,-1,0,-1,-1,3,-1,0,0,-1,-1,3,-1,-1,3,-1,3,-1,0,0,-1,0,0,0,-1,1,9,1,2,1,59,0,4,-5,-21
2,2,2,2,2,2,2,2,0,0,0,0,2,0,0,0,0,0,-1,3,0,0,0,0,0,0,0,0,0,0,0,0,0,0,0,0,0,0,0,0,0,0,0,0,0,2,2,2,2,2,2,2,2,0,-1,0,0,0,0,0,0,0,-1,0,0,0,0,-1,-1,0,0,0,-1,0,0,0,0,0,0,0,0,0,0,-1,-1,0,0,-1,-1,-1,-1,0,-1,0,-1,0,-1,-1,-1,-1,0,0,0,-1,0,-1,-1,-1,-1,-1,-1,-1,-1,-1,-1,-1,-1,-1,-1,-1,-1,-1,-1,-1,0,0,-1,-1,-1,-1,-1,-1,-1,-1,-1,-1,-1,-1,-1,-1,-1,-1,-1,-1,-1,-1,-1,-1,-1,-1,-1,-1,-1,-1,-1,-1,-1,-1,-1,-1,1,12,0,3,1,52,0,7,-5,-21
2,2,2,2,2,2,2,2,0,0,0,0,3,0,0,0,0,0,2,0,0,0,0,0,0,0,0,0,0,0,-1,0,0,0,0,0,0,0,0,0,0,0,0,0,0,2,2,2,2,2,2,2,2,0,-1,0,0,0,0,0,0,0,-1,-1,0,0,-1,-1,0,-1,-1,0,0,-1,-1,-1,0,0,-1,0,0,0,-1,0,0,0,0,-1,0,-1,0,-1,0,0,-1,-1,0,-1,-1,0,-1,0,-1,-1,-1,-1,-1,0,0,0,-1,-1,-1,0,-1,-1,-1,-1,0,-1,-1,-1,-1,-1,-1,-1,-1,-1,-1,-1,-1,-1,0,-1,-1,-1,-1,-1,-1,0,-1,-1,-1,-1,-1,-1,-1,-1,-1,-1,-1,-1,-1,-1,-1,-1,-1,-1,-1,-1,1,12,0,3,1,52,1,7,-5,-21
0,2,2,2,2,2,2,2,0,0,0,0,0,0,0,0,0,0,0,0,0,0,0,0,0,0,0,0,0,0,0,0,0,0,0,0,0,0,0,0,0,0,0,2,2,2,2,2,2,2,0,0,0,0,0,0,-1,0,0,0,0,0,-1,3,2,2,3,-1,3,2,-1,-1,-1,0,3,-1,3,3,-1,2,-1,2,-1,0,0,3,0,3,3,2,3,2,0,0,0,2,2,-1,2,2,-1,3,2,2,-1,3,-1,2,-1,2,2,3,2,-1,2,0,-1,-1,-1,3,0,2,-1,3,0,3,2,2,0,0,2,-1,0,-1,-1,-1,-1,0,-1,-1,3,-1,0,0,-1,-1,3,-1,-1,3,-1,3,-1,0,-1,0,0,0,0,-1,1,14,1,2,1,56,1,2,-5,-21
2,2,2,2,2,2,2,2,0,0,0,0,2,0,0,0,0,0,-1,0,0,0,0,0,0,0,0,0,0,0,0,0,0,0,0,0,0,0,0,0,0,0,0,0,0,2,2,2,2,2,2,2,2,0,-1,0,0,-1,0,0,0,0,-1,-1,0,0,0,-1,-1,-1,0,0,0,0,-1,0,0,-1,0,0,0,-1,0,0,0,-1,0,-1,-1,-1,0,0,0,0,-1,-1,-1,-1,-1,0,-1,0,-1,-1,-1,-1,0,0,0,-1,-1,-1,-1,-1,-1,-1,0,0,-1,-1,0,-1,-1,-1,-1,-1,0,-1,-1,-1,-1,-1,-1,-1,-1,-1,-1,-1,-1,-1,-1,-1,-1,-1,-1,-1,-1,-1,-1,-1,-1,-1,-1,-1,-1,-1,-1,-1,-1,-1,1,12,0,3,1,54,1,6,-5,-21
2,2,2,2,2,2,2,2,0,0,0,0,2,0,0,0,0,0,-1,0,0,0,0,0,0,0,0,0,0,0,0,0,0,0,0,0,0,0,0,0,0,0,0,0,0,2,2,2,2,2,2,2,2,0,-1,0,0,0,0,0,0,0,-1,0,0,0,0,-1,-1,0,0,0,-1,0,0,0,-1,0,0,0,0,0,0,-1,-1,0,0,-1,-1,-1,-1,0,-1,0,-1,0,-1,-1,-1,-1,0,0,0,-1,0,-1,0,-1,-1,-1,0,-1,-1,-1,-1,-1,-1,-1,-1,-1,-1,-1,-1,-1,-1,-1,-1,-1,-1,-1,-1,-1,-1,-1,-1,0,-1,-1,-1,-1,-1,-1,-1,-1,-1,-1,-1,-1,-1,-1,-1,-1,-1,-1,-1,-1,-1,-1,-1,-1,1,12,0,3,1,54,1,6,-5,-21
2,2,2,2,2,2,2,2,0,0,0,0,2,0,0,0,0,0,-1,0,0,0,0,0,0,0,0,0,0,0,0,0,0,0,0,0,0,0,0,0,0,0,0,0,0,2,2,2,2,2,2,2,2,0,-1,0,0,0,0,0,0,0,-1,-1,0,0,0,0,0,-1,-1,0,0,0,-1,0,0,-1,-1,0,0,-1,0,0,0,0,0,0,-1,-1,-1,0,0,0,-1,-1,-1,-1,-1,0,-1,0,-1,-1,-1,-1,0,0,0,-1,-1,0,-1,0,-1,-1,-1,-1,-1,-1,-1,-1,-1,-1,-1,-1,-1,-1,-1,-1,-1,-1,-1,-1,-1,-1,-1,-1,-1,-1,-1,-1,-1,-1,-1,-1,-1,-1,-1,-1,-1,-1,-1,-1,-1,-1,-1,-1,-1,-1,1,12,0,3,1,56,1,6,-5,-21
2,2,2,2,2,2,2,2,0,0,0,0,2,0,0,0,0,0,-1,0,0,0,0,0,0,0,0,0,0,0,0,0,0,0,0,0,0,0,0,0,0,0,0,0,0,2,2,2,2,2,2,2,2,0,-1,0,-1,0,0,-1,0,0,-1,0,0,0,-1,-1,0,-1,0,0,0,0,-1,-1,0,0,0,0,0,0,-1,0,0,0,-1,-1,0,-1,0,-1,0,0,0,0,0,-1,-1,0,-1,-1,-1,0,-1,0,0,-1,-1,-1,-1,0,-1,0,-1,-1,-1,-1,-1,-1,-1,-1,-1,-1,-1,-1,-1,-1,-1,-1,-1,-1,-1,-1,-1,-1,-1,-1,-1,-1,-1,-1,-1,-1,-1,-1,-1,-1,-1,-1,-1,-1,-1,-1,-1,-1,-1,-1,-1,-1,1,12,0,3,1,56,1,6,-5,-21
2,2,2,2,2,2,2,2,0,0,0,0,2,0,0,0,0,0,0,0,0,0,0,0,0,-1,0,0,0,0,0,0,0,0,0,0,0,0,0,0,0,0,0,0,0,2,2,2,2,2,2,2,2,0,-1,0,0,0,0,0,0,0,-1,0,0,0,0,-1,-1,0,0,0,-1,0,0,0,0,-1,0,-1,0,0,0,-1,-1,0,0,-1,0,-1,-1,0,-1,0,-1,0,-1,-1,-1,-1,0,0,0,-1,0,-1,-1,-1,-1,-1,0,-1,-1,-1,-1,-1,-1,-1,-1,-1,-1,-1,-1,-1,0,-1,-1,-1,-1,-1,-1,-1,-1,-1,-1,0,-1,-1,-1,-1,-1,-1,-1,-1,-1,-1,-1,-1,-1,-1,-1,-1,-1,-1,-1,-1,-1,-1,-1,-1,1,12,0,3,1,54,0,6,-5,-21
2,2,2,2,2,2,2,2,0,0,0,0,2,0,0,0,0,0,-1,0,0,0,0,0,0,0,0,0,0,0,0,0,0,0,0,0,0,0,0,0,0,0,0,0,0,2,2,2,2,2,2,2,2,0,-1,0,0,0,0,0,0,0,-1,-1,0,-1,0,-1,0,0,0,0,0,0,-1,-1,0,-1,0,0,-1,-1,-1,0,0,-1,0,-1,0,-1,-1,0,-1,0,-1,-1,-1,-1,-1,-1,0,-1,-1,-1,-1,0,-1,-1,0,0,0,0,-1,-1,-1,-1,0,0,0,0,0,-1,-1,-1,-1,-1,-1,-1,-1,-1,-1,-1,-1,-1,-1,-1,-1,-1,-1,-1,-1,-1,-1,-1,-1,-1,-1,-1,-1,-1,-1,-1,-1,-1,-1,-1,-1,-1,-1,-1,1,12,1,3,1,54,1,6,-5,-21
2,2,2,2,2,2,2,2,0,0,0,0,2,0,0,0,0,0,-1,0,0,0,0,0,0,0,0,0,0,0,0,0,0,0,0,0,0,0,0,0,0,0,0,0,0,2,2,2,2,2,2,2,2,0,-1,0,0,0,0,0,0,0,-1,0,0,0,0,-1,0,-1,0,-1,0,-1,-1,0,0,0,0,0,-1,0,-1,0,0,0,-1,-1,0,-1,0,-1,0,0,0,0,0,-1,-1,0,0,0,-1,0,-1,0,-1,-1,-1,-1,-1,-1,-1,-1,-1,-1,-1,-1,-1,-1,-1,-1,-1,-1,-1,-1,-1,-1,-1,-1,-1,-1,-1,-1,-1,-1,-1,-1,-1,-1,-1,-1,-1,-1,-1,-1,-1,-1,-1,-1,-1,-1,-1,-1,-1,-1,-1,-1,-1,-1,1,12,1,3,1,58,0,6,-5,-21
2,2,2,2,2,2,2,2,0,0,0,0,2,0,0,0,0,0,-1,0,0,0,0,0,0,0,0,0,0,0,0,0,0,0,0,0,0,0,0,0,0,0,0,0,0,2,2,2,2,2,2,2,2,0,-1,0,0,0,0,0,0,0,-1,0,0,0,0,0,-1,-1,0,0,-1,0,0,0,0,0,-1,-1,-1,-1,0,-1,0,-1,0,-1,-1,0,-1,0,-1,0,0,-1,-1,-1,0,-1,-1,0,0,-1,-1,0,0,-1,-1,-1,-1,0,-1,-1,0,-1,0,0,-1,-1,-1,-1,-1,-1,-1,-1,-1,-1,-1,-1,-1,-1,-1,-1,-1,-1,-1,-1,-1,-1,-1,-1,-1,-1,-1,-1,-1,-1,-1,-1,-1,-1,-1,-1,-1,-1,-1,-1,-1,-1,1,12,0,3,1,57,0,6,-5,-21
2,2,2,2,2,2,2,2,0,0,0,0,2,0,0,0,0,0,-1,0,0,0,0,0,0,0,0,0,0,0,0,0,0,0,0,0,0,0,0,0,0,0,0,0,0,2,2,2,2,2,2,2,2,0,-1,0,0,0,-1,0,0,0,-1,-1,0,-1,0,-1,0,0,0,0,0,-1,-1,-1,0,0,0,0,0,0,-1,0,0,0,0,-1,0,-1,0,-1,0,-1,0,-1,0,0,-1,-1,0,-1,-1,0,-1,-1,-1,-1,-1,-1,-1,-1,-1,-1,-1,-1,0,-1,-1,-1,-1,0,-1,-1,-1,0,-1,-1,-1,-1,-1,-1,-1,-1,-1,-1,0,-1,-1,-1,-1,-1,-1,-1,-1,-1,-1,-1,-1,-1,-1,-1,-1,-1,-1,-1,-1,-1,-1,-1,1,12,1,3,1,55,0,6,-5,-21
2,2,2,2,2,2,2,2,0,0,0,0,2,0,0,0,0,0,-1,0,0,0,0,0,0,0,0,0,0,0,0,0,0,0,0,0,0,0,0,0,0,0,0,0,0,2,2,2,2,2,2,2,2,0,-1,0,0,0,0,0,0,0,-1,-1,0,0,0,0,0,-1,0,0,0,0,-1,0,0,0,-1,0,-1,-1,0,0,0,0,0,-1,-1,-1,0,0,0,0,0,-1,0,-1,-1,-1,0,-1,-1,0,-1,-1,0,-1,-1,-1,-1,-1,-1,-1,-1,-1,-1,-1,-1,-1,-1,-1,0,-1,-1,-1,-1,-1,-1,-1,-1,-1,-1,-1,-1,-1,-1,-1,-1,-1,-1,-1,-1,-1,-1,-1,-1,-1,-1,-1,-1,-1,-1,-1,-1,-1,-1,-1,-1,-1,1,12,0,3,1,58,0,6,-5,-21
2,2,2,2,2,2,2,2,0,0,0,0,2,0,0,0,0,0,-1,0,0,0,0,0,0,0,0,0,0,0,0,0,0,0,0,0,0,0,0,0,0,0,0,0,0,2,2,2,2,2,2,2,2,0,-1,0,0,0,0,0,0,0,-1,-1,0,-1,0,-1,0,0,0,-1,0,0,-1,-1,0,-1,0,0,-1,-1,0,0,-1,-1,0,-1,0,-1,-1,0,0,-1,-1,-1,-1,-1,0,-1,0,-1,-1,0,-1,0,-1,-1,0,0,0,0,-1,-1,-1,-1,0,0,-1,-1,0,-1,-1,-1,-1,-1,-1,-1,-1,-1,-1,-1,-1,-1,-1,-1,-1,-1,-1,-1,-1,0,-1,-1,-1,-1,-1,-1,-1,-1,-1,-1,-1,-1,-1,-1,-1,-1,-1,-1,1,12,1,3,1,57,0,6,-5,-21
2,2,2,2,2,2,2,2,0,0,0,0,3,0,0,0,0,0,2,0,0,0,0,0,0,0,0,0,0,0,-1,0,0,0,0,0,0,0,0,0,0,0,0,0,0,2,2,2,2,2,2,2,2,0,-1,0,0,0,0,0,-1,0,-1,-1,0,0,-1,-1,0,-1,-1,0,0,-1,-1,-1,0,0,-1,0,0,0,-1,0,0,0,0,-1,0,-1,0,-1,0,0,-1,-1,0,-1,-1,0,-1,0,-1,-1,-1,-1,-1,0,0,0,-1,-1,-1,0,-1,-1,-1,-1,0,-1,-1,-1,-1,-1,-1,-1,-1,-1,-1,-1,-1,-1,0,-1,-1,-1,-1,-1,-1,0,-1,-1,-1,-1,-1,-1,-1,0,-1,-1,-1,-1,-1,-1,-1,-1,-1,-1,-1,-1,1,12,0,3,1,52,1,7,-5,-21
2,2,2,2,2,2,2,2,0,0,0,0,2,0,0,0,0,0,-1,0,0,0,0,0,0,0,0,0,0,0,0,0,0,0,0,0,0,0,0,0,0,0,0,0,0,2,2,2,2,2,2,2,2,0,-1,-1,-1,0,0,0,0,-1,-1,0,0,0,0,0,-1,-1,0,-1,-1,0,-1,0,-1,0,0,0,0,-1,0,0,-1,-1,0,-1,-1,-1,-1,0,-1,-1,0,0,0,-1,0,-1,-1,0,0,-1,-1,-1,0,-1,0,-1,-1,0,-1,-1,0,-1,0,-1,-1,-1,-1,-1,-1,0,0,-1,-1,-1,-1,-1,-1,-1,0,-1,-1,-1,0,-1,-1,-1,-1,-1,-1,-1,-1,-1,-1,-1,-1,-1,-1,-1,-1,-1,-1,-1,-1,-1,-1,-1,1,12,0,3,1,54,1,6,-5,-21
2,2,2,2,2,2,2,2,0,0,0,0,2,0,0,0,0,0,-1,0,0,0,0,0,0,0,0,0,0,0,0,0,0,0,0,0,0,0,0,0,0,0,0,0,0,2,2,2,2,2,2,2,2,0,0,0,0,0,0,0,0,0,-1,0,0,0,0,0,-1,-1,0,-1,-1,0,-1,0,-1,-1,-1,0,0,0,-1,-1,0,0,0,-1,0,-1,-1,-1,0,0,-1,-1,0,-1,-1,0,-1,0,0,0,-1,-1,0,-1,0,-1,-1,-1,-1,0,-1,-1,0,-1,-1,-1,0,-1,-1,-1,-1,-1,-1,-1,-1,-1,-1,-1,-1,-1,-1,-1,-1,-1,-1,-1,-1,-1,-1,-1,-1,-1,-1,-1,-1,-1,-1,-1,-1,-1,-1,-1,-1,-1,-1,-1,1,12,0,3,1,54,0,6,-5,-21
0,2,2,2,2,2,2,2,0,0,0,0,0,0,0,0,0,0,0,0,0,0,0,0,0,0,0,0,0,0,0,0,0,0,0,0,0,0,0,0,0,0,0,2,2,2,2,2,2,2,0,0,0,0,0,0,-1,0,0,0,0,0,-1,3,2,2,3,-1,3,2,-1,-1,-1,0,3,-1,3,3,-1,2,-1,2,-1,0,0,3,0,3,3,2,3,2,0,0,0,2,2,-1,2,2,-1,3,2,2,0,3,-1,2,-1,2,2,3,2,-1,2,0,-1,-1,-1,3,-1,2,-1,3,0,3,2,2,0,0,2,-1,0,-1,-1,-1,-1,0,-1,-1,3,-1,0,0,-1,-1,3,0,-1,3,-1,3,-1,0,-1,0,-1,0,0,-1,1,12,1,3,1,58,1,4,-5,-21
2,2,2,2,2,2,2,2,0,0,0,0,3,0,0,0,0,0,2,0,0,0,0,0,0,0,0,0,0,0,-1,0,0,0,0,0,0,0,0,0,0,0,0,0,0,2,2,2,2,2,2,2,2,0,-1,-1,0,0,0,0,0,0,-1,-1,0,-1,0,-1,0,0,0,0,0,0,-1,-1,-1,0,0,0,-1,-1,0,0,-1,-1,0,-1,0,-1,-1,0,-1,0,-1,-1,-1,-1,0,-1,0,-1,-1,0,-1,0,-1,-1,0,-1,0,0,-1,-1,-1,-1,0,0,-1,-1,0,-1,-1,-1,-1,-1,-1,-1,-1,-1,-1,-1,-1,-1,-1,-1,-1,-1,-1,-1,-1,-1,-1,-1,-1,-1,-1,-1,-1,0,0,-1,-1,-1,-1,-1,-1,-1,-1,-1,1,12,0,3,1,56,1,6,-5,-21
2,2,2,2,2,2,2,2,0,0,0,0,2,0,0,0,0,0,-1,0,0,0,0,0,0,0,0,0,0,0,0,0,0,0,0,0,0,0,0,0,0,0,0,0,0,2,2,2,2,2,2,2,2,0,-1,0,0,0,0,0,0,0,0,-1,0,0,0,0,0,-1,0,0,0,0,-1,0,0,-1,-1,0,-1,-1,0,0,0,0,0,0,-1,-1,-1,0,0,0,-1,-1,-1,-1,-1,0,-1,0,-1,-1,-1,-1,-1,-1,0,-1,0,0,-1,0,-1,-1,-1,-1,-1,-1,-1,-1,-1,-1,-1,-1,-1,-1,-1,-1,-1,-1,-1,-1,-1,-1,-1,-1,-1,-1,-1,-1,-1,-1,-1,-1,-1,-1,-1,-1,-1,-1,-1,-1,-1,-1,-1,-1,-1,-1,1,12,0,3,1,60,1,6,-5,-21
0,2,2,2,2,2,2,2,0,0,0,0,0,0,0,0,0,0,0,0,0,0,0,0,0,0,0,0,0,0,0,0,0,0,0,0,0,0,0,0,0,0,0,2,2,2,2,2,2,2,0,0,0,0,0,0,-1,0,0,0,0,0,-1,3,2,2,3,-1,3,2,-1,-1,-1,0,3,-1,3,3,-1,2,-1,2,-1,0,0,3,0,3,3,2,3,2,0,0,0,2,2,-1,2,2,-1,3,2,2,0,3,-1,2,-1,2,2,3,2,-1,2,0,-1,-1,-1,3,-1,2,-1,3,0,3,2,2,0,0,2,-1,0,-1,-1,-1,-1,0,-1,-1,3,-1,0,0,-1,-1,3,0,-1,3,-1,3,-1,0,-1,0,-1,0,0,-1,1,12,1,3,1,58,1,6,-5,-21
2,2,2,2,2,2,2,2,0,0,0,0,2,0,0,0,0,0,-1,0,0,0,0,0,0,0,0,0,0,0,0,0,0,0,0,0,0,0,0,0,0,0,0,0,0,2,2,2,2,2,2,2,2,-1,-1,0,0,0,0,0,0,0,-1,-1,0,0,0,0,0,-1,0,0,0,0,0,0,0,0,-1,0,-1,-1,0,0,0,0,0,-1,-1,-1,-1,0,0,0,-1,-1,-1,-1,-1,0,-1,0,-1,-1,-1,-1,-1,-1,0,-1,-1,0,-1,0,-1,-1,-1,0,-1,-1,-1,-1,-1,-1,-1,-1,-1,0,-1,-1,-1,-1,-1,-1,-1,-1,-1,-1,-1,-1,-1,-1,-1,-1,-1,-1,-1,-1,-1,-1,-1,-1,-1,-1,-1,-1,-1,-1,-1,-1,1,12,0,3,1,54,1,6,-5,-21
2,2,2,2,2,2,2,2,0,0,0,0,2,0,0,0,0,0,-1,0,0,0,0,0,0,0,0,0,0,0,0,0,0,0,0,0,0,0,0,0,0,0,0,0,0,2,2,2,2,2,2,2,2,0,-1,0,0,0,0,0,0,0,-1,-1,0,0,0,0,0,-1,0,0,0,0,-1,0,0,-1,-1,0,-1,-1,0,0,0,0,0,-1,-1,-1,-1,0,0,0,-1,-1,-1,-1,-1,0,-1,0,-1,-1,-1,-1,-1,-1,0,-1,0,0,-1,0,-1,-1,-1,-1,0,-1,-1,-1,-1,-1,-1,-1,-1,-1,-1,-1,-1,-1,-1,-1,-1,-1,-1,0,-1,-1,-1,-1,-1,-1,-1,-1,-1,-1,-1,-1,-1,-1,-1,-1,-1,-1,-1,-1,-1,-1,1,12,0,3,1,55,0,6,-5,-21
2,2,2,2,2,2,2,2,0,0,0,0,2,0,0,0,0,0,-1,0,0,0,0,0,0,0,0,0,0,0,0,0,0,0,0,0,0,0,0,0,0,0,0,0,0,2,2,2,2,2,2,2,2,0,-1,0,0,0,0,0,0,0,-1,0,0,0,0,0,0,-1,0,0,0,0,-1,0,0,0,-1,0,-1,-1,0,0,0,0,0,-1,-1,-1,0,0,0,-1,-1,-1,-1,-1,-1,0,-1,0,-1,-1,-1,-1,-1,-1,0,-1,-1,0,-1,0,0,-1,-1,-1,-1,-1,-1,-1,-1,-1,-1,-1,-1,-1,-1,-1,-1,-1,-1,-1,-1,-1,-1,-1,-1,-1,-1,-1,-1,-1,-1,-1,-1,-1,-1,-1,-1,-1,-1,-1,-1,-1,-1,-1,-1,-1,1,12,1,3,1,55,1,6,-5,-21
2,2,2,2,2,2,2,2,0,0,0,0,2,0,0,0,0,0,-1,0,0,0,0,0,0,0,0,0,0,0,0,0,0,0,0,0,0,0,0,0,0,0,0,0,0,2,2,2,2,2,2,2,2,0,-1,0,0,-1,0,0,0,0,-1,0,0,0,0,-1,-1,0,0,0,-1,0,0,0,0,0,0,0,0,0,0,-1,-1,0,0,-1,-1,-1,-1,0,-1,0,-1,-1,-1,0,0,-1,0,-1,-1,-1,-1,-1,-1,0,0,-1,-1,0,-1,0,-1,-1,-1,-1,-1,-1,-1,-1,-1,-1,-1,-1,0,-1,-1,-1,-1,-1,-1,-1,-1,-1,-1,-1,-1,-1,-1,-1,-1,-1,-1,-1,-1,-1,-1,-1,-1,-1,-1,-1,-1,-1,-1,-1,-1,-1,1,12,1,3,1,54,1,6,-5,-21
2,2,2,2,2,2,2,2,0,0,0,0,2,0,0,0,0,0,-1,0,0,0,0,0,0,0,0,0,0,0,0,0,0,0,0,0,0,0,0,0,0,0,0,0,0,2,2,2,2,2,2,2,2,0,-1,0,0,0,0,0,0,0,-1,0,0,0,0,0,-1,-1,0,0,-1,0,0,0,0,0,0,-1,0,0,0,-1,-1,0,0,-1,-1,-1,-1,-1,-1,0,0,0,-1,-1,-1,-1,0,0,0,-1,0,-1,0,-1,0,-1,-1,-1,-1,-1,-1,0,-1,-1,-1,-1,-1,-1,-1,-1,-1,-1,-1,-1,-1,-1,-1,-1,-1,-1,-1,-1,-1,-1,-1,-1,-1,-1,-1,-1,-1,-1,-1,-1,-1,-1,-1,-1,-1,-1,-1,-1,-1,-1,-1,-1,1,12,1,3,1,54,0,6,-5,-21
2,2,2,2,2,2,2,2,0,0,0,0,2,0,0,0,0,0,-1,0,0,0,0,0,0,0,0,0,0,0,0,0,0,0,0,0,0,0,0,0,0,0,0,0,0,2,2,2,2,2,2,2,2,0,-1,0,0,-1,0,0,0,0,-1,-1,0,0,0,0,0,-1,0,0,0,0,-1,0,-1,0,0,0,0,-1,0,0,-1,-1,0,-1,-1,-1,-1,0,-1,-1,0,0,0,-1,0,-1,-1,0,0,-1,-1,-1,0,-1,0,-1,-1,0,-1,-1,0,-1,-1,-1,-1,-1,-1,-1,-1,-1,0,-1,-1,-1,-1,-1,-1,-1,-1,-1,-1,-1,-1,-1,-1,-1,-1,-1,-1,-1,-1,-1,-1,-1,-1,-1,-1,-1,-1,-1,-1,-1,-1,-1,-1,-1,1,12,1,3,1,59,0,6,-5,-21
2,2,2,2,2,2,2,2,0,0,0,0,2,0,0,0,0,0,0,-1,0,0,0,0,0,0,0,0,0,0,0,0,0,0,0,0,0,0,0,0,0,0,0,0,0,2,2,2,2,2,2,2,2,0,-1,0,0,0,-1,0,0,0,-1,0,0,0,0,0,-1,0,0,0,-1,0,0,0,0,0,-1,0,0,-1,-1,0,0,0,0,-1,0,-1,-1,0,-1,0,-1,-1,-1,-1,-1,-1,0,-1,-1,0,-1,-1,0,-1,-1,0,0,-1,-1,-1,-1,-1,-1,-1,-1,-1,0,-1,-1,0,-1,-1,-1,-1,-1,-1,-1,-1,-1,-1,-1,-1,-1,-1,-1,-1,-1,-1,-1,-1,-1,-1,-1,-1,-1,-1,-1,-1,-1,-1,-1,-1,-1,-1,-1,-1,1,12,0,3,1,57,1,6,-5,-21
2,2,2,2,2,2,2,2,0,0,0,0,2,0,0,0,0,0,-1,0,0,0,0,0,0,0,0,0,0,0,0,0,0,0,0,0,0,0,0,0,0,0,0,0,0,2,2,2,2,2,2,2,2,0,-1,0,0,0,0,0,0,-1,-1,0,0,0,0,0,-1,-1,0,-1,-1,0,-1,0,-1,0,-1,0,0,-1,0,0,-1,-1,0,-1,-1,-1,-1,0,-1,0,0,0,0,-1,0,-1,-1,0,0,-1,-1,0,0,-1,0,-1,-1,0,-1,-1,0,-1,0,-1,-1,-1,-1,-1,-1,-1,0,-1,-1,-1,-1,-1,-1,-1,-1,-1,-1,-1,-1,-1,-1,-1,-1,-1,-1,-1,-1,-1,-1,-1,-1,-1,-1,-1,-1,-1,-1,-1,-1,-1,-1,-1,1,12,0,3,1,54,0,6,-5,-21
2,2,2,2,2,2,2,2,0,0,0,0,2,0,0,0,0,0,-1,0,0,0,0,0,0,0,0,0,0,0,0,0,0,0,0,0,0,0,0,0,0,0,0,0,0,2,2,2,2,2,2,2,2,-1,-1,0,0,0,0,0,0,0,-1,0,0,0,0,-1,-1,0,0,0,-1,0,0,0,0,0,0,0,0,0,0,-1,-1,0,0,-1,-1,-1,-1,0,-1,0,-1,0,-1,-1,-1,-1,0,0,0,0,-1,-1,-1,-1,-1,-1,-1,-1,-1,0,-1,-1,-1,-1,-1,-1,-1,-1,-1,-1,-1,-1,-1,-1,-1,-1,-1,0,-1,-1,-1,-1,-1,0,-1,-1,-1,-1,-1,-1,-1,-1,-1,-1,-1,-1,-1,-1,-1,-1,-1,-1,-1,-1,-1,-1,1,12,0,3,1,57,1,6,-5,-21
2,2,2,2,2,2,2,2,0,0,0,0,2,0,0,0,0,0,-1,0,0,0,0,0,0,0,0,0,0,0,0,0,0,0,0,0,0,0,0,0,0,0,0,0,0,2,2,2,2,2,2,2,2,0,-1,0,0,0,0,0,0,0,-1,-1,0,0,0,0,0,-1,0,-1,-1,0,0,0,-1,0,0,0,0,-1,0,0,0,-1,-1,-1,0,-1,-1,-1,-1,-1,-1,-1,-1,-1,0,-1,0,0,0,0,-1,0,-1,-1,0,-1,0,0,-1,0,-1,-1,-1,-1,0,-1,-1,-1,-1,-1,-1,-1,-1,-1,-1,-1,-1,-1,-1,-1,-1,-1,-1,-1,-1,-1,-1,-1,-1,-1,-1,-1,-1,-1,-1,-1,-1,-1,-1,-1,-1,-1,-1,-1,-1,-1,1,12,1,3,1,54,1,6,-5,-21
2,2,2,2,2,2,2,2,0,0,0,0,2,0,0,0,0,0,-1,0,0,0,0,0,0,0,0,0,0,0,0,0,0,0,0,0,0,0,0,0,0,0,0,0,0,2,2,2,2,2,2,2,2,0,-1,0,0,0,0,0,0,0,-1,0,0,0,0,-1,-1,0,0,0,-1,0,-1,0,0,0,0,0,0,0,0,-1,-1,0,0,-1,-1,-1,-1,0,-1,0,-1,0,-1,-1,-1,-1,0,0,0,-1,0,-1,0,-1,0,-1,-1,-1,-1,-1,-1,-1,-1,-1,-1,-1,-1,-1,-1,-1,-1,-1,-1,-1,-1,-1,-1,-1,-1,-1,-1,-1,-1,0,-1,-1,-1,-1,-1,-1,-1,-1,-1,-1,-1,-1,-1,-1,-1,-1,-1,-1,-1,-1,-1,-1,1,12,0,3,1,55,0,6,-5,-21
2,2,2,2,2,2,2,2,0,0,0,0,2,0,0,0,0,0,-1,0,0,0,0,0,0,0,0,0,0,0,0,0,0,0,0,0,0,0,0,0,0,0,0,0,0,2,2,2,2,2,2,2,2,0,-1,0,0,0,0,-1,0,0,-1,0,0,0,0,-1,0,-1,0,-1,0,-1,-1,0,0,0,0,0,0,0,-1,0,0,0,-1,-1,0,-1,0,-1,0,0,0,0,0,-1,-1,0,-1,0,-1,0,-1,0,-1,-1,-1,-1,-1,0,-1,-1,-1,-1,-1,-1,-1,-1,-1,-1,-1,-1,-1,-1,-1,-1,-1,-1,-1,-1,-1,-1,-1,-1,-1,-1,-1,-1,-1,-1,-1,-1,-1,-1,-1,-1,-1,-1,-1,-1,-1,-1,-1,-1,-1,-1,-1,-1,1,12,0,3,1,54,0,6,-5,-21
2,2,2,2,2,2,2,2,0,0,0,0,2,0,0,0,0,0,-1,0,0,0,0,0,0,0,0,0,0,0,0,0,0,0,0,0,0,0,0,0,0,0,0,0,0,2,2,2,2,2,2,2,2,0,-1,0,0,0,-1,0,0,0,-1,-1,0,-1,0,-1,0,0,0,0,0,0,-1,-1,0,-1,0,0,-1,-1,0,0,-1,-1,0,-1,0,-1,-1,0,-1,0,-1,-1,-1,-1,-1,-1,0,-1,-1,-1,-1,0,-1,-1,0,0,0,0,-1,-1,-1,-1,0,0,0,-1,0,-1,-1,-1,-1,-1,-1,-1,-1,-1,-1,0,-1,-1,-1,-1,-1,-1,-1,0,-1,-1,-1,-1,-1,-1,-1,-1,-1,-1,-1,-1,-1,-1,-1,-1,-1,-1,-1,-1,1,12,0,3,1,54,1,6,-5,-21
2,2,2,2,2,2,2,2,0,0,0,0,2,0,0,0,0,0,-1,0,0,0,0,0,0,0,0,0,0,0,0,0,0,0,0,0,0,0,0,0,0,0,0,0,0,2,2,2,2,2,2,2,2,0,-1,0,0,0,0,0,0,0,-1,-1,0,0,0,0,0,0,0,0,-1,0,0,0,0,0,-1,0,-1,-1,0,0,0,-1,-1,-1,-1,-1,-1,-1,-1,-1,0,-1,-1,-1,0,-1,-1,0,-1,0,-1,-1,0,0,-1,0,0,-1,-1,-1,-1,-1,-1,-1,-1,-1,0,-1,-1,-1,0,-1,-1,-1,-1,-1,-1,-1,-1,-1,-1,-1,-1,-1,-1,-1,-1,-1,-1,-1,-1,-1,-1,-1,-1,-1,-1,-1,-1,-1,0,-1,-1,-1,-1,-1,1,12,0,3,1,54,0,6,-5,-21
2,2,2,2,2,2,2,2,0,0,0,0,2,0,0,0,0,0,-1,0,0,0,0,0,0,0,0,0,0,0,0,0,0,0,0,0,0,0,0,0,0,0,0,0,0,2,2,2,2,2,2,2,2,0,-1,0,0,0,0,-1,0,0,-1,0,0,0,0,-1,0,-1,0,-1,0,-1,-1,0,0,0,0,0,0,0,-1,0,0,0,-1,-1,0,-1,0,-1,0,0,0,0,0,-1,-1,0,-1,0,-1,0,-1,0,-1,-1,-1,-1,-1,0,-1,-1,-1,-1,-1,-1,-1,-1,-1,-1,-1,-1,-1,-1,-1,-1,-1,-1,-1,-1,-1,-1,-1,-1,-1,-1,-1,-1,-1,-1,-1,-1,-1,-1,-1,-1,-1,-1,-1,-1,-1,-1,-1,-1,-1,-1,-1,-1,1,12,0,3,1,54,1,6,-5,-21
2,2,2,2,2,2,2,2,0,0,0,0,2,0,0,0,0,0,-1,0,0,0,0,0,0,0,0,0,0,0,0,0,0,0,0,0,0,0,0,0,0,0,0,0,0,2,2,2,2,2,2,2,2,0,-1,0,0,0,0,0,0,0,-1,-1,0,0,0,0,0,-1,0,-1,-1,0,-1,0,0,0,0,0,0,-1,0,0,0,-1,0,-1,-1,-1,-1,0,0,-1,-1,0,0,-1,0,-1,-1,0,0,-1,-1,0,-1,-1,0,0,0,-1,-1,-1,-1,-1,-1,-1,-1,-1,-1,-1,-1,-1,-1,-1,-1,-1,-1,-1,-1,-1,-1,-1,-1,-1,-1,-1,-1,-1,-1,-1,-1,-1,-1,-1,-1,-1,-1,-1,-1,-1,-1,-1,-1,-1,-1,-1,-1,-1,1,12,1,3,1,54,1,6,-5,-21
2,2,2,2,2,2,2,2,0,0,0,0,2,0,0,0,0,0,-1,0,0,0,0,0,0,0,0,0,0,0,0,0,0,0,0,0,0,0,0,0,0,0,0,0,0,2,2,2,2,2,2,2,2,0,-1,0,0,0,0,0,0,0,-1,0,0,0,0,-1,-1,0,-1,0,-1,0,0,0,0,0,0,0,0,0,-1,-1,-1,0,0,-1,-1,-1,-1,-1,-1,0,0,0,-1,-1,-1,-1,0,0,0,-1,0,-1,0,-1,-1,0,-1,0,0,-1,-1,-1,-1,-1,-1,-1,-1,-1,-1,-1,-1,-1,-1,-1,-1,-1,-1,-1,-1,-1,-1,-1,-1,-1,-1,-1,-1,-1,-1,-1,-1,-1,-1,-1,-1,-1,-1,-1,-1,-1,-1,-1,-1,-1,-1,-1,1,12,0,3,1,54,1,6,-5,-21
2,2,2,2,2,2,2,2,0,0,0,0,2,0,0,0,0,0,3,0,0,0,0,0,0,0,0,0,-1,0,0,0,0,0,0,0,0,0,0,0,0,0,0,0,0,2,2,2,2,2,2,2,2,0,-1,0,0,-1,0,-1,0,0,-1,0,0,0,-1,-1,0,0,0,-1,0,-1,-1,0,0,0,-1,0,0,-1,-1,0,0,0,0,-1,-1,-1,0,0,0,0,0,-1,0,-1,-1,-1,0,-1,-1,0,-1,-1,0,-1,-1,0,0,0,-1,-1,-1,-1,-1,-1,0,-1,0,-1,-1,-1,-1,-1,-1,-1,-1,-1,-1,-1,-1,-1,-1,-1,-1,-1,-1,-1,-1,-1,-1,-1,-1,-1,-1,-1,-1,-1,-1,-1,-1,-1,-1,-1,-1,-1,-1,-1,1,12,1,3,1,54,0,6,-5,-21
2,2,2,2,2,2,2,2,0,0,0,0,2,0,0,0,0,0,-1,0,0,0,0,0,0,0,0,0,0,0,0,0,0,0,0,0,0,0,0,0,0,0,0,0,0,2,2,2,2,2,2,2,2,0,-1,0,0,0,0,0,0,0,-1,0,0,0,0,-1,-1,0,0,0,-1,0,0,0,0,-1,0,0,0,0,0,0,0,-1,0,-1,-1,-1,0,0,0,0,-1,-1,-1,-1,-1,0,-1,0,-1,-1,-1,-1,0,-1,0,-1,-1,-1,-1,-1,-1,-1,-1,-1,-1,-1,-1,-1,-1,-1,0,-1,-1,-1,-1,-1,-1,-1,-1,-1,-1,-1,-1,-1,-1,-1,-1,-1,-1,-1,-1,-1,-1,-1,-1,-1,-1,-1,-1,-1,-1,-1,-1,-1,-1,-1,1,12,1,3,1,54,1,6,-5,-21
2,2,2,2,2,2,2,2,0,0,0,0,3,0,0,0,0,0,2,0,0,0,0,0,0,0,0,0,0,0,-1,0,0,0,0,0,0,0,0,0,0,0,0,0,0,2,2,2,2,2,2,2,2,0,-1,0,0,0,0,0,0,0,-1,-1,0,-1,0,-1,0,0,0,-1,0,0,-1,-1,-1,0,0,0,-1,-1,0,0,-1,-1,0,-1,0,-1,-1,0,-1,0,-1,-1,-1,-1,0,-1,0,-1,-1,0,-1,0,-1,-1,0,-1,0,0,-1,-1,-1,-1,0,0,-1,-1,0,-1,-1,-1,-1,-1,-1,-1,-1,-1,-1,-1,-1,-1,-1,-1,-1,-1,-1,-1,-1,-1,-1,-1,-1,-1,-1,-1,-1,0,0,-1,-1,-1,-1,-1,-1,-1,-1,-1,1,12,1,3,1,56,1,6,-5,-21
2,2,2,2,2,2,2,2,0,0,0,0,2,0,0,0,0,0,-1,0,0,0,0,0,0,0,0,0,0,0,0,0,0,0,0,0,0,0,0,0,0,0,0,0,0,2,2,2,2,2,2,2,2,0,-1,0,-1,0,0,0,3,0,-1,-1,0,0,0,-1,0,-1,-1,-1,0,-1,-1,0,0,-1,-1,0,0,0,-1,0,0,0,0,-1,0,-1,0,-1,0,0,-1,-1,0,-1,-1,-1,-1,0,-1,0,-1,0,-1,0,0,-1,-1,-1,-1,0,-1,-1,-1,-1,0,-1,-1,-1,-1,-1,-1,-1,-1,-1,-1,-1,-1,-1,0,-1,-1,-1,-1,-1,-1,0,-1,-1,-1,-1,-1,-1,-1,-1,-1,-1,-1,-1,-1,-1,-1,-1,0,-1,-1,-1,1,12,0,3,1,57,1,6,-5,-21
2,2,2,2,2,2,2,2,0,0,0,0,2,0,0,0,0,0,-1,0,0,0,0,0,0,0,0,0,0,0,0,0,0,0,0,0,0,0,0,0,0,0,0,0,0,2,2,2,2,2,2,2,2,0,-1,0,0,0,0,0,0,0,-1,0,0,0,0,0,-1,-1,0,0,-1,0,0,0,0,0,-1,-1,-1,-1,0,-1,0,-1,0,-1,-1,0,-1,0,-1,0,0,-1,-1,-1,0,-1,-1,0,0,-1,-1,0,0,-1,-1,-1,-1,-1,-1,-1,0,-1,0,0,-1,-1,-1,-1,-1,-1,-1,0,-1,-1,-1,-1,-1,-1,-1,-1,-1,-1,-1,-1,-1,-1,-1,-1,-1,-1,-1,-1,-1,-1,-1,-1,-1,-1,-1,-1,-1,-1,-1,-1,-1,-1,1,12,0,4,1,54,1,5,-5,-21
2,2,2,2,2,2,2,2,0,0,0,0,2,0,0,0,0,0,-1,0,0,0,0,0,0,0,0,0,0,0,0,0,0,0,0,0,0,0,0,0,0,0,0,0,0,2,2,2,2,2,2,2,2,0,0,0,0,0,0,0,0,-1,-1,0,0,0,-1,0,0,-1,0,0,0,0,-1,0,0,0,-1,0,-1,-1,0,0,0,0,0,-1,-1,-1,-1,0,0,0,-1,0,-1,-1,-1,0,-1,0,-1,-1,-1,-1,-1,0,0,0,-1,-1,-1,0,-1,-1,-1,-1,-1,-1,-1,-1,-1,-1,-1,-1,-1,-1,-1,-1,-1,-1,-1,-1,-1,-1,-1,-1,-1,-1,-1,-1,-1,-1,-1,-1,-1,-1,-1,-1,-1,-1,-1,-1,-1,-1,-1,-1,-1,-1,1,12,0,3,1,56,0,6,-5,-21
2,2,2,2,2,2,2,2,0,0,0,0,2,0,0,0,0,0,-1,0,0,0,0,0,0,0,0,0,0,0,0,0,0,0,0,0,0,0,0,0,0,0,0,0,0,2,2,2,2,2,2,2,2,0,-1,0,0,0,0,0,0,0,-1,-1,0,0,0,0,0,0,0,0,0,0,0,0,0,0,-1,0,-1,-1,0,0,0,-1,0,-1,-1,-1,-1,-1,-1,0,0,-1,-1,-1,0,-1,-1,0,-1,0,-1,-1,0,0,-1,0,0,-1,-1,-1,-1,-1,-1,-1,-1,-1,-1,-1,-1,-1,-1,-1,-1,-1,-1,-1,-1,-1,-1,-1,-1,-1,-1,-1,-1,-1,-1,-1,-1,-1,-1,-1,-1,-1,-1,-1,-1,-1,-1,-1,-1,-1,-1,-1,-1,-1,1,12,0,3,1,55,0,6,-5,-21
2,2,2,2,2,2,2,2,0,0,0,0,2,0,0,0,0,0,-1,0,0,0,0,0,0,0,0,0,0,0,0,0,0,0,0,0,0,0,0,0,0,0,0,0,0,2,2,2,2,2,2,2,2,0,0,0,0,0,0,0,0,0,-1,-1,0,0,0,-1,-1,0,0,0,-1,0,0,0,0,0,0,0,0,0,-1,0,0,0,0,-1,-1,-1,-1,0,0,0,-1,-1,-1,-1,-1,0,-1,0,-1,-1,-1,-1,-1,-1,0,-1,-1,0,-1,0,-1,-1,-1,-1,-1,-1,-1,-1,-1,-1,-1,-1,-1,-1,-1,-1,-1,-1,-1,-1,-1,-1,-1,-1,-1,-1,-1,-1,-1,-1,-1,-1,-1,-1,-1,-1,-1,-1,-1,-1,-1,-1,-1,-1,-1,-1,1,12,0,3,1,54,1,6,-5,-21
2,2,2,2,2,2,2,2,0,0,0,0,2,0,0,0,0,0,-1,0,0,0,0,0,0,0,0,0,0,0,0,0,0,0,0,0,0,0,0,0,0,0,0,0,0,2,2,2,2,2,2,2,2,0,-1,0,0,0,-1,0,0,0,-1,-1,0,-1,0,-1,0,0,0,-1,0,0,-1,-1,0,-1,0,0,-1,-1,0,0,-1,-1,0,-1,0,-1,0,0,-1,0,-1,-1,-1,-1,-1,-1,0,-1,-1,-1,-1,0,-1,-1,0,0,0,0,-1,-1,-1,0,0,0,0,-1,0,-1,-1,-1,-1,-1,-1,-1,-1,-1,-1,0,-1,-1,-1,-1,-1,-1,-1,-1,-1,-1,-1,-1,-1,-1,-1,-1,-1,-1,-1,-1,-1,-1,-1,-1,-1,-1,-1,-1,1,12,0,3,1,57,1,6,-5,-21
2,2,2,2,2,2,2,2,0,0,0,0,2,0,0,0,0,0,3,0,0,0,0,0,0,0,0,0,-1,0,0,0,0,0,0,0,0,0,0,0,0,0,0,0,0,2,2,2,2,2,2,2,2,0,-1,0,0,0,0,0,0,0,-1,-1,0,0,-1,-1,0,-1,-1,0,0,-1,-1,0,0,0,-1,0,0,0,-1,0,0,0,-1,-1,0,-1,0,-1,0,0,-1,-1,0,-1,-1,0,-1,0,0,-1,-1,-1,-1,0,0,-1,-1,-1,-1,0,-1,-1,-1,-1,0,-1,-1,-1,-1,-1,-1,-1,-1,-1,-1,-1,-1,0,0,-1,-1,-1,-1,-1,-1,-1,-1,-1,-1,-1,-1,-1,-1,-1,-1,-1,-1,-1,-1,-1,-1,-1,-1,-1,-1,-1,1,12,1,3,1,55,0,6,-5,-21
2,2,2,2,2,2,2,2,0,0,0,0,2,0,0,0,0,0,-1,0,0,0,0,0,0,0,0,0,0,0,0,0,0,0,0,0,0,0,0,0,0,0,0,0,0,2,2,2,2,2,2,2,2,0,-1,0,-1,0,0,0,0,0,-1,-1,0,0,0,-1,0,-1,-1,-1,0,-1,-1,0,0,0,-1,0,0,0,-1,0,0,0,0,-1,0,-1,0,-1,0,0,-1,-1,0,-1,-1,-1,-1,0,-1,0,-1,0,-1,0,0,-1,-1,-1,-1,0,-1,-1,-1,-1,0,-1,-1,-1,-1,-1,-1,-1,-1,-1,-1,-1,-1,-1,0,-1,-1,-1,-1,-1,-1,0,-1,-1,-1,-1,-1,-1,-1,-1,-1,-1,-1,-1,-1,-1,-1,-1,-1,-1,-1,-1,1,12,1,3,1,57,0,6,-5,-21
2,2,2,2,2,2,2,2,0,0,0,0,2,0,0,0,0,0,-1,0,0,0,0,0,0,0,0,0,0,0,0,0,0,0,0,0,0,0,0,0,0,0,0,0,0,2,2,2,2,2,2,2,2,0,-1,0,0,0,-1,0,0,0,-1,-1,0,-1,-1,-1,0,0,0,0,0,0,0,-1,0,-1,0,0,-1,-1,0,0,-1,-1,0,-1,0,-1,-1,0,-1,0,-1,0,-1,-1,-1,-1,0,-1,-1,-1,-1,0,-1,-1,0,-1,0,0,-1,-1,-1,-1,-1,0,0,-1,0,-1,-1,-1,-1,-1,-1,-1,-1,-1,-1,0,-1,-1,-1,-1,-1,-1,-1,0,-1,-1,-1,-1,-1,-1,-1,-1,-1,-1,-1,-1,-1,-1,-1,0,-1,-1,-1,-1,1,12,0,3,1,60,0,6,-5,-21
2,2,2,2,2,2,2,2,0,0,0,0,2,0,0,0,0,0,-1,0,0,0,0,0,0,0,0,0,0,0,0,0,0,0,0,0,0,0,0,0,0,0,0,0,0,2,2,2,2,2,2,2,2,0,-1,0,0,0,0,0,0,0,-1,0,0,0,0,0,-1,-1,0,0,0,0,-1,0,0,0,-1,-1,0,0,-1,0,-1,0,-1,-1,-1,-1,-1,-1,-1,0,0,-1,-1,-1,0,-1,-1,0,-1,0,-1,-1,0,-1,-1,0,0,-1,-1,-1,-1,-1,-1,-1,-1,-1,0,0,-1,0,-1,-1,-1,-1,-1,-1,-1,-1,-1,-1,-1,0,-1,-1,-1,-1,-1,-1,-1,-1,-1,-1,-1,-1,-1,-1,-1,-1,-1,-1,-1,-1,-1,-1,-1,-1,1,12,0,3,1,54,1,6,-5,-21
2,2,2,2,2,2,2,2,0,0,0,0,2,0,0,0,0,0,-1,0,0,0,0,0,0,0,0,0,0,0,0,0,0,0,0,0,0,0,0,0,0,0,0,0,0,2,2,2,2,2,2,2,2,0,-1,0,-1,0,0,-1,-1,0,-1,0,-1,0,-1,-1,0,0,0,-1,0,0,-1,0,0,0,0,0,0,-1,-1,0,0,0,-1,-1,0,-1,0,-1,0,0,0,0,0,-1,-1,0,-1,0,-1,0,-1,0,-1,-1,-1,-1,-1,0,-1,0,-1,-1,-1,-1,-1,-1,-1,-1,-1,-1,-1,-1,-1,-1,-1,-1,0,-1,-1,-1,-1,-1,-1,-1,-1,-1,0,-1,-1,-1,-1,-1,-1,-1,-1,-1,-1,-1,-1,-1,-1,-1,-1,-1,-1,-1,1,12,0,3,1,54,1,6,-5,-21
2,2,2,2,2,2,2,2,0,0,0,0,2,0,0,0,0,0,-1,0,0,0,0,0,0,0,0,0,0,0,0,0,0,0,0,0,0,0,0,0,0,0,0,0,0,2,2,2,2,2,2,2,2,0,-1,0,0,0,0,0,0,0,-1,0,0,-1,-1,-1,0,-1,0,0,0,-1,-1,0,0,0,0,0,0,0,-1,0,0,-1,0,-1,-1,-1,0,-1,0,0,0,-1,0,-1,-1,-1,0,-1,-1,0,-1,-1,-1,0,0,-1,0,0,-1,0,-1,-1,-1,-1,-1,-1,-1,-1,-1,-1,-1,-1,-1,-1,-1,-1,-1,-1,-1,-1,-1,-1,-1,-1,-1,-1,-1,-1,-1,-1,-1,-1,-1,-1,-1,-1,-1,-1,-1,-1,-1,-1,-1,-1,-1,-1,1,12,0,3,1,58,0,6,-5,-21
2,2,2,2,2,2,2,2,0,0,0,0,2,0,0,0,0,0,-1,0,0,0,0,0,0,0,0,0,0,0,0,0,0,0,0,0,0,0,0,0,0,0,0,0,0,2,2,2,2,2,2,2,2,0,-1,0,0,-1,-1,0,0,0,-1,-1,0,0,0,-1,-1,-1,0,0,0,0,-1,0,0,-1,0,0,0,-1,0,0,0,-1,0,-1,-1,-1,0,0,0,-1,0,0,0,-1,0,-1,-1,0,0,-1,-1,-1,0,-1,0,0,-1,0,-1,-1,0,-1,-1,-1,-1,-1,-1,-1,-1,-1,-1,-1,-1,-1,-1,-1,-1,-1,-1,-1,-1,-1,-1,-1,-1,-1,-1,-1,-1,-1,-1,-1,-1,-1,-1,-1,-1,-1,-1,-1,-1,-1,-1,-1,-1,-1,1,12,0,3,1,55,1,6,-5,-21
2,2,2,2,2,2,2,2,0,0,0,0,2,0,0,0,0,0,-1,0,0,0,0,0,0,0,0,0,0,0,0,0,0,0,0,0,0,0,0,0,0,0,0,0,0,2,2,2,2,2,2,2,2,0,-1,0,0,0,0,0,0,-1,-1,0,0,0,0,0,-1,-1,0,-1,-1,0,-1,0,-1,0,0,0,0,-1,0,0,-1,-1,0,-1,-1,-1,-1,0,-1,-1,0,0,0,-1,0,-1,-1,0,0,-1,-1,-1,0,-1,0,-1,-1,0,-1,-1,0,-1,0,-1,-1,-1,-1,-1,-1,-1,0,-1,-1,-1,-1,-1,-1,-1,0,-1,-1,-1,-1,-1,-1,-1,-1,-1,-1,-1,-1,-1,-1,-1,-1,-1,-1,-1,-1,-1,-1,-1,-1,-1,-1,-1,1,12,0,3,1,54,0,6,-5,-21
2,2,2,2,2,2,2,2,0,0,0,0,2,0,0,0,0,0,-1,0,0,0,0,0,0,0,0,0,0,0,0,0,0,0,0,0,0,0,0,0,0,0,0,0,0,2,2,2,2,2,2,2,2,0,-1,0,0,0,0,0,0,-1,0,0,0,0,0,0,-1,-1,0,-1,-1,0,-1,0,-1,0,0,0,0,-1,0,0,-1,-1,0,-1,-1,-1,-1,0,-1,-1,0,0,0,-1,0,-1,-1,0,0,-1,-1,-1,0,-1,0,-1,-1,0,0,-1,0,-1,0,-1,-1,-1,-1,-1,-1,-1,-1,-1,-1,-1,-1,-1,-1,-1,-1,-1,-1,-1,-1,-1,-1,-1,-1,-1,-1,-1,-1,-1,-1,-1,-1,-1,-1,-1,-1,-1,-1,-1,-1,-1,-1,-1,1,12,1,3,1,58,0,6,-5,-21
2,2,2,2,2,2,2,2,0,0,0,0,2,0,0,0,0,0,-1,0,0,0,0,0,0,0,0,0,0,0,0,0,0,0,0,0,0,0,0,0,0,0,0,0,0,2,2,2,2,2,2,2,2,0,-1,0,0,0,0,0,0,0,-1,-1,0,0,-1,-1,0,-1,-1,0,0,-1,-1,0,0,0,-1,-1,0,0,0,0,0,0,0,-1,-1,-1,0,-1,0,0,-1,-1,-1,-1,-1,0,-1,0,0,-1,0,-1,0,-1,0,-1,-1,-1,-1,0,-1,-1,0,-1,0,-1,-1,-1,-1,-1,0,-1,-1,-1,-1,-1,-1,-1,-1,-1,-1,-1,-1,-1,-1,-1,-1,-1,-1,-1,-1,-1,-1,-1,-1,-1,-1,-1,-1,-1,-1,-1,-1,-1,-1,-1,1,12,0,3,1,55,0,6,-5,-21
2,2,2,2,2,2,2,2,0,0,0,0,2,0,0,0,0,0,-1,0,0,0,0,0,0,0,0,0,0,0,0,0,0,0,0,0,0,0,0,0,0,0,0,0,0,2,2,2,2,2,2,2,2,0,-1,0,0,0,0,0,0,0,-1,-1,0,0,0,0,0,-1,0,0,0,0,-1,0,0,-1,-1,0,-1,-1,0,0,0,0,0,-1,-1,-1,-1,0,-1,0,-1,-1,-1,-1,-1,0,-1,0,-1,-1,-1,-1,-1,-1,0,-1,0,0,-1,0,-1,-1,0,-1,-1,-1,-1,0,-1,-1,-1,0,-1,-1,-1,-1,-1,-1,-1,-1,-1,-1,-1,-1,-1,-1,-1,-1,-1,-1,-1,-1,-1,-1,-1,-1,-1,-1,-1,-1,-1,-1,-1,-1,-1,-1,1,12,1,3,1,56,1,6,-5,-21
2,2,2,2,2,2,2,2,0,0,0,0,2,0,0,0,0,0,-1,0,0,0,0,0,0,0,0,0,0,0,0,0,0,0,0,0,0,0,0,0,0,0,0,0,0,2,2,2,2,2,2,2,2,0,-1,0,0,0,0,0,0,0,-1,-1,0,0,0,0,0,0,0,0,0,0,0,0,0,0,-1,0,0,0,-1,0,-1,-1,-1,-1,-1,-1,-1,-1,-1,0,0,-1,-1,-1,0,-1,-1,0,-1,0,-1,-1,0,-1,-1,0,0,-1,-1,-1,-1,-1,-1,-1,-1,-1,0,-1,-1,-1,-1,0,-1,-1,-1,-1,-1,-1,-1,-1,-1,-1,-1,-1,-1,-1,-1,-1,-1,-1,-1,-1,-1,-1,-1,-1,-1,-1,-1,-1,-1,-1,-1,-1,-1,-1,1,12,1,3,1,56,0,6,-5,-21
2,2,2,2,2,2,2,2,0,0,0,0,2,0,0,0,0,0,3,0,0,0,0,0,0,0,0,0,0,0,0,0,0,0,0,0,0,0,0,0,0,0,0,-1,0,2,2,2,2,2,2,2,2,0,-1,0,0,0,0,-1,-1,0,-1,0,0,0,-1,-1,0,-1,0,-1,0,-1,-1,0,0,0,0,0,0,0,-1,0,0,0,-1,-1,0,-1,0,-1,0,0,-1,0,0,-1,0,0,-1,0,-1,0,-1,0,-1,-1,-1,-1,0,0,-1,-1,-1,-1,-1,-1,-1,-1,-1,-1,-1,-1,-1,-1,-1,-1,-1,-1,-1,0,-1,-1,-1,-1,-1,-1,-1,-1,-1,-1,-1,-1,-1,-1,-1,-1,-1,-1,-1,-1,-1,-1,-1,-1,-1,-1,-1,-1,1,12,0,3,1,56,0,6,-5,-21
2,2,2,2,2,2,2,2,0,0,0,0,2,0,0,0,0,0,3,0,0,0,0,0,0,0,0,0,-1,0,0,0,0,0,0,0,0,0,0,0,0,0,0,0,0,2,2,2,2,2,2,2,2,0,-1,0,0,0,0,0,0,0,-1,-1,0,0,-1,-1,0,-1,-1,0,0,-1,-1,0,0,0,-1,0,0,0,-1,0,0,0,-1,-1,0,-1,0,-1,0,0,-1,-1,0,-1,-1,0,-1,0,0,-1,-1,-1,-1,0,0,-1,-1,-1,-1,0,-1,-1,-1,-1,0,-1,-1,-1,-1,-1,-1,-1,-1,-1,-1,-1,-1,0,0,-1,-1,-1,-1,-1,-1,-1,-1,-1,-1,-1,-1,-1,-1,-1,-1,-1,-1,-1,-1,-1,-1,-1,-1,-1,-1,-1,1,12,0,3,1,55,0,6,-5,-21
2,2,2,2,2,2,2,2,0,0,0,0,2,0,0,0,0,0,-1,0,0,0,0,0,0,0,0,0,0,0,0,0,0,0,0,0,0,0,0,0,0,0,0,0,0,2,2,2,2,2,2,2,2,0,-1,0,0,0,0,0,0,0,-1,-1,0,0,0,0,0,0,-1,0,0,0,0,0,0,0,-1,0,-1,-1,0,0,0,-1,-1,-1,-1,-1,-1,-1,-1,0,0,-1,-1,-1,0,-1,-1,0,-1,0,-1,-1,-1,-1,-1,0,0,0,-1,-1,-1,-1,-1,-1,-1,-1,0,-1,-1,0,-1,-1,-1,-1,-1,-1,-1,-1,-1,0,-1,-1,-1,-1,-1,-1,-1,-1,-1,-1,-1,-1,-1,-1,-1,-1,-1,-1,-1,-1,-1,-1,-1,-1,-1,-1,1,12,1,3,1,55,1,6,-5,-21
2,2,2,2,2,2,2,2,0,0,0,0,2,0,0,0,0,0,-1,0,0,0,0,0,0,0,0,0,0,0,0,0,0,0,0,0,0,0,0,0,0,0,0,0,0,2,2,2,2,2,2,2,2,0,-1,0,0,0,0,0,0,0,-1,0,0,0,0,-1,-1,0,0,0,-1,0,0,0,0,0,0,0,0,0,-1,-1,0,0,-1,-1,0,-1,0,-1,0,0,0,0,-1,-1,0,-1,-1,0,0,-1,-1,-1,0,-1,-1,-1,-1,-1,-1,-1,-1,-1,-1,-1,-1,-1,-1,-1,-1,-1,-1,-1,-1,-1,-1,-1,-1,-1,-1,-1,-1,-1,-1,-1,-1,-1,-1,-1,-1,-1,-1,-1,-1,-1,-1,-1,-1,-1,-1,-1,-1,-1,-1,-1,-1,-1,1,12,0,3,1,54,0,6,-5,-21
2,2,2,2,2,2,2,2,0,0,0,0,2,0,0,0,0,0,0,0,0,0,0,0,0,-1,0,0,0,0,0,0,0,0,0,0,0,0,0,0,0,0,0,0,0,2,2,2,2,2,2,2,2,0,-1,0,0,0,0,0,0,0,-1,0,0,0,0,-1,-1,0,0,0,-1,0,0,0,0,-1,0,-1,0,0,0,-1,-1,0,-1,-1,0,-1,0,0,-1,0,-1,0,0,-1,-1,-1,-1,0,0,-1,-1,-1,0,-1,0,-1,-1,0,-1,-1,0,-1,-1,-1,-1,-1,-1,-1,-1,-1,-1,-1,-1,-1,-1,-1,-1,-1,-1,-1,-1,-1,-1,-1,-1,-1,-1,-1,-1,-1,-1,-1,-1,-1,-1,-1,-1,-1,-1,-1,-1,-1,-1,-1,-1,-1,1,12,0,3,1,54,1,6,-5,-21
2,2,2,2,2,2,2,2,0,0,0,0,2,0,0,0,0,0,-1,0,0,0,0,0,0,0,0,0,0,0,0,0,0,0,0,0,0,0,0,0,0,0,0,0,0,2,2,2,2,2,2,2,2,0,-1,0,0,0,0,0,0,0,-1,0,0,0,0,0,-1,-1,0,0,-1,0,0,0,0,0,0,0,0,0,0,-1,-1,0,0,-1,-1,-1,-1,-1,-1,0,0,0,-1,-1,-1,-1,0,0,0,-1,0,-1,0,-1,0,-1,-1,-1,-1,-1,-1,-1,-1,-1,-1,-1,-1,-1,-1,-1,-1,-1,-1,-1,-1,-1,-1,-1,-1,-1,-1,-1,-1,-1,-1,-1,-1,-1,-1,-1,-1,-1,-1,-1,-1,-1,-1,-1,-1,-1,-1,-1,-1,-1,-1,-1,1,12,0,3,1,54,0,6,-5,-21
2,2,2,2,2,2,2,2,0,0,0,0,2,0,0,0,0,0,-1,0,0,0,0,0,0,0,0,0,0,0,0,0,0,0,0,0,0,0,0,0,0,0,0,0,0,2,2,2,2,2,2,2,2,0,0,0,0,0,0,0,0,0,-1,-1,0,0,0,-1,-1,0,0,0,-1,0,0,0,0,0,0,0,0,0,-1,0,0,0,0,0,0,-1,-1,-1,0,0,-1,-1,-1,-1,0,-1,0,-1,-1,0,-1,0,-1,-1,-1,-1,-1,-1,-1,-1,-1,-1,-1,-1,-1,-1,-1,-1,-1,-1,-1,-1,-1,-1,-1,-1,-1,-1,-1,-1,-1,-1,-1,-1,-1,-1,-1,-1,-1,-1,-1,-1,-1,-1,-1,-1,-1,-1,-1,-1,-1,-1,-1,-1,-1,-1,1,12,1,3,1,54,1,6,-5,-21
2,2,2,2,2,2,2,2,0,0,0,0,2,0,0,0,0,0,-1,0,0,0,0,0,0,0,0,0,0,0,0,0,0,0,0,0,0,0,0,0,0,0,0,0,0,2,2,2,2,2,2,2,2,0,-1,0,0,0,0,0,0,0,-1,0,0,0,0,-1,-1,0,0,0,-1,0,0,0,0,0,0,0,0,0,0,-1,-1,0,0,-1,-1,-1,-1,0,-1,-1,-1,0,-1,-1,-1,0,0,0,0,-1,0,-1,-1,-1,-1,-1,0,-1,-1,-1,-1,-1,-1,-1,-1,-1,-1,-1,-1,-1,0,-1,-1,-1,-1,-1,-1,-1,-1,-1,-1,-1,-1,-1,-1,-1,-1,-1,-1,-1,-1,-1,-1,-1,-1,-1,-1,-1,-1,-1,-1,-1,-1,-1,-1,-1,1,12,0,3,1,54,0,6,-5,-21
2,2,2,2,2,2,2,2,0,0,0,0,2,0,0,0,0,0,-1,0,0,0,0,0,0,0,0,0,0,0,0,0,0,0,0,0,0,0,0,0,0,0,0,0,0,2,2,2,2,2,2,2,2,0,0,0,0,0,0,-1,0,0,-1,0,0,0,0,0,0,-1,0,-1,-1,0,-1,0,-1,-1,0,0,0,0,-1,0,0,0,0,-1,-1,-1,-1,0,-1,0,0,0,-1,-1,-1,-1,0,0,0,-1,-1,-1,0,0,0,-1,-1,-1,-1,-1,-1,-1,0,-1,-1,-1,-1,-1,-1,-1,-1,-1,-1,-1,-1,-1,-1,-1,-1,-1,-1,-1,-1,-1,-1,-1,-1,-1,-1,-1,-1,-1,-1,-1,-1,-1,-1,-1,-1,-1,-1,-1,-1,-1,-1,-1,1,12,1,4,1,56,1,5,-5,-21
2,2,2,2,2,2,2,2,0,0,0,0,2,0,0,0,0,0,-1,0,0,0,0,0,0,0,0,0,0,0,0,0,0,0,0,0,0,0,0,0,0,0,0,0,0,2,2,2,2,2,2,2,2,0,-1,0,0,0,0,-1,0,0,-1,0,0,0,-1,-1,0,-1,0,-1,0,-1,-1,0,0,0,0,0,0,0,-1,0,0,0,-1,0,0,-1,-1,-1,0,0,0,0,0,-1,-1,0,-1,0,-1,0,-1,0,-1,-1,-1,-1,-1,0,-1,-1,-1,-1,-1,-1,-1,-1,-1,-1,-1,-1,-1,-1,-1,-1,-1,-1,-1,-1,-1,-1,-1,-1,-1,-1,-1,0,-1,-1,-1,-1,-1,-1,-1,-1,-1,-1,-1,-1,-1,-1,-1,-1,-1,-1,-1,-1,1,12,0,3,1,55,0,6,-5,-21
2,2,2,2,2,2,2,2,0,0,0,0,2,0,0,0,0,0,-1,0,0,0,0,0,0,0,0,0,0,0,0,0,0,0,0,0,0,0,0,0,0,0,0,0,0,2,2,2,2,2,2,2,2,0,-1,0,0,0,0,0,-1,0,-1,-1,0,0,-1,-1,0,-1,-1,0,0,-1,-1,-1,0,0,-1,0,0,0,-1,0,0,0,0,-1,0,-1,0,-1,0,0,-1,-1,0,-1,-1,0,-1,0,-1,-1,-1,-1,-1,0,0,-1,-1,-1,-1,0,-1,-1,-1,-1,0,-1,-1,-1,-1,-1,-1,-1,-1,-1,-1,-1,-1,-1,0,-1,-1,-1,-1,-1,-1,0,-1,-1,-1,-1,-1,-1,-1,0,-1,-1,-1,0,-1,-1,-1,-1,-1,-1,-1,-1,1,12,1,3,1,55,0,6,-5,-21
2,2,2,2,2,2,2,2,0,0,0,0,2,0,0,0,0,0,-1,0,0,0,0,0,0,0,0,0,0,0,0,0,0,0,0,0,0,0,0,0,0,0,0,0,0,2,2,2,2,2,2,2,2,0,-1,0,0,0,0,0,0,0,-1,-1,0,0,0,0,0,-1,0,-1,-1,0,-1,0,0,0,0,0,0,-1,0,0,0,-1,0,-1,-1,-1,-1,0,0,-1,-1,0,0,-1,0,-1,-1,0,0,-1,-1,0,-1,-1,0,0,0,-1,-1,-1,-1,-1,-1,-1,-1,-1,-1,-1,-1,-1,-1,-1,-1,-1,-1,-1,-1,-1,-1,-1,-1,-1,-1,-1,-1,-1,-1,-1,-1,-1,-1,-1,-1,-1,-1,-1,-1,-1,-1,-1,-1,-1,-1,-1,-1,-1,1,12,0,3,1,54,1,6,-5,-21
2,2,2,2,2,2,2,2,0,0,0,0,2,0,0,0,0,0,-1,0,0,0,0,0,0,0,0,0,0,0,0,0,0,0,0,0,0,0,0,0,0,0,0,0,0,2,2,2,2,2,2,2,2,0,-1,0,0,0,0,0,0,0,-1,0,0,0,0,-1,0,-1,0,-1,0,-1,-1,0,0,0,0,0,-1,0,-1,0,0,0,-1,-1,0,-1,0,-1,0,0,0,0,0,-1,-1,0,0,0,-1,0,-1,0,-1,-1,-1,-1,-1,-1,-1,-1,-1,-1,-1,-1,-1,-1,-1,-1,-1,-1,-1,-1,-1,-1,-1,-1,-1,-1,-1,-1,-1,-1,-1,-1,-1,-1,-1,-1,-1,-1,-1,-1,-1,-1,-1,-1,-1,-1,-1,-1,-1,-1,-1,-1,-1,-1,1,12,1,3,1,54,0,6,-5,-21
0,2,2,2,2,2,2,2,0,0,0,0,0,0,0,0,0,0,0,0,0,0,0,0,0,0,0,0,0,0,0,0,0,0,0,0,0,0,0,0,0,0,0,2,2,2,2,2,2,2,0,0,0,0,0,0,-1,0,0,0,0,0,-1,3,2,2,3,-1,3,2,-1,-1,-1,0,3,-1,3,3,-1,2,-1,2,-1,0,0,3,0,3,3,2,3,2,0,0,0,2,2,-1,2,2,-1,3,2,2,-1,3,-1,2,-1,2,2,3,2,-1,2,0,-1,-1,-1,3,0,2,-1,3,0,3,2,2,0,0,2,-1,0,-1,-1,-1,-1,0,-1,-1,3,-1,0,0,-1,-1,3,-1,-1,3,-1,3,-1,0,-1,0,0,0,0,-1,1,11,1,2,1,62,1,4,-5,-21
2,2,2,2,2,2,2,2,0,0,0,0,2,0,0,0,0,0,-1,0,0,0,0,0,0,0,0,0,0,0,0,0,0,0,0,0,0,0,0,0,0,0,0,0,0,2,2,2,2,2,2,2,2,0,-1,0,0,0,0,0,0,0,-1,-1,-1,-1,0,0,0,-1,0,0,0,0,-1,-1,0,-1,0,0,-1,-1,-1,0,-1,-1,0,-1,0,0,-1,0,-1,0,-1,-1,-1,-1,-1,-1,0,-1,-1,-1,-1,0,-1,-1,0,0,0,0,-1,-1,-1,-1,0,0,0,0,0,-1,-1,-1,0,-1,-1,-1,-1,-1,-1,-1,-1,-1,-1,-1,-1,-1,-1,-1,-1,-1,-1,-1,-1,-1,-1,-1,-1,-1,-1,-1,-1,-1,-1,-1,-1,-1,-1,-1,1,12,0,3,1,54,1,6,-5,-21
2,2,2,2,2,2,2,2,0,0,0,0,2,0,0,0,0,0,-1,0,0,0,0,0,0,0,0,0,0,0,0,0,0,0,0,0,0,0,0,0,0,0,0,0,0,2,2,2,2,2,2,2,2,0,-1,0,0,0,-1,0,0,0,-1,-1,0,-1,0,-1,0,0,0,0,0,0,-1,-1,0,-1,0,0,-1,-1,0,0,-1,-1,0,-1,0,-1,-1,0,0,-1,-1,-1,-1,-1,0,-1,0,-1,-1,0,-1,0,-1,-1,0,0,0,0,-1,-1,-1,-1,0,0,-1,-1,0,-1,-1,-1,-1,-1,-1,-1,-1,-1,-1,-1,-1,-1,-1,-1,-1,-1,-1,-1,-1,0,-1,-1,-1,-1,-1,-1,-1,-1,-1,-1,-1,-1,-1,-1,-1,-1,-1,-1,1,12,1,3,1,57,1,6,-5,-21
2,2,2,2,2,2,2,2,0,0,0,0,2,0,0,0,0,0,-1,0,0,0,0,0,0,0,0,0,0,0,0,0,0,0,0,0,0,0,0,0,0,0,0,0,0,2,2,2,2,2,2,2,2,0,-1,0,0,-1,0,0,0,0,-1,-1,0,0,0,0,0,-1,0,0,0,0,-1,0,0,-1,-1,0,-1,-1,0,0,0,-1,0,-1,-1,-1,-1,0,-1,0,-1,-1,-1,0,0,-1,0,-1,-1,0,-1,0,-1,-1,0,0,0,0,-1,-1,-1,-1,-1,-1,-1,-1,-1,-1,-1,-1,-1,-1,-1,-1,-1,-1,-1,-1,-1,0,-1,-1,0,-1,-1,-1,-1,-1,-1,-1,-1,-1,-1,-1,-1,-1,-1,-1,-1,-1,-1,-1,-1,-1,-1,-1,1,12,1,3,1,55,1,6,-5,-21
2,2,2,2,2,2,2,2,0,0,0,0,2,0,0,0,0,0,-1,0,0,0,0,0,0,0,0,0,0,0,0,0,0,0,0,0,0,0,0,0,0,0,0,0,0,2,2,2,2,2,2,2,2,0,-1,0,0,0,0,0,0,0,-1,0,0,0,0,0,-1,-1,0,0,-1,0,0,0,0,0,-1,-1,-1,-1,0,-1,0,-1,0,-1,-1,0,-1,0,-1,0,0,-1,-1,-1,0,-1,-1,0,0,-1,-1,0,0,-1,-1,-1,-1,0,-1,-1,0,-1,0,0,-1,-1,-1,-1,-1,-1,-1,-1,-1,-1,-1,-1,-1,-1,-1,-1,-1,-1,-1,-1,-1,-1,-1,-1,-1,-1,-1,-1,-1,-1,-1,-1,-1,-1,-1,-1,-1,-1,-1,-1,-1,-1,1,12,1,3,1,57,0,6,-5,-21
2,2,2,2,2,2,2,2,0,0,0,0,2,0,0,0,0,0,-1,0,0,0,0,0,0,0,0,0,0,0,0,0,0,0,0,0,0,0,0,0,0,0,0,0,0,2,2,2,2,2,2,2,2,0,-1,-1,0,0,0,0,0,0,-1,-1,-1,0,0,-1,0,-1,-1,0,0,-1,-1,0,0,0,-1,0,0,0,-1,0,0,0,0,-1,0,-1,-1,-1,0,0,-1,-1,0,-1,-1,0,-1,0,0,0,-1,-1,0,-1,-1,-1,-1,-1,-1,0,-1,-1,0,-1,-1,-1,-1,-1,-1,-1,0,-1,-1,0,-1,-1,-1,-1,-1,-1,-1,-1,0,-1,-1,-1,-1,-1,-1,-1,-1,-1,-1,-1,-1,-1,-1,-1,-1,-1,-1,-1,-1,-1,-1,-1,1,12,0,3,1,54,0,6,-5,-21
2,2,2,2,2,2,2,2,0,0,0,0,2,0,0,0,0,0,-1,0,0,0,0,0,0,0,0,0,0,0,0,0,0,0,0,0,0,0,0,0,0,0,0,0,0,2,2,2,2,2,2,2,2,0,-1,0,0,0,0,0,-1,0,-1,-1,0,0,-1,-1,0,-1,0,0,0,0,-1,-1,0,0,0,0,0,0,-1,0,0,0,-1,-1,0,-1,0,-1,0,0,0,0,0,-1,-1,0,-1,-1,-1,0,-1,0,-1,-1,-1,-1,-1,0,-1,0,-1,-1,-1,-1,-1,-1,-1,-1,-1,-1,-1,-1,-1,-1,-1,-1,-1,-1,-1,-1,-1,-1,-1,-1,-1,-1,-1,-1,-1,-1,-1,-1,-1,-1,-1,-1,-1,-1,0,-1,-1,-1,-1,-1,-1,-1,1,12,1,3,1,57,0,6,-5,-21
2,2,2,2,2,2,2,2,0,0,0,0,2,0,0,0,0,0,-1,0,0,0,0,0,0,0,0,0,0,0,0,0,0,0,0,0,0,0,0,0,0,0,0,0,0,2,2,2,2,2,2,2,2,0,-1,0,0,0,0,0,0,-1,-1,0,0,0,0,-1,0,0,0,0,0,0,0,-1,0,-1,0,0,-1,-1,0,0,-1,-1,0,-1,-1,-1,-1,0,-1,-1,-1,-1,0,-1,0,-1,-1,-1,-1,0,-1,0,-1,-1,-1,-1,0,0,-1,-1,-1,-1,0,0,-1,-1,0,-1,-1,-1,-1,-1,0,-1,-1,-1,-1,-1,-1,-1,-1,-1,-1,-1,-1,-1,-1,-1,-1,-1,-1,-1,-1,-1,-1,-1,-1,-1,-1,-1,0,-1,-1,-1,-1,-1,1,12,0,3,1,54,0,6,-5,-21
2,2,2,2,2,2,2,2,0,0,0,0,2,0,0,0,0,0,-1,0,0,0,0,0,0,0,0,0,0,0,0,0,0,0,0,0,0,0,0,0,0,0,0,0,0,2,2,2,2,2,2,2,2,0,-1,0,0,-1,0,-1,0,0,-1,0,0,0,-1,-1,0,-1,0,-1,0,-1,-1,0,0,0,0,0,0,0,-1,0,0,0,-1,-1,0,-1,0,-1,0,0,0,0,0,-1,-1,0,-1,0,-1,0,-1,0,-1,-1,-1,-1,-1,0,-1,0,-1,-1,-1,-1,-1,-1,-1,-1,-1,-1,-1,-1,-1,-1,-1,-1,-1,-1,-1,-1,-1,-1,-1,-1,-1,-1,-1,-1,-1,-1,-1,-1,-1,-1,-1,-1,0,-1,-1,-1,-1,-1,-1,-1,-1,-1,1,12,1,3,1,58,1,6,-5,-21
2,2,2,2,2,2,2,2,0,0,0,0,2,0,0,0,0,0,-1,0,0,0,0,0,0,0,0,0,0,0,0,0,0,0,0,0,0,0,0,0,0,0,0,0,0,2,2,2,2,2,2,2,2,0,-1,0,0,0,0,0,0,0,-1,-1,0,0,0,0,0,-1,0,0,0,0,-1,0,0,-1,-1,0,0,-1,0,0,0,0,0,0,-1,-1,-1,0,0,0,-1,-1,-1,-1,-1,0,-1,0,-1,-1,-1,-1,-1,0,0,-1,-1,0,-1,0,-1,-1,-1,-1,-1,-1,-1,-1,-1,-1,-1,-1,-1,-1,-1,-1,-1,-1,-1,-1,-1,-1,-1,-1,-1,-1,-1,-1,-1,-1,-1,-1,-1,-1,-1,-1,-1,-1,-1,-1,-1,-1,-1,-1,-1,-1,1,12,0,3,1,60,0,6,-5,-21
2,2,2,2,2,2,2,2,0,0,0,0,2,0,0,0,0,0,-1,0,0,0,0,0,0,0,0,0,0,0,0,0,0,0,0,0,0,0,0,0,0,0,0,0,0,2,2,2,2,2,2,2,2,0,-1,0,0,0,0,0,0,0,-1,-1,0,0,0,0,0,-1,0,-1,0,0,0,0,-1,0,0,0,0,-1,-1,0,0,-1,-1,-1,-1,-1,-1,0,-1,0,0,-1,-1,-1,0,-1,-1,0,0,-1,-1,-1,0,-1,-1,-1,-1,0,-1,-1,0,-1,0,0,-1,-1,-1,-1,-1,-1,-1,-1,-1,-1,-1,-1,-1,-1,-1,0,-1,-1,-1,-1,-1,-1,-1,-1,-1,-1,-1,-1,-1,-1,-1,-1,-1,-1,-1,-1,-1,-1,-1,-1,-1,-1,1,12,1,3,1,54,1,6,-5,-21
2,2,2,2,2,2,2,2,0,0,0,0,2,0,0,0,0,0,-1,0,0,0,0,0,0,0,0,0,0,0,0,0,0,0,0,0,0,0,0,0,0,0,0,0,0,2,2,2,2,2,2,2,2,0,-1,0,0,0,0,0,0,0,-1,0,-1,0,0,-1,-1,0,0,0,-1,0,0,0,0,0,0,0,0,0,0,-1,-1,0,0,-1,-1,-1,-1,0,-1,0,-1,0,-1,-1,-1,-1,0,0,0,-1,0,-1,0,-1,0,-1,-1,-1,-1,-1,-1,-1,-1,-1,-1,-1,-1,-1,-1,-1,-1,-1,-1,-1,-1,-1,-1,-1,-1,-1,-1,-1,-1,-1,-1,-1,-1,-1,-1,-1,-1,-1,-1,-1,-1,-1,-1,-1,0,-1,-1,-1,-1,-1,-1,-1,1,12,1,3,1,54,1,6,-5,-21
2,2,2,2,2,2,2,2,0,0,0,0,2,0,0,0,0,0,-1,0,0,0,0,0,0,0,0,0,0,0,0,0,0,0,0,0,0,0,0,0,0,0,0,0,0,2,2,2,2,2,2,2,2,0,-1,0,0,0,0,0,0,0,-1,-1,0,-1,0,-1,0,0,0,0,0,0,-1,-1,0,-1,0,0,0,-1,0,0,-1,-1,0,-1,0,-1,-1,0,-1,-1,-1,-1,0,-1,0,-1,0,-1,-1,0,-1,0,-1,-1,-1,-1,-1,0,-1,-1,-1,-1,0,0,-1,-1,0,-1,-1,-1,-1,-1,0,-1,-1,-1,-1,-1,-1,-1,-1,-1,-1,-1,-1,-1,-1,0,-1,-1,-1,-1,-1,-1,-1,-1,-1,-1,-1,-1,-1,-1,-1,-1,-1,-1,1,12,1,3,1,59,0,6,-5,-21
2,2,2,2,2,2,2,2,0,0,0,0,2,0,0,0,0,0,-1,0,0,0,0,0,0,0,0,0,0,0,0,0,0,0,0,0,0,0,0,0,0,0,0,0,0,2,2,2,2,2,2,2,2,0,-1,0,0,0,0,0,0,-1,-1,-1,0,0,0,0,0,-1,0,0,0,0,-1,0,0,-1,-1,0,-1,-1,0,0,0,0,0,0,-1,-1,-1,0,0,0,-1,-1,-1,-1,-1,0,-1,0,-1,-1,-1,-1,-1,-1,0,-1,0,0,-1,0,-1,0,-1,0,-1,-1,-1,-1,-1,-1,-1,-1,-1,-1,-1,-1,-1,-1,-1,-1,-1,-1,-1,-1,-1,-1,-1,-1,-1,-1,-1,-1,-1,-1,-1,-1,-1,-1,-1,-1,-1,-1,-1,-1,-1,-1,1,12,0,3,1,55,0,6,-5,-21
2,2,2,2,2,2,2,2,0,0,0,0,2,0,0,0,0,0,0,-1,0,0,0,0,0,0,0,0,0,0,0,0,0,0,0,0,0,0,0,0,0,0,0,0,0,2,2,2,2,2,2,2,2,0,-1,0,0,0,0,0,0,0,-1,-1,0,-1,0,-1,0,0,0,0,0,-1,-1,-1,0,-1,0,0,-1,-1,0,0,-1,0,0,-1,0,-1,-1,0,-1,0,-1,-1,-1,-1,0,-1,0,-1,-1,-1,-1,0,-1,-1,0,0,0,0,-1,-1,-1,-1,0,0,-1,-1,0,-1,-1,-1,-1,-1,-1,-1,-1,-1,-1,-1,0,-1,-1,-1,-1,-1,-1,-1,-1,-1,-1,-1,-1,-1,-1,-1,-1,-1,-1,-1,-1,-1,-1,-1,-1,-1,-1,-1,1,12,0,3,1,54,0,6,-5,-21
2,2,2,2,2,2,2,2,0,0,0,0,2,0,0,0,0,0,-1,0,0,0,0,0,0,0,0,0,0,0,0,0,0,0,0,0,0,0,0,0,0,0,0,0,0,2,2,2,2,2,2,2,2,0,-1,0,0,0,0,0,0,0,-1,-1,0,0,0,-1,0,0,0,0,0,0,0,0,0,0,0,0,0,0,0,-1,-1,0,0,-1,-1,-1,-1,-1,-1,0,0,0,-1,-1,-1,-1,0,0,0,-1,0,-1,0,-1,-1,-1,-1,-1,-1,-1,-1,-1,-1,-1,-1,-1,-1,-1,-1,-1,-1,-1,-1,-1,-1,-1,-1,-1,-1,-1,-1,-1,-1,-1,-1,-1,-1,-1,-1,-1,-1,-1,-1,-1,-1,-1,-1,-1,-1,-1,-1,-1,-1,-1,-1,-1,1,12,1,3,1,54,0,6,-5,-21
2,2,2,2,2,2,2,2,0,0,0,0,2,0,0,0,0,0,-1,0,0,0,0,0,0,0,0,0,0,0,0,0,0,0,0,0,0,0,0,0,0,0,0,0,0,2,2,2,2,2,2,2,2,0,-1,0,0,0,0,0,0,0,-1,-1,0,0,-1,-1,0,-1,-1,0,0,-1,-1,0,0,0,-1,0,0,0,0,0,0,0,0,-1,-1,-1,0,-1,0,0,-1,-1,0,-1,-1,0,-1,0,0,-1,-1,-1,0,-1,0,-1,-1,-1,-1,0,-1,-1,0,-1,0,-1,-1,-1,-1,-1,-1,-1,-1,-1,-1,-1,-1,-1,-1,-1,-1,-1,-1,-1,-1,-1,-1,-1,-1,-1,-1,-1,-1,-1,-1,-1,-1,-1,-1,-1,-1,-1,-1,-1,-1,-1,1,12,0,3,1,54,0,6,-5,-21
2,2,2,2,2,2,2,2,0,0,0,0,2,0,0,0,0,0,-1,0,0,0,0,0,0,0,0,0,0,0,0,0,0,0,0,0,0,0,0,0,0,0,0,0,0,2,2,2,2,2,2,2,2,0,-1,0,0,0,0,0,0,0,-1,-1,0,0,0,0,0,0,-1,0,0,0,0,0,0,0,-1,0,-1,-1,0,0,0,-1,-1,-1,-1,-1,-1,-1,-1,0,0,-1,-1,-1,0,0,-1,0,-1,0,-1,-1,-1,-1,-1,0,0,0,-1,-1,-1,-1,-1,-1,-1,-1,0,-1,-1,0,-1,-1,-1,-1,-1,-1,-1,-1,-1,-1,-1,-1,-1,-1,-1,-1,-1,-1,-1,-1,-1,-1,-1,-1,-1,-1,-1,-1,-1,-1,-1,-1,-1,-1,-1,-1,1,12,1,3,1,55,1,6,-5,-21
2,2,2,2,2,2,2,2,0,0,0,0,2,0,0,0,0,0,-1,0,0,0,0,0,0,0,0,0,0,0,0,0,0,0,0,0,0,0,0,0,0,0,0,0,0,2,2,2,2,2,2,2,2,0,-1,0,0,0,0,0,0,-1,-1,0,0,0,0,-1,0,0,0,0,0,0,0,-1,0,-1,0,0,-1,-1,0,0,-1,-1,0,-1,-1,-1,-1,0,-1,-1,-1,-1,0,-1,0,-1,-1,-1,-1,0,-1,0,-1,-1,-1,-1,0,0,-1,-1,-1,-1,0,0,-1,-1,0,-1,-1,-1,-1,-1,0,-1,-1,-1,-1,-1,-1,-1,-1,-1,-1,-1,-1,-1,-1,-1,-1,-1,-1,-1,-1,-1,-1,-1,-1,-1,-1,-1,0,-1,-1,-1,-1,-1,1,12,1,3,1,54,1,6,-5,-21
2,2,2,2,2,2,2,2,0,0,0,0,2,0,0,0,0,0,-1,0,0,0,0,0,0,0,0,0,0,0,0,0,0,0,0,0,0,0,0,0,0,0,0,0,0,2,2,2,2,2,2,2,2,0,-1,0,0,0,0,0,0,-1,-1,0,0,0,0,-1,-1,0,0,0,-1,0,0,0,0,-1,0,0,0,0,0,-1,-1,0,0,-1,0,-1,-1,0,-1,0,-1,0,-1,-1,-1,-1,0,0,0,-1,0,-1,-1,-1,-1,-1,-1,-1,-1,-1,-1,-1,-1,-1,-1,-1,-1,-1,-1,-1,0,0,-1,-1,-1,-1,-1,-1,-1,-1,-1,-1,-1,-1,-1,-1,-1,-1,-1,-1,-1,-1,-1,-1,-1,-1,-1,-1,-1,-1,0,-1,-1,-1,-1,-1,1,12,0,3,1,54,1,6,-5,-21
2,2,2,2,2,2,2,2,0,0,0,0,3,0,0,0,0,0,2,0,0,0,0,0,0,0,0,0,0,0,0,0,-1,0,0,0,0,0,0,0,0,0,0,0,0,2,2,2,2,2,2,2,2,0,-1,0,-1,-1,0,0,0,0,-1,-1,0,0,-1,0,0,0,-1,0,0,0,0,0,0,0,-1,0,-1,-1,0,0,0,-1,-1,-1,-1,-1,-1,-1,-1,0,0,-1,-1,-1,0,-1,-1,0,-1,0,-1,-1,0,-1,-1,0,0,-1,-1,-1,-1,-1,-1,-1,-1,-1,0,-1,-1,0,0,-1,-1,-1,0,-1,-1,-1,-1,0,-1,0,-1,-1,-1,-1,-1,-1,-1,-1,-1,-1,-1,-1,-1,-1,-1,-1,-1,-1,-1,-1,-1,-1,-1,-1,1,12,0,3,1,58,1,6,-5,-21
2,2,2,2,2,2,2,2,0,0,0,0,2,0,0,0,0,0,-1,0,0,0,0,0,0,0,0,0,0,0,0,0,0,0,0,0,0,0,0,0,0,0,0,0,0,2,2,2,2,2,2,2,2,0,-1,0,0,0,0,0,0,0,-1,0,0,0,0,-1,-1,-1,-1,0,-1,0,0,0,0,0,0,0,0,0,0,-1,-1,0,0,-1,-1,-1,-1,-1,-1,0,0,0,-1,-1,-1,-1,0,0,0,-1,0,-1,0,-1,0,-1,-1,-1,-1,0,-1,-1,-1,-1,-1,-1,-1,-1,-1,-1,-1,-1,-1,-1,-1,-1,-1,-1,-1,-1,-1,-1,0,-1,-1,-1,-1,-1,-1,-1,-1,-1,-1,-1,-1,-1,-1,-1,-1,-1,-1,-1,-1,-1,-1,-1,1,12,0,3,1,54,1,6,-5,-21
2,2,2,2,2,2,2,2,0,0,0,0,2,0,0,0,0,0,-1,0,0,0,0,0,0,0,0,0,0,0,0,0,0,0,0,0,0,0,0,0,0,0,0,0,0,2,2,2,2,2,2,2,2,0,-1,0,0,0,0,0,-1,0,-1,-1,0,0,0,0,0,-1,0,-1,-1,0,-1,0,0,0,0,0,0,-1,0,0,0,-1,0,-1,-1,-1,0,0,0,-1,-1,0,0,-1,0,-1,-1,0,0,-1,-1,0,-1,-1,0,0,0,-1,-1,-1,-1,-1,-1,-1,-1,-1,-1,-1,-1,-1,-1,-1,-1,-1,-1,-1,-1,-1,-1,-1,-1,-1,-1,-1,-1,-1,-1,-1,-1,-1,-1,-1,-1,-1,-1,-1,-1,-1,-1,-1,-1,-1,-1,-1,-1,-1,1,12,0,3,1,54,1,6,-5,-21
2,2,2,2,2,2,2,2,0,0,0,0,2,0,0,0,0,0,-1,0,0,0,0,0,0,0,0,0,0,0,0,0,0,0,0,0,0,0,0,0,0,0,0,0,0,2,2,2,2,2,2,2,2,0,-1,0,0,0,-1,0,0,0,-1,-1,0,-1,0,-1,-1,0,0,0,0,0,-1,-1,0,-1,0,0,-1,-1,0,0,-1,-1,0,-1,0,-1,-1,0,-1,0,-1,-1,-1,-1,0,-1,0,-1,-1,0,-1,0,-1,-1,0,0,0,0,-1,0,-1,-1,0,0,-1,-1,0,-1,-1,-1,-1,-1,-1,-1,-1,-1,-1,-1,-1,-1,-1,-1,-1,-1,-1,-1,-1,-1,-1,-1,-1,-1,-1,-1,-1,-1,0,-1,-1,-1,-1,-1,-1,-1,-1,-1,1,12,0,3,1,54,1,6,-5,-21
2,2,2,2,2,2,2,2,0,0,0,0,2,0,0,0,0,0,-1,0,0,0,0,0,0,0,0,0,0,0,0,0,0,0,0,0,0,0,0,0,0,0,0,0,0,2,2,2,2,2,2,2,2,0,-1,0,0,0,0,0,0,0,-1,-1,0,0,0,0,0,0,0,-1,0,0,0,0,-1,0,0,0,0,-1,-1,0,0,-1,-1,-1,-1,0,-1,0,-1,0,0,-1,-1,-1,0,-1,-1,0,0,-1,-1,-1,0,-1,-1,-1,-1,0,-1,0,0,-1,-1,-1,-1,-1,-1,-1,-1,-1,-1,-1,-1,-1,-1,-1,-1,-1,-1,-1,-1,-1,-1,-1,-1,-1,-1,-1,-1,-1,-1,-1,-1,-1,-1,-1,-1,-1,-1,-1,-1,-1,-1,-1,-1,-1,1,12,1,3,1,55,0,6,-5,-21
2,2,2,2,2,2,2,2,0,0,0,0,2,0,0,0,0,0,-1,0,0,0,0,0,0,0,0,0,0,0,0,0,0,0,0,0,0,0,0,0,0,0,0,0,0,2,2,2,2,2,2,2,2,0,-1,0,0,0,0,0,0,-1,-1,-1,0,0,0,0,0,-1,0,0,0,0,-1,0,0,-1,-1,0,-1,-1,0,0,0,0,0,0,-1,-1,-1,0,0,0,-1,-1,-1,-1,0,-1,0,-1,-1,0,-1,0,-1,-1,0,0,0,0,-1,-1,-1,-1,-1,-1,-1,-1,-1,-1,-1,-1,-1,-1,-1,-1,-1,-1,-1,-1,-1,-1,-1,-1,-1,-1,-1,-1,-1,-1,-1,-1,-1,-1,-1,-1,-1,-1,-1,-1,-1,-1,-1,-1,-1,-1,-1,-1,1,12,1,3,1,57,0,6,-5,-21
2,2,2,2,2,2,2,2,0,0,0,0,2,0,0,0,0,0,-1,0,0,0,0,0,0,0,0,0,0,0,0,0,0,0,0,0,0,0,0,0,0,0,0,0,0,2,2,2,2,2,2,2,2,0,-1,0,0,0,0,-1,0,-1,0,0,0,0,-1,0,0,-1,0,-1,-1,0,-1,0,0,0,0,0,0,-1,0,0,0,-1,0,-1,-1,-1,-1,0,0,-1,-1,0,0,-1,0,-1,-1,0,-1,-1,-1,0,-1,-1,0,-1,-1,0,-1,-1,0,-1,0,-1,-1,-1,-1,-1,-1,-1,-1,-1,-1,-1,-1,-1,-1,-1,-1,-1,-1,-1,-1,-1,-1,-1,-1,-1,-1,-1,-1,-1,-1,-1,-1,-1,-1,0,-1,-1,-1,-1,-1,-1,-1,-1,1,12,1,3,1,54,0,6,-5,-21
2,2,2,2,2,2,2,2,0,0,0,0,2,0,0,0,0,0,-1,0,0,0,0,0,0,0,0,0,0,0,0,0,0,0,0,0,0,0,0,0,0,0,0,0,0,2,2,2,2,2,2,2,2,0,-1,-1,0,0,0,0,0,0,-1,-1,0,-1,0,-1,0,0,0,0,0,0,-1,-1,0,0,0,0,-1,-1,0,0,-1,-1,0,-1,0,-1,-1,0,-1,-1,-1,-1,-1,-1,0,-1,0,-1,-1,0,-1,0,-1,-1,0,-1,0,0,-1,0,-1,-1,-1,-1,0,-1,-1,-1,-1,-1,-1,-1,-1,-1,-1,-1,-1,-1,0,-1,-1,-1,-1,-1,-1,0,-1,-1,-1,-1,-1,-1,-1,0,-1,-1,-1,-1,-1,-1,-1,-1,-1,-1,-1,-1,1,12,0,3,1,56,1,6,-5,-21
2,2,2,2,2,2,2,2,0,0,0,0,2,0,0,0,0,0,-1,0,0,0,0,0,0,0,0,0,0,0,0,0,0,0,0,0,0,0,0,0,0,0,0,0,0,2,2,2,2,2,2,2,2,0,-1,0,0,0,0,0,0,0,-1,0,0,0,0,-1,-1,0,0,0,-1,0,0,0,0,0,0,0,0,0,0,-1,-1,0,0,-1,-1,-1,-1,-1,-1,-1,0,0,0,-1,0,-1,-1,0,0,-1,-1,-1,0,-1,0,-1,-1,0,-1,-1,-1,-1,-1,-1,-1,-1,-1,-1,-1,-1,-1,-1,-1,-1,-1,-1,-1,-1,-1,-1,-1,-1,-1,-1,-1,-1,-1,-1,-1,-1,-1,-1,-1,-1,-1,-1,-1,-1,-1,-1,-1,-1,-1,-1,-1,-1,1,12,0,3,1,57,0,6,-5,-21
2,2,2,2,2,2,2,2,0,0,0,0,2,0,0,0,0,0,-1,0,0,0,0,0,0,0,0,0,0,0,0,0,0,0,0,0,0,0,0,0,0,0,0,0,0,2,2,2,2,2,2,2,2,0,-1,0,0,0,0,0,0,0,-1,0,0,0,0,-1,-1,0,0,0,-1,0,0,0,0,0,0,0,0,0,0,-1,-1,0,0,-1,-1,-1,-1,-1,-1,0,-1,0,-1,-1,-1,-1,0,0,0,-1,0,-1,0,-1,-1,0,-1,-1,-1,-1,-1,-1,-1,-1,-1,-1,-1,-1,-1,-1,-1,-1,-1,-1,-1,-1,-1,-1,-1,-1,-1,-1,-1,0,-1,-1,-1,-1,-1,-1,-1,-1,-1,-1,-1,-1,-1,-1,-1,-1,-1,-1,-1,-1,-1,-1,1,12,1,3,1,54,1,6,-5,-21
2,2,2,2,2,2,2,2,0,0,0,0,2,0,0,0,0,0,-1,0,0,0,0,0,0,0,0,0,0,0,0,0,0,0,0,0,0,0,0,0,0,0,0,0,0,2,2,2,2,2,2,2,2,0,-1,0,0,0,0,0,0,0,-1,0,0,0,0,-1,-1,0,0,0,-1,0,0,0,0,0,0,-1,0,0,0,-1,-1,0,0,-1,-1,-1,-1,-1,-1,0,0,0,-1,-1,-1,-1,0,0,0,-1,0,-1,0,-1,-1,-1,-1,-1,-1,-1,-1,-1,-1,-1,-1,-1,-1,-1,-1,-1,0,0,-1,-1,-1,-1,-1,-1,-1,-1,-1,-1,-1,-1,-1,-1,-1,-1,-1,-1,-1,-1,-1,-1,-1,-1,-1,-1,-1,-1,-1,-1,-1,-1,-1,-1,1,12,0,3,1,57,0,6,-5,-21
2,2,2,2,2,2,2,2,0,0,0,0,2,0,0,0,0,0,-1,0,0,0,0,0,0,0,0,0,0,0,0,0,0,0,0,0,0,0,0,0,0,0,0,0,0,2,2,2,2,2,2,2,2,0,-1,0,0,0,0,0,0,0,-1,0,0,0,0,-1,-1,-1,0,0,-1,0,0,0,0,0,0,0,0,0,0,-1,-1,0,0,-1,-1,-1,-1,-1,-1,0,0,0,-1,-1,-1,-1,0,0,0,-1,0,-1,0,-1,0,-1,-1,-1,-1,0,-1,-1,-1,-1,-1,-1,-1,-1,-1,-1,-1,-1,-1,-1,-1,-1,-1,-1,-1,-1,-1,-1,-1,-1,-1,-1,-1,-1,-1,-1,-1,-1,-1,-1,-1,-1,-1,-1,-1,-1,-1,-1,-1,-1,-1,-1,1,12,0,3,1,54,0,6,-5,-21
2,2,2,2,2,2,2,2,0,0,0,0,2,0,0,0,0,0,-1,0,0,0,0,0,0,0,0,0,0,0,0,0,0,0,0,0,0,0,0,0,0,0,0,0,0,2,2,2,2,2,2,2,2,0,-1,0,0,0,0,0,0,0,-1,0,0,-1,-1,-1,0,-1,0,-1,0,-1,-1,-1,0,0,0,0,0,0,-1,0,0,-1,0,-1,-1,-1,0,-1,0,0,0,-1,0,-1,-1,0,0,-1,-1,0,-1,-1,0,0,0,0,-1,-1,-1,-1,-1,-1,-1,-1,-1,-1,-1,-1,-1,-1,-1,-1,-1,-1,-1,-1,0,-1,-1,-1,-1,-1,-1,-1,-1,-1,-1,-1,-1,0,-1,-1,-1,-1,-1,-1,-1,-1,-1,-1,-1,-1,-1,-1,-1,-1,1,12,0,3,1,58,0,6,-5,-21
2,2,2,2,2,2,2,2,0,0,0,0,2,0,0,0,0,0,-1,0,0,0,0,0,0,0,0,0,0,0,0,0,0,0,0,0,0,0,0,0,0,0,0,0,0,2,2,2,2,2,2,2,2,0,-1,0,0,0,0,0,0,0,-1,-1,0,0,0,0,0,-1,0,0,0,0,-1,0,0,0,-1,0,-1,-1,0,0,0,0,0,-1,-1,-1,0,0,0,0,0,-1,0,-1,0,0,-1,0,-1,0,-1,-1,-1,-1,-1,-1,-1,-1,-1,-1,-1,-1,-1,-1,-1,-1,-1,-1,-1,-1,-1,-1,-1,-1,-1,-1,-1,-1,-1,-1,-1,-1,-1,-1,-1,-1,-1,-1,-1,-1,-1,-1,-1,-1,-1,-1,-1,-1,-1,-1,-1,-1,-1,-1,-1,-1,1,12,0,3,1,54,1,6,-5,-21
2,2,2,2,2,2,2,2,0,0,0,0,2,0,0,0,0,0,-1,0,0,0,0,0,0,0,0,0,0,0,0,0,0,0,0,0,0,0,0,0,0,0,0,0,0,2,2,2,2,2,2,2,2,0,-1,0,0,0,0,0,0,0,0,-1,0,0,0,-1,0,0,0,0,0,0,0,-1,0,0,-1,0,-1,-1,0,0,0,-1,-1,-1,-1,-1,-1,-1,-1,0,0,-1,-1,-1,0,-1,-1,0,-1,0,-1,-1,0,-1,-1,0,0,-1,-1,-1,-1,-1,-1,-1,-1,-1,0,-1,-1,0,-1,-1,-1,-1,-1,-1,-1,-1,-1,-1,-1,-1,-1,-1,-1,-1,-1,-1,-1,-1,-1,-1,-1,-1,-1,-1,-1,-1,-1,-1,-1,-1,-1,0,-1,-1,1,12,1,3,1,59,1,6,-5,-21
2,2,2,2,2,2,2,2,0,0,0,0,2,0,0,0,0,0,-1,0,0,0,0,0,0,0,0,0,0,0,0,0,0,0,0,0,0,0,0,0,0,0,0,0,0,2,2,2,2,2,2,2,2,0,-1,0,0,0,0,0,0,0,0,0,0,0,0,0,-1,-1,0,0,0,0,-1,0,0,0,-1,-1,0,0,-1,0,-1,0,-1,-1,-1,-1,-1,0,0,-1,0,0,-1,-1,-1,-1,-1,-1,0,-1,-1,0,0,-1,-1,-1,-1,-1,0,-1,-1,-1,-1,-1,-1,-1,0,-1,-1,0,0,-1,-1,-1,-1,-1,-1,-1,-1,-1,-1,-1,-1,-1,-1,-1,-1,-1,-1,-1,-1,-1,-1,-1,-1,-1,-1,-1,-1,-1,-1,-1,-1,-1,-1,-1,1,12,1,3,1,54,1,6,-5,-21
2,2,2,2,2,2,2,2,0,0,0,0,2,0,0,0,0,0,-1,0,0,0,0,0,0,0,0,0,0,0,0,0,0,0,0,0,0,0,0,0,0,0,0,0,0,2,2,2,2,2,2,2,2,0,0,0,0,0,0,0,-1,-1,0,-1,0,0,0,-1,0,0,0,0,0,-1,0,-1,0,0,-1,0,-1,-1,0,0,0,-1,-1,-1,-1,-1,-1,-1,-1,0,0,-1,-1,-1,0,-1,-1,0,-1,0,-1,-1,0,-1,-1,0,0,-1,-1,-1,0,-1,-1,-1,0,-1,0,-1,-1,0,-1,0,-1,-1,-1,-1,-1,-1,-1,-1,-1,-1,-1,-1,-1,-1,-1,-1,-1,-1,-1,-1,-1,-1,-1,-1,-1,-1,-1,-1,-1,-1,-1,-1,-1,-1,1,12,0,3,1,56,1,6,-5,-21
2,2,2,2,2,2,2,2,0,0,0,0,2,0,0,0,0,0,3,0,0,0,0,0,0,0,0,0,0,0,0,0,0,0,0,0,0,0,0,0,0,0,0,-1,0,2,2,2,2,2,2,2,2,0,-1,0,0,0,0,-1,0,0,-1,0,0,0,-1,-1,0,-1,-1,0,0,-1,-1,0,0,0,-1,0,0,0,-1,0,0,0,0,-1,0,-1,-1,-1,0,0,-1,-1,0,-1,-1,0,-1,0,0,-1,-1,-1,0,-1,0,-1,-1,-1,-1,0,-1,-1,0,-1,0,-1,-1,-1,-1,-1,-1,-1,-1,-1,-1,-1,-1,-1,0,-1,-1,-1,-1,-1,-1,-1,-1,-1,-1,-1,-1,-1,-1,-1,-1,-1,-1,-1,-1,-1,-1,-1,-1,-1,-1,-1,1,12,1,3,1,58,0,6,-5,-21
2,2,2,2,2,2,2,2,0,0,0,0,2,0,0,0,0,0,-1,0,0,0,0,0,0,0,0,0,0,0,0,0,0,0,0,0,0,0,0,0,0,0,0,0,0,2,2,2,2,2,2,2,2,0,-1,0,0,0,0,0,0,0,-1,0,0,0,0,-1,-1,0,0,0,-1,0,0,0,0,0,0,0,0,0,0,-1,-1,0,0,-1,0,-1,-1,0,-1,0,-1,-1,-1,0,0,-1,0,-1,-1,-1,-1,-1,-1,0,0,-1,-1,0,-1,-1,-1,-1,-1,-1,-1,-1,-1,-1,-1,-1,-1,-1,-1,-1,-1,-1,-1,-1,-1,-1,-1,-1,-1,-1,-1,-1,-1,-1,-1,-1,-1,-1,-1,-1,-1,-1,-1,-1,-1,-1,-1,-1,-1,-1,-1,-1,1,12,1,3,1,54,1,6,-5,-21
2,2,2,2,2,2,2,2,0,0,0,0,2,0,0,0,0,0,-1,0,0,0,0,0,0,0,0,0,0,0,0,0,0,0,0,0,0,0,0,0,0,0,0,0,0,2,2,2,2,2,2,2,2,0,-1,0,0,0,0,0,0,0,0,-1,0,0,0,-1,-1,0,0,0,-1,0,0,0,0,-1,0,0,0,0,0,-1,-1,0,0,-1,-1,-1,-1,0,-1,0,-1,0,-1,-1,-1,-1,0,0,0,-1,0,-1,0,0,-1,-1,-1,-1,-1,0,-1,-1,-1,-1,-1,-1,-1,-1,-1,-1,-1,-1,-1,-1,-1,-1,-1,-1,-1,-1,-1,-1,-1,-1,-1,-1,-1,-1,-1,-1,-1,-1,-1,-1,-1,-1,-1,-1,-1,-1,-1,-1,-1,-1,-1,-1,1,12,0,3,1,54,0,6,-5,-21
2,2,2,2,2,2,2,2,0,0,0,0,2,0,0,0,0,0,-1,0,0,0,0,0,0,0,0,0,0,0,0,0,0,0,0,0,0,0,0,0,0,0,0,0,0,2,2,2,2,2,2,2,2,0,-1,0,0,0,0,0,0,0,0,0,0,0,0,0,-1,-1,0,0,-1,0,0,0,0,0,0,0,0,0,0,-1,-1,0,-1,-1,-1,-1,-1,0,-1,-1,-1,0,-1,-1,-1,0,-1,0,0,-1,0,-1,-1,-1,-1,-1,0,-1,-1,-1,-1,-1,-1,-1,-1,-1,-1,-1,-1,-1,0,-1,-1,-1,-1,-1,-1,-1,-1,-1,-1,-1,-1,-1,-1,-1,-1,-1,-1,-1,-1,-1,-1,-1,-1,-1,-1,-1,-1,-1,-1,-1,-1,-1,-1,0,1,12,1,3,1,54,1,6,-5,-21
2,2,2,2,2,2,2,2,0,0,0,0,2,0,0,0,0,0,-1,0,0,0,0,0,0,0,0,0,0,0,0,0,0,0,0,0,0,0,0,0,0,0,0,0,0,2,2,2,2,2,2,2,2,0,-1,0,0,0,0,-1,0,0,0,0,0,0,0,-1,-1,0,0,0,-1,0,0,0,0,0,0,0,0,0,0,-1,-1,0,0,0,-1,-1,-1,0,-1,0,-1,0,-1,-1,-1,-1,0,-1,0,-1,0,-1,-1,-1,-1,-1,-1,-1,-1,-1,-1,-1,-1,-1,-1,-1,-1,-1,-1,-1,0,0,-1,-1,-1,-1,-1,-1,-1,-1,-1,-1,-1,-1,-1,-1,-1,-1,-1,-1,-1,-1,-1,-1,-1,-1,-1,-1,-1,-1,-1,-1,-1,-1,-1,-1,1,12,0,3,1,57,0,6,-5,-21
2,2,2,2,2,2,2,2,0,0,0,0,2,0,0,0,0,0,3,0,0,0,0,0,0,0,0,0,0,0,0,0,0,0,0,0,0,0,0,0,0,0,0,-1,0,2,2,2,2,2,2,2,2,0,-1,0,0,0,0,-1,0,0,-1,0,0,0,-1,-1,0,-1,0,-1,0,0,-1,0,0,0,0,-1,0,0,-1,0,0,0,0,-1,0,-1,0,-1,0,0,0,0,0,-1,-1,-1,0,-1,-1,0,-1,-1,0,0,0,-1,-1,-1,-1,-1,-1,-1,-1,-1,-1,-1,-1,-1,-1,-1,-1,-1,-1,-1,-1,-1,-1,-1,-1,-1,-1,-1,-1,-1,-1,-1,-1,-1,-1,-1,-1,-1,-1,-1,-1,-1,-1,-1,-1,-1,-1,-1,-1,-1,-1,-1,1,12,1,3,1,54,0,6,-5,-21
2,2,2,2,2,2,2,2,0,0,0,0,2,0,0,0,0,0,-1,3,0,0,0,0,0,0,0,0,0,0,0,0,0,0,0,0,0,0,0,0,0,0,0,0,0,2,2,2,2,2,2,2,2,0,-1,0,0,0,0,0,0,0,-1,-1,0,0,-1,-1,0,-1,-1,0,0,-1,-1,0,0,0,-1,0,0,0,-1,0,0,0,0,-1,0,-1,0,-1,0,0,-1,-1,0,-1,-1,0,-1,0,-1,-1,-1,-1,-1,0,0,-1,0,0,-1,0,-1,-1,-1,0,-1,-1,-1,-1,-1,-1,-1,-1,-1,-1,-1,-1,-1,-1,-1,-1,-1,-1,-1,-1,-1,-1,-1,-1,-1,-1,-1,-1,-1,-1,-1,-1,-1,-1,-1,-1,-1,-1,-1,-1,-1,-1,1,12,1,3,1,58,1,6,-5,-21
2,2,2,2,2,2,2,2,0,0,0,0,2,0,0,0,0,0,-1,0,0,0,0,0,0,0,0,0,0,0,0,0,0,0,0,0,0,0,0,0,0,0,0,0,0,2,2,2,2,2,2,2,2,0,-1,0,0,0,0,0,0,0,-1,0,-1,0,0,-1,-1,0,0,0,-1,0,0,0,0,0,0,0,0,0,0,-1,-1,0,0,-1,0,-1,-1,0,-1,0,-1,0,-1,-1,-1,-1,0,0,0,-1,0,-1,0,-1,0,-1,-1,-1,-1,-1,-1,-1,-1,-1,-1,-1,-1,-1,-1,-1,-1,-1,-1,-1,-1,-1,-1,-1,-1,-1,-1,-1,-1,-1,-1,-1,-1,-1,-1,-1,-1,-1,-1,-1,-1,-1,-1,-1,-1,-1,-1,-1,-1,-1,-1,-1,1,12,0,3,1,54,0,6,-5,-21
2,2,2,2,2,2,2,2,0,0,0,0,2,0,0,0,0,0,-1,0,0,0,0,0,0,0,0,0,0,0,0,0,0,0,0,0,0,0,0,0,0,0,0,0,0,2,2,2,2,2,2,2,2,0,-1,0,0,0,-1,0,0,-1,-1,0,-1,0,-1,-1,-1,-1,0,0,0,-1,-1,0,0,0,0,0,0,0,-1,0,0,0,0,-1,0,-1,-1,0,-1,-1,-1,-1,0,-1,0,-1,0,-1,-1,0,-1,0,-1,-1,-1,-1,0,0,-1,-1,-1,-1,0,0,-1,-1,0,-1,-1,-1,-1,-1,0,-1,-1,-1,-1,-1,-1,-1,-1,0,-1,-1,-1,-1,-1,-1,-1,-1,-1,-1,-1,-1,-1,-1,-1,-1,-1,-1,-1,-1,-1,-1,-1,-1,1,12,0,3,1,54,0,6,-5,-21
2,2,2,2,2,2,2,2,0,0,0,0,2,0,0,0,0,0,-1,0,0,0,0,0,0,0,0,0,0,0,0,0,0,0,0,0,0,0,0,0,0,0,0,0,0,2,2,2,2,2,2,2,2,0,-1,0,0,0,0,0,0,0,-1,-1,0,0,0,0,0,-1,0,0,0,0,-1,0,0,0,-1,0,-1,-1,0,0,0,0,-1,-1,-1,-1,-1,0,0,0,-1,-1,-1,-1,-1,-1,-1,0,-1,-1,-1,-1,-1,-1,0,-1,-1,0,-1,0,-1,-1,-1,0,-1,-1,-1,-1,-1,-1,-1,-1,-1,0,-1,-1,-1,0,-1,-1,-1,-1,-1,-1,-1,-1,-1,-1,-1,-1,-1,-1,-1,-1,-1,-1,0,-1,-1,-1,-1,-1,-1,-1,-1,-1,1,12,1,3,1,54,1,6,-5,-21
2,2,2,2,2,2,2,2,0,0,0,0,2,0,0,0,0,0,-1,0,0,0,0,0,0,0,0,0,0,0,0,0,0,0,0,0,0,0,0,0,0,0,0,0,0,2,2,2,2,2,2,2,2,0,-1,0,0,0,0,0,0,0,-1,0,0,0,0,-1,-1,0,0,0,-1,0,0,0,0,0,0,0,0,0,0,-1,-1,0,0,0,-1,-1,-1,0,-1,0,-1,0,-1,-1,-1,-1,0,-1,0,-1,0,-1,-1,-1,-1,-1,-1,-1,-1,-1,-1,-1,-1,-1,-1,-1,-1,-1,-1,-1,0,0,-1,-1,-1,-1,-1,-1,-1,-1,-1,-1,-1,-1,-1,-1,-1,-1,-1,-1,-1,-1,-1,-1,-1,-1,-1,-1,-1,-1,-1,-1,-1,-1,-1,-1,1,12,0,3,1,57,0,6,-5,-21
2,2,2,2,2,2,2,2,0,0,0,0,2,0,0,0,0,0,-1,0,0,0,0,0,0,0,0,0,0,0,0,0,0,0,0,0,0,0,0,0,0,0,0,0,0,2,2,2,2,2,2,2,2,0,-1,0,0,0,0,0,0,0,-1,-1,0,0,-1,-1,0,-1,-1,0,0,-1,-1,0,0,0,-1,0,0,0,-1,0,0,0,0,-1,0,-1,0,-1,0,0,-1,-1,0,-1,0,0,-1,0,0,-1,-1,0,0,-1,0,-1,-1,-1,-1,0,-1,-1,-1,-1,-1,-1,-1,-1,-1,-1,-1,-1,-1,-1,-1,-1,-1,-1,-1,-1,-1,-1,-1,-1,-1,-1,-1,-1,-1,-1,-1,-1,-1,-1,-1,-1,-1,-1,-1,-1,-1,-1,-1,-1,-1,-1,1,12,0,3,1,56,0,6,-5,-21
2,2,2,2,2,2,2,2,0,0,0,0,2,0,0,0,0,0,-1,0,0,0,0,0,0,0,0,0,0,0,0,0,0,0,0,0,0,0,0,0,0,0,0,0,0,2,2,2,2,2,2,2,2,0,-1,0,0,0,-1,0,0,0,-1,-1,0,-1,0,-1,0,0,0,-1,-1,0,-1,-1,0,0,0,0,-1,-1,0,0,-1,-1,0,-1,0,-1,0,0,-1,0,-1,-1,-1,-1,-1,-1,-1,-1,-1,-1,-1,0,-1,-1,0,0,0,0,-1,-1,-1,0,0,0,0,-1,0,-1,-1,-1,-1,-1,-1,-1,-1,-1,-1,0,-1,-1,-1,-1,-1,-1,-1,-1,-1,-1,-1,-1,-1,-1,-1,-1,-1,-1,-1,-1,-1,-1,-1,-1,-1,-1,-1,0,1,12,0,3,1,54,1,6,-5,-21
2,2,2,2,2,2,2,2,0,0,0,0,2,0,0,0,0,0,-1,0,0,0,0,0,0,0,0,0,0,0,0,0,0,0,0,0,0,0,0,0,0,0,0,0,0,2,2,2,2,2,2,2,2,0,-1,0,0,0,0,0,0,0,-1,-1,0,0,0,0,0,0,0,0,0,0,0,0,0,0,-1,0,-1,0,0,0,-1,-1,-1,-1,-1,-1,-1,-1,-1,0,0,-1,-1,-1,0,-1,-1,0,-1,0,0,-1,0,-1,-1,0,0,-1,-1,-1,-1,-1,-1,-1,-1,-1,0,-1,-1,-1,-1,-1,-1,-1,-1,-1,-1,-1,-1,-1,-1,-1,-1,-1,-1,-1,-1,-1,-1,-1,-1,-1,-1,-1,-1,-1,-1,-1,-1,-1,-1,-1,-1,-1,-1,-1,1,12,0,3,1,54,1,6,-5,-21
2,2,2,2,2,2,2,2,0,0,0,0,2,0,0,0,0,0,-1,0,0,0,0,0,0,0,0,0,0,0,0,0,0,0,0,0,0,0,0,0,0,0,0,0,0,2,2,2,2,2,2,2,2,0,0,0,0,0,0,0,-1,0,0,-1,0,0,0,-1,0,0,0,0,0,-1,0,-1,0,0,-1,0,-1,-1,0,0,0,-1,-1,-1,-1,-1,-1,-1,-1,0,0,-1,-1,-1,0,-1,-1,0,-1,0,-1,-1,-1,-1,0,0,0,0,-1,0,-1,-1,-1,-1,0,-1,-1,-1,-1,-1,-1,-1,-1,-1,-1,-1,-1,-1,-1,-1,-1,-1,-1,0,-1,-1,-1,-1,-1,-1,-1,-1,-1,-1,-1,-1,-1,-1,-1,-1,-1,-1,-1,-1,-1,-1,1,12,0,3,1,54,0,6,-5,-21
2,2,2,2,2,2,2,2,0,0,0,0,2,0,0,0,0,0,-1,0,0,0,0,0,0,0,0,0,0,0,0,0,0,0,0,0,0,0,0,0,0,0,0,0,0,2,2,2,2,2,2,2,2,0,-1,0,0,0,0,0,0,0,-1,-1,0,0,0,-1,0,-1,-1,-1,0,-1,-1,0,0,0,-1,0,0,0,-1,0,0,0,0,-1,0,-1,0,-1,0,0,-1,-1,0,-1,-1,0,-1,0,-1,-1,-1,-1,-1,0,0,-1,-1,-1,-1,0,-1,-1,-1,-1,0,-1,-1,-1,-1,-1,0,-1,-1,-1,-1,-1,-1,-1,-1,-1,0,-1,-1,-1,-1,-1,-1,-1,-1,-1,-1,-1,-1,-1,-1,-1,-1,-1,-1,-1,-1,-1,-1,-1,-1,-1,1,12,0,3,1,54,0,6,-5,-21
2,2,2,2,2,2,2,2,0,0,0,0,2,0,0,0,0,0,3,0,0,-1,0,0,0,0,0,0,0,0,0,0,0,0,0,0,0,0,0,0,0,0,0,0,0,2,2,2,2,2,2,2,2,0,-1,0,0,0,0,0,0,0,-1,0,0,0,0,0,-1,-1,0,0,0,0,-1,0,0,0,-1,-1,0,0,-1,0,-1,0,0,-1,0,-1,-1,0,-1,0,-1,-1,-1,-1,0,-1,0,-1,-1,-1,-1,0,-1,-1,0,0,0,-1,-1,-1,-1,-1,0,0,-1,-1,-1,-1,-1,-1,-1,-1,-1,-1,-1,-1,-1,-1,-1,-1,-1,-1,-1,-1,-1,-1,-1,-1,-1,-1,-1,-1,-1,-1,-1,-1,-1,-1,-1,-1,-1,-1,-1,-1,-1,-1,1,12,1,3,1,54,1,6,-5,-21
0,2,2,2,2,2,2,2,0,0,0,0,0,0,0,0,0,0,0,0,0,0,0,0,0,0,0,0,0,0,0,0,0,0,0,0,0,0,0,0,0,0,0,2,2,2,2,2,2,2,0,0,0,0,0,0,-1,0,0,0,0,0,-1,3,2,2,3,-1,3,2,-1,-1,-1,0,3,-1,3,3,-1,2,-1,2,-1,0,0,3,0,3,3,2,3,2,0,0,0,2,2,-1,2,2,-1,3,2,2,0,3,-1,2,-1,2,2,3,2,-1,2,0,-1,-1,-1,3,-1,2,-1,3,0,3,2,2,0,0,2,-1,0,-1,-1,-1,-1,0,-1,-1,3,-1,0,0,-1,-1,3,0,-1,3,-1,3,-1,0,-1,0,-1,0,0,-1,1,12,1,3,1,58,0,4,-5,-21
2,2,2,2,2,2,2,2,0,0,0,0,2,0,0,0,0,0,-1,0,0,0,0,0,0,0,0,0,0,0,0,0,0,0,0,0,0,0,0,0,0,0,0,0,0,2,2,2,2,2,2,2,2,0,-1,0,0,0,-1,0,0,0,-1,-1,0,0,0,-1,0,0,0,-1,0,0,0,-1,0,-1,0,0,-1,-1,0,0,-1,-1,0,-1,0,-1,-1,0,-1,0,-1,-1,-1,-1,-1,-1,0,-1,-1,-1,-1,0,-1,-1,0,0,0,0,-1,-1,-1,-1,-1,0,0,-1,0,-1,-1,-1,-1,-1,-1,-1,-1,-1,-1,0,-1,-1,-1,-1,-1,-1,-1,0,-1,-1,-1,-1,-1,-1,-1,-1,-1,-1,-1,-1,-1,-1,-1,-1,-1,-1,-1,-1,1,12,0,3,1,54,0,6,-5,-21
2,2,2,2,2,2,2,2,0,0,0,0,2,0,0,0,0,0,-1,0,0,0,0,0,0,0,0,0,0,0,0,0,0,0,0,0,0,0,0,0,0,0,0,0,0,2,2,2,2,2,2,2,2,0,-1,0,0,0,-1,0,0,0,-1,-1,0,-1,0,-1,0,-1,0,0,0,0,-1,-1,0,-1,0,0,-1,-1,0,0,-1,-1,0,-1,0,-1,-1,0,-1,0,-1,-1,-1,-1,-1,-1,0,-1,-1,-1,-1,0,-1,-1,0,0,0,0,-1,-1,-1,-1,0,0,0,-1,0,-1,-1,0,0,-1,-1,-1,-1,-1,-1,0,-1,-1,-1,-1,-1,-1,-1,-1,-1,-1,-1,-1,-1,-1,-1,-1,-1,-1,-1,-1,-1,-1,-1,-1,-1,-1,-1,-1,1,12,0,3,1,61,1,6,-5,-21
2,2,2,2,2,2,2,2,0,0,0,0,2,0,0,0,0,0,0,0,0,0,0,0,0,-1,0,0,0,0,0,0,0,0,0,0,0,0,0,0,0,0,0,0,0,2,2,2,2,2,2,2,2,0,-1,0,0,0,0,0,0,0,-1,0,0,0,0,-1,-1,0,0,0,-1,0,0,0,0,-1,0,-1,0,0,0,-1,-1,0,-1,-1,0,-1,-1,0,-1,0,-1,0,-1,-1,-1,-1,0,0,0,-1,0,-1,-1,-1,-1,-1,0,-1,-1,-1,-1,-1,-1,-1,-1,-1,-1,-1,-1,-1,0,-1,-1,-1,-1,-1,-1,-1,-1,-1,-1,-1,-1,-1,-1,-1,-1,-1,-1,-1,-1,-1,0,-1,-1,-1,-1,-1,-1,-1,-1,-1,-1,-1,-1,0,1,12,0,3,1,54,1,6,-5,-21
2,2,2,2,2,2,2,2,0,0,0,0,2,0,0,0,0,0,-1,0,0,0,0,0,0,0,0,0,0,0,0,0,0,0,0,0,0,0,0,0,0,0,0,0,0,2,2,2,2,2,2,2,2,0,-1,0,0,0,0,0,0,-1,-1,0,0,0,0,0,-1,-1,0,-1,-1,0,-1,0,-1,0,-1,0,0,-1,0,0,-1,-1,0,-1,-1,-1,-1,0,-1,-1,0,0,0,-1,0,-1,-1,0,0,-1,-1,0,0,-1,0,-1,-1,0,-1,-1,0,-1,0,-1,-1,-1,-1,-1,-1,-1,0,-1,-1,-1,-1,-1,-1,-1,-1,-1,-1,-1,-1,-1,-1,-1,-1,-1,-1,-1,-1,0,-1,-1,-1,-1,-1,-1,-1,-1,-1,-1,-1,-1,-1,-1,1,12,0,3,1,54,0,6,-5,-21
2,2,2,2,2,2,2,2,0,0,0,0,2,0,0,0,0,0,0,-1,0,0,0,0,0,0,0,0,0,0,0,0,0,0,0,0,0,0,0,0,0,0,0,0,0,2,2,2,2,2,2,2,2,0,-1,0,0,0,0,0,0,0,-1,-1,0,-1,0,-1,0,0,0,0,0,-1,-1,-1,0,-1,0,0,-1,-1,0,0,-1,0,0,-1,0,-1,-1,0,-1,0,-1,-1,-1,-1,0,-1,0,-1,-1,-1,-1,0,-1,-1,0,0,0,0,-1,-1,-1,-1,-1,0,-1,-1,0,-1,-1,-1,-1,-1,-1,-1,-1,-1,-1,-1,0,-1,-1,-1,-1,-1,-1,-1,-1,-1,-1,-1,-1,0,-1,-1,-1,-1,-1,-1,-1,-1,-1,-1,-1,-1,-1,-1,1,12,0,3,1,54,0,6,-5,-21
2,2,2,2,2,2,2,2,0,0,0,0,2,0,0,0,0,0,-1,0,0,0,0,0,0,0,0,0,0,0,0,0,0,0,0,0,0,0,0,0,0,0,0,0,0,2,2,2,2,2,2,2,2,0,-1,0,-1,0,0,0,0,0,-1,0,0,0,0,0,0,-1,0,-1,-1,0,0,0,-1,0,0,0,0,-1,0,0,0,-1,0,-1,0,-1,-1,-1,-1,-1,-1,-1,-1,-1,0,-1,0,-1,-1,0,-1,0,-1,-1,0,-1,0,-1,-1,-1,-1,-1,0,0,0,-1,0,-1,-1,-1,-1,-1,-1,-1,-1,-1,-1,-1,-1,-1,-1,-1,-1,-1,-1,-1,-1,-1,-1,-1,-1,-1,-1,-1,-1,-1,-1,-1,-1,-1,-1,-1,-1,-1,-1,-1,1,12,0,3,1,55,0,6,-5,-21
2,2,2,2,2,2,2,2,0,0,0,0,2,0,0,0,0,0,-1,0,0,0,0,0,0,0,0,0,0,0,0,0,0,0,0,0,0,0,0,0,0,0,0,0,0,2,2,2,2,2,2,2,2,0,-1,0,0,0,0,0,0,0,-1,-1,0,0,0,3,0,0,0,0,0,0,0,0,0,0,-1,0,-1,-1,0,0,0,0,-1,-1,-1,-1,-1,-1,-1,0,-1,-1,-1,-1,0,-1,-1,0,-1,0,-1,-1,0,0,-1,0,0,-1,-1,-1,-1,-1,-1,-1,-1,-1,0,-1,-1,-1,-1,-1,-1,-1,-1,-1,-1,-1,-1,-1,-1,-1,-1,-1,-1,-1,-1,-1,-1,-1,-1,-1,-1,-1,-1,-1,-1,-1,-1,-1,-1,-1,-1,-1,-1,-1,1,12,0,3,1,54,0,6,-5,-21
2,2,2,2,2,2,2,2,0,0,0,0,2,0,0,0,0,0,-1,0,0,0,0,0,0,0,0,0,0,0,0,0,0,0,0,0,0,0,0,0,0,0,0,0,0,2,2,2,2,2,2,2,2,0,-1,0,0,0,0,0,-1,0,0,-1,0,0,-1,-1,-1,-1,-1,0,0,-1,-1,-1,0,0,-1,0,0,0,-1,0,0,0,0,-1,0,-1,0,-1,0,0,-1,-1,0,-1,-1,0,-1,0,-1,-1,-1,-1,-1,0,0,-1,-1,-1,-1,0,-1,-1,-1,-1,0,-1,-1,-1,-1,-1,-1,0,-1,-1,-1,-1,-1,-1,-1,-1,-1,0,-1,-1,-1,0,-1,-1,-1,-1,-1,-1,-1,0,-1,-1,-1,-1,-1,-1,-1,-1,-1,-1,-1,-1,1,12,1,3,1,57,0,6,-5,-21
2,2,2,2,2,2,2,2,0,0,0,0,3,0,0,0,0,0,2,0,0,0,0,0,0,0,0,0,0,0,-1,0,0,0,0,0,0,0,0,0,0,0,0,0,0,2,2,2,2,2,2,2,2,0,-1,-1,0,0,0,0,-1,0,0,0,0,0,-1,-1,-1,-1,-1,0,0,-1,-1,-1,0,0,-1,0,0,0,-1,0,0,0,0,-1,-1,-1,0,-1,0,0,-1,-1,0,0,-1,0,-1,0,-1,-1,-1,-1,-1,0,0,-1,-1,-1,-1,0,-1,-1,-1,-1,0,-1,-1,-1,-1,-1,-1,-1,-1,-1,-1,-1,-1,-1,0,-1,-1,-1,-1,-1,-1,0,-1,-1,-1,-1,-1,-1,-1,0,-1,-1,-1,0,-1,-1,-1,-1,-1,-1,-1,-1,1,12,1,3,1,54,0,6,-5,-21
2,2,2,2,2,2,2,2,0,0,0,0,2,0,0,0,0,0,-1,0,0,0,0,0,0,0,0,0,0,0,0,0,0,0,0,0,0,0,0,0,0,0,0,0,0,2,2,2,2,2,2,2,2,0,-1,0,0,0,0,0,0,0,0,-1,0,0,0,-1,0,0,0,0,0,0,0,-1,0,0,-1,0,-1,-1,0,0,0,-1,-1,-1,-1,-1,-1,-1,-1,0,0,-1,-1,-1,0,-1,-1,0,-1,0,-1,-1,0,-1,-1,0,0,-1,-1,-1,-1,-1,-1,-1,-1,-1,0,-1,-1,0,-1,-1,-1,-1,-1,-1,-1,-1,-1,-1,-1,-1,-1,-1,-1,-1,-1,-1,-1,-1,-1,-1,-1,-1,-1,-1,-1,-1,-1,-1,-1,-1,-1,0,-1,-1,1,12,1,3,1,59,0,6,-5,-21
2,2,2,2,2,2,2,2,0,0,0,0,2,0,0,0,0,0,-1,0,0,0,0,0,0,0,0,0,0,0,0,0,0,0,0,0,0,0,0,0,0,0,0,0,0,2,2,2,2,2,2,2,2,0,-1,0,0,0,0,-1,0,0,-1,0,0,0,-1,-1,0,-1,0,0,0,-1,0,0,0,-1,-1,0,0,-1,-1,0,0,0,0,-1,-1,-1,0,0,0,0,0,-1,0,-1,-1,-1,0,-1,-1,0,-1,0,0,-1,0,-1,-1,0,-1,-1,0,-1,-1,-1,-1,-1,-1,-1,-1,-1,-1,-1,-1,-1,-1,-1,-1,-1,-1,-1,-1,-1,-1,-1,-1,-1,-1,-1,-1,-1,-1,-1,-1,-1,-1,-1,-1,-1,-1,-1,-1,-1,-1,-1,-1,-1,1,12,0,3,1,54,1,6,-5,-21
2,2,2,2,2,2,2,2,0,0,0,0,3,0,0,0,0,0,2,0,0,0,0,0,0,0,0,0,0,0,-1,0,0,0,0,0,0,0,0,0,0,0,0,0,0,2,2,2,2,2,2,2,2,0,-1,0,0,0,0,0,-1,0,-1,-1,-1,0,-1,-1,-1,-1,-1,0,0,-1,-1,-1,0,0,-1,0,0,0,-1,0,0,0,0,-1,0,-1,0,-1,0,0,-1,-1,0,0,-1,0,-1,0,-1,-1,-1,-1,-1,0,0,-1,-1,-1,-1,0,-1,-1,-1,-1,0,-1,-1,-1,-1,-1,0,-1,-1,-1,-1,-1,-1,-1,0,-1,-1,-1,-1,-1,-1,0,-1,-1,-1,-1,0,-1,-1,0,-1,-1,-1,-1,-1,-1,-1,-1,-1,-1,-1,-1,1,12,1,3,1,54,0,6,-5,-21
2,2,2,2,2,2,2,2,0,0,0,0,2,0,0,0,0,0,-1,0,0,0,0,0,0,0,0,0,0,0,0,0,0,0,0,0,0,0,0,0,0,0,0,0,0,2,2,2,2,2,2,2,2,0,-1,0,0,0,-1,0,0,0,-1,0,0,0,0,-1,-1,0,0,0,-1,0,0,0,0,0,0,0,0,0,0,-1,-1,0,0,-1,-1,-1,-1,0,-1,0,-1,0,-1,-1,-1,-1,0,0,0,-1,0,-1,-1,-1,-1,-1,-1,-1,-1,-1,-1,-1,-1,-1,-1,-1,-1,-1,-1,-1,0,0,-1,-1,-1,-1,-1,-1,-1,-1,0,-1,-1,-1,-1,-1,-1,-1,-1,-1,-1,-1,-1,-1,-1,-1,-1,-1,-1,-1,-1,-1,-1,-1,-1,-1,1,12,0,3,1,53,0,6,-5,-21
2,2,2,2,2,2,2,2,0,0,0,0,2,0,0,0,0,0,-1,0,0,0,0,0,0,0,0,0,0,0,0,0,0,0,0,0,0,0,0,0,0,0,0,0,0,2,2,2,2,2,2,2,2,0,-1,0,0,0,-1,0,0,0,-1,-1,0,-1,0,-1,0,0,0,0,0,0,-1,-1,0,-1,0,0,-1,-1,0,0,-1,-1,0,-1,0,-1,-1,0,-1,0,-1,-1,-1,-1,-1,-1,0,-1,-1,-1,-1,0,-1,-1,0,0,0,0,-1,-1,-1,-1,0,0,0,0,0,-1,-1,-1,-1,-1,-1,-1,-1,-1,-1,0,-1,-1,-1,-1,-1,-1,-1,-1,-1,-1,-1,-1,-1,-1,-1,-1,-1,-1,-1,-1,-1,-1,-1,-1,-1,-1,-1,-1,1,12,0,3,1,54,1,6,-5,-21
2,2,2,2,2,2,2,2,0,0,0,0,2,0,0,0,0,0,-1,0,0,0,0,0,0,0,0,0,0,0,0,0,0,0,0,0,0,0,0,0,0,0,0,0,0,2,2,2,2,2,2,2,2,0,0,0,0,0,-1,-1,0,0,-1,0,0,0,-1,-1,0,0,0,-1,0,-1,-1,0,-1,0,0,0,0,0,-1,0,0,0,-1,-1,0,-1,0,-1,0,0,0,0,0,-1,-1,0,-1,0,-1,0,-1,0,-1,-1,-1,-1,-1,0,-1,-1,-1,-1,-1,-1,-1,-1,-1,-1,-1,-1,-1,0,-1,-1,-1,-1,-1,-1,-1,-1,-1,-1,-1,-1,-1,-1,-1,-1,-1,-1,-1,-1,-1,-1,-1,-1,-1,-1,-1,-1,-1,-1,-1,-1,-1,-1,1,12,0,3,1,53,1,6,-5,-21
2,2,2,2,2,2,2,2,0,0,0,0,2,0,0,0,0,0,-1,0,0,0,0,0,0,0,0,0,0,0,0,0,0,0,0,0,0,0,0,0,0,0,0,0,0,2,2,2,2,2,2,2,2,0,-1,0,0,0,0,-1,0,0,-1,0,0,0,-1,-1,0,-1,0,-1,0,-1,-1,0,0,0,-1,0,0,0,-1,-1,0,-1,0,-1,0,-1,-1,-1,0,0,0,0,0,-1,0,0,-1,0,-1,0,-1,0,-1,-1,-1,-1,-1,0,-1,-1,-1,-1,-1,-1,-1,-1,-1,-1,-1,-1,-1,-1,-1,-1,0,-1,-1,-1,-1,-1,-1,-1,-1,-1,-1,0,-1,-1,-1,-1,-1,-1,0,-1,-1,-1,-1,-1,-1,-1,-1,-1,-1,-1,-1,-1,1,12,0,3,1,54,1,6,-5,-21
2,2,2,2,2,2,2,2,0,0,0,0,2,0,0,0,0,0,-1,0,0,0,0,0,0,0,0,0,0,0,0,0,0,0,0,0,0,0,0,0,0,0,0,0,0,2,2,2,2,2,2,2,2,0,-1,0,0,0,0,0,0,-1,0,0,0,0,0,0,-1,-1,0,-1,-1,0,-1,0,-1,0,0,0,0,-1,0,0,-1,-1,0,-1,-1,-1,-1,0,-1,-1,0,0,0,-1,0,-1,-1,0,0,-1,-1,-1,0,-1,0,-1,-1,0,-1,-1,0,-1,0,0,-1,-1,-1,-1,-1,-1,-1,-1,-1,-1,-1,-1,-1,-1,-1,-1,-1,-1,-1,-1,-1,-1,-1,-1,-1,-1,-1,-1,-1,-1,-1,-1,-1,-1,-1,-1,-1,-1,-1,-1,-1,-1,1,12,1,3,1,58,0,6,-5,-21
2,2,2,2,2,2,2,2,0,0,0,0,2,0,0,0,0,0,3,0,0,0,0,0,0,0,0,0,-1,0,0,0,0,0,0,0,0,0,0,0,0,0,0,0,0,2,2,2,2,2,2,2,2,0,-1,0,0,0,0,0,0,0,-1,-1,0,0,-1,-1,0,-1,-1,0,0,-1,-1,0,0,0,-1,0,0,0,-1,0,0,0,0,-1,0,-1,0,-1,0,0,-1,-1,0,-1,-1,0,-1,0,-1,-1,-1,-1,0,-1,0,-1,-1,-1,-1,0,0,-1,-1,-1,0,-1,-1,-1,-1,-1,-1,-1,-1,-1,-1,-1,-1,-1,-1,-1,-1,-1,-1,0,-1,-1,-1,-1,-1,-1,-1,-1,-1,-1,-1,-1,-1,-1,-1,-1,-1,-1,-1,-1,-1,-1,1,12,0,3,1,53,1,6,-5,-21
2,2,2,2,2,2,2,2,0,0,0,0,2,0,0,0,0,0,-1,0,0,0,0,0,0,0,0,0,0,0,0,0,0,0,0,0,0,0,0,0,0,0,0,0,0,2,2,2,2,2,2,2,2,0,-1,0,0,0,0,0,0,-1,-1,0,0,-1,-1,0,0,-1,0,-1,-1,0,-1,0,0,0,0,0,0,-1,0,0,0,-1,0,-1,-1,-1,-1,-1,0,-1,-1,0,0,-1,0,-1,-1,0,0,0,-1,-1,-1,-1,0,-1,-1,0,-1,-1,0,-1,0,-1,0,-1,-1,-1,-1,-1,-1,-1,-1,-1,-1,-1,-1,-1,-1,-1,-1,-1,-1,-1,-1,-1,-1,-1,-1,-1,-1,-1,-1,-1,-1,-1,-1,-1,-1,-1,0,-1,-1,-1,-1,-1,1,12,0,3,1,54,0,6,-5,-21
2,2,2,2,2,2,2,2,0,0,0,0,2,0,0,0,0,0,-1,0,0,0,0,0,0,0,0,0,0,0,0,0,0,0,0,0,0,0,0,0,0,0,0,0,0,2,2,2,2,2,2,2,2,0,-1,0,0,0,0,0,0,0,-1,-1,0,0,-1,-1,0,-1,-1,0,0,-1,-1,0,-1,0,-1,0,0,0,0,0,0,0,0,-1,-1,-1,0,-1,0,0,0,-1,0,-1,-1,0,-1,0,0,-1,-1,-1,0,-1,0,-1,-1,-1,0,0,-1,-1,0,-1,-1,-1,-1,-1,-1,-1,-1,-1,-1,-1,-1,-1,-1,-1,-1,-1,-1,-1,-1,-1,-1,-1,-1,-1,-1,-1,-1,-1,-1,-1,-1,-1,-1,-1,-1,-1,-1,-1,-1,-1,-1,-1,1,12,0,3,1,54,0,6,-5,-21
2,2,2,2,2,2,2,2,0,0,0,0,2,0,0,0,0,0,-1,0,0,0,0,0,0,0,0,0,0,0,0,0,0,0,0,0,0,0,0,0,0,0,0,0,0,2,2,2,2,2,2,2,2,0,-1,0,0,0,0,0,0,0,-1,0,-1,0,0,-1,-1,0,-1,0,-1,0,0,0,0,-1,0,0,-1,0,0,-1,-1,0,0,-1,0,-1,-1,0,-1,0,-1,0,-1,-1,-1,-1,0,0,0,-1,0,-1,-1,-1,-1,-1,0,-1,-1,-1,-1,-1,-1,-1,-1,-1,-1,-1,-1,-1,0,0,-1,-1,-1,-1,-1,-1,-1,-1,-1,-1,-1,-1,-1,-1,-1,-1,-1,-1,0,-1,-1,-1,-1,-1,-1,-1,-1,-1,-1,0,-1,-1,-1,-1,1,12,1,3,1,54,0,6,-5,-21
2,2,2,2,2,2,2,2,0,0,0,0,2,0,0,0,0,0,-1,0,0,0,0,0,0,0,0,0,0,0,0,0,0,0,0,0,0,0,0,0,0,0,0,0,0,2,2,2,2,2,2,2,2,0,-1,0,0,0,0,0,0,0,-1,0,0,0,0,-1,-1,0,0,0,-1,0,0,0,0,-1,0,-1,0,0,0,-1,-1,0,-1,-1,0,-1,-1,0,-1,0,-1,0,-1,-1,0,-1,-1,0,-1,0,-1,-1,0,-1,-1,0,0,-1,-1,-1,-1,-1,-1,-1,-1,-1,0,-1,-1,0,-1,-1,-1,-1,-1,-1,-1,-1,-1,-1,-1,-1,-1,-1,-1,-1,-1,-1,-1,-1,-1,-1,-1,-1,-1,-1,-1,-1,-1,-1,-1,-1,-1,-1,-1,-1,1,12,1,3,1,59,0,6,-5,-21
2,2,2,2,2,2,2,2,0,0,0,0,2,0,0,0,0,0,-1,3,0,0,0,0,0,0,0,0,0,0,0,0,0,0,0,0,0,0,0,0,0,0,0,0,0,2,2,2,2,2,2,2,2,0,-1,0,0,0,0,-1,0,0,-1,-1,0,0,0,0,0,0,0,0,-1,0,0,0,0,0,0,0,0,0,0,-1,-1,0,0,-1,-1,-1,-1,0,-1,-1,-1,-1,-1,-1,0,-1,0,-1,-1,0,-1,-1,-1,-1,0,0,0,-1,0,-1,-1,-1,-1,-1,-1,-1,-1,-1,-1,-1,-1,-1,-1,-1,-1,-1,-1,-1,-1,-1,-1,-1,-1,0,-1,-1,-1,-1,-1,-1,-1,-1,-1,-1,-1,-1,-1,-1,-1,-1,-1,-1,-1,-1,-1,-1,1,12,0,3,1,54,1,6,-5,-21
2,2,2,2,2,2,2,2,0,0,0,0,2,0,0,0,0,0,-1,0,0,0,0,0,0,0,0,0,0,0,0,0,0,0,0,0,0,0,0,0,0,0,0,0,0,2,2,2,2,2,2,2,2,0,-1,0,0,0,0,0,0,-1,-1,0,-1,0,-1,-1,-1,0,0,0,0,-1,-1,0,0,0,-1,0,0,0,0,0,0,0,0,-1,-1,-1,0,-1,0,0,-1,-1,-1,0,-1,0,-1,0,0,-1,-1,-1,0,0,0,-1,0,-1,-1,-1,-1,-1,-1,-1,-1,-1,-1,-1,-1,-1,0,-1,-1,-1,-1,-1,-1,-1,-1,-1,-1,-1,-1,-1,-1,-1,-1,-1,-1,-1,-1,-1,-1,-1,-1,-1,-1,-1,-1,-1,-1,-1,-1,-1,-1,-1,1,12,1,3,1,58,0,6,-5,-21
2,2,2,2,2,2,2,2,0,0,0,0,2,0,0,0,0,0,-1,0,0,0,0,0,0,0,0,0,0,0,0,0,0,0,0,0,0,0,0,0,0,0,0,0,0,2,2,2,2,2,2,2,2,0,-1,0,0,0,0,0,0,0,-1,0,0,0,0,-1,-1,0,0,0,-1,0,0,0,0,0,0,0,0,0,0,-1,-1,0,0,-1,-1,-1,-1,0,-1,0,-1,0,-1,-1,-1,-1,0,0,0,-1,0,-1,0,-1,-1,-1,-1,-1,-1,0,-1,-1,-1,-1,-1,-1,-1,-1,-1,-1,-1,-1,-1,-1,-1,-1,-1,-1,-1,-1,-1,-1,-1,-1,-1,-1,-1,-1,-1,-1,-1,-1,-1,-1,-1,-1,-1,-1,-1,-1,-1,-1,-1,-1,-1,-1,1,12,1,3,1,54,0,6,-5,-21
2,2,2,2,2,2,2,2,0,0,0,0,3,0,0,0,0,0,2,0,0,0,0,0,0,0,0,0,0,0,-1,0,0,0,0,0,0,0,0,0,0,0,0,0,0,2,2,2,2,2,2,2,2,0,-1,0,0,0,-1,0,0,-1,-1,0,-1,0,-1,-1,-1,-1,0,0,0,-1,-1,0,0,0,0,0,0,0,-1,0,0,0,0,-1,0,-1,-1,0,-1,-1,-1,-1,0,-1,0,-1,0,-1,-1,0,-1,0,-1,-1,-1,-1,0,0,-1,-1,-1,-1,0,0,-1,-1,0,-1,-1,-1,-1,-1,0,-1,-1,-1,-1,-1,-1,-1,-1,0,-1,-1,-1,-1,-1,-1,-1,-1,-1,-1,-1,-1,-1,-1,-1,-1,-1,-1,-1,-1,-1,-1,-1,-1,1,12,0,3,1,58,0,6,-5,-21
2,2,2,2,2,2,2,2,0,0,0,0,2,0,0,0,0,0,-1,0,0,0,0,0,0,0,0,0,0,0,0,0,0,0,0,0,0,0,0,0,0,0,0,0,0,2,2,2,2,2,2,2,2,0,-1,0,0,0,0,0,0,0,-1,-1,0,0,0,0,0,-1,0,0,0,0,-1,0,0,-1,-1,0,-1,-1,0,0,0,0,0,-1,-1,-1,-1,0,-1,0,-1,-1,-1,-1,-1,0,-1,0,-1,-1,-1,-1,-1,-1,0,-1,0,0,-1,0,-1,-1,-1,0,-1,-1,-1,-1,-1,-1,-1,-1,-1,0,-1,-1,-1,0,-1,-1,-1,-1,-1,-1,-1,-1,-1,-1,-1,-1,-1,-1,-1,-1,-1,-1,-1,-1,-1,-1,-1,-1,-1,-1,-1,-1,1,12,1,3,1,59,1,6,-5,-21
2,2,2,2,2,2,2,2,0,0,0,0,2,0,0,0,0,0,-1,0,0,0,0,0,0,0,0,0,0,0,0,0,0,0,0,0,0,0,0,0,0,0,0,0,0,2,2,2,2,2,2,2,2,0,-1,0,0,0,0,0,0,0,-1,-1,0,0,-1,-1,0,-1,-1,0,0,-1,-1,-1,0,0,-1,0,0,0,-1,0,0,0,0,-1,0,-1,0,-1,0,0,-1,-1,0,-1,-1,0,-1,0,-1,-1,-1,-1,-1,0,0,-1,-1,-1,-1,0,-1,-1,-1,-1,0,-1,-1,-1,-1,-1,-1,-1,-1,-1,-1,-1,-1,-1,-1,-1,-1,-1,-1,-1,-1,0,-1,-1,-1,-1,0,-1,-1,0,-1,-1,-1,-1,-1,-1,-1,-1,-1,-1,-1,-1,1,12,0,3,1,54,1,6,-5,-21
2,2,2,2,2,2,2,2,0,0,0,0,2,0,0,0,0,0,0,-1,0,0,0,0,0,0,0,0,0,0,0,0,0,0,0,0,0,0,0,0,0,0,0,0,0,2,2,2,2,2,2,2,2,0,-1,0,0,0,0,0,0,0,-1,-1,0,-1,0,0,0,0,0,0,0,0,-1,-1,0,-1,0,0,0,0,0,0,-1,0,0,-1,0,-1,-1,0,-1,0,-1,-1,-1,-1,0,-1,0,-1,-1,-1,-1,0,-1,-1,0,0,0,0,-1,-1,-1,-1,-1,-1,-1,-1,-1,-1,-1,-1,-1,-1,-1,-1,-1,-1,-1,-1,-1,-1,-1,-1,-1,-1,-1,-1,-1,-1,-1,-1,-1,-1,-1,-1,-1,-1,-1,-1,-1,-1,-1,-1,-1,-1,-1,-1,1,12,0,3,1,58,0,6,-5,-21
2,2,2,2,2,2,2,2,0,0,0,0,2,0,0,0,0,0,-1,0,0,0,0,0,0,0,0,0,0,0,0,0,0,0,0,0,0,0,0,0,0,0,0,0,0,2,2,2,2,2,2,2,2,0,-1,0,0,0,-1,0,0,0,-1,-1,0,-1,0,-1,0,0,0,0,0,0,-1,-1,0,-1,0,0,0,0,-1,0,0,0,-1,0,0,-1,0,-1,0,0,0,0,0,-1,0,0,-1,0,-1,0,-1,-1,0,-1,-1,-1,-1,-1,-1,-1,-1,-1,-1,-1,-1,-1,-1,-1,-1,-1,-1,-1,-1,-1,-1,-1,-1,-1,-1,-1,-1,-1,-1,-1,-1,-1,-1,-1,-1,-1,-1,-1,-1,-1,-1,-1,-1,-1,-1,-1,-1,-1,-1,-1,-1,-1,1,12,1,3,1,54,0,6,-5,-21
2,2,2,2,2,2,2,2,0,0,0,0,2,0,0,0,0,0,-1,0,0,0,0,0,0,0,0,0,0,0,0,0,0,0,0,0,0,0,0,0,0,0,0,0,0,2,2,2,2,2,2,2,2,0,-1,0,0,0,0,0,0,0,-1,-1,0,0,0,0,0,0,-1,0,0,0,0,0,0,0,-1,0,-1,-1,0,0,0,-1,-1,-1,-1,-1,-1,-1,-1,0,0,-1,-1,-1,0,-1,-1,0,-1,0,-1,-1,-1,-1,-1,0,0,0,-1,-1,-1,-1,-1,-1,-1,-1,0,-1,-1,0,-1,-1,-1,-1,-1,-1,-1,-1,-1,0,-1,-1,-1,-1,-1,-1,-1,-1,-1,-1,-1,-1,-1,-1,-1,-1,-1,-1,-1,-1,-1,-1,-1,-1,-1,-1,1,12,0,3,1,55,1,6,-5,-21
2,2,2,2,2,2,2,2,0,0,0,0,2,0,0,0,0,0,-1,0,0,0,0,0,0,0,0,0,0,0,0,0,0,0,0,0,0,0,0,0,0,0,0,0,0,2,2,2,2,2,2,2,2,0,-1,0,0,0,0,0,0,0,-1,-1,0,-1,0,-1,0,0,0,0,0,0,-1,-1,0,-1,0,0,0,-1,0,0,-1,-1,0,-1,0,-1,-1,0,-1,-1,-1,-1,0,-1,0,-1,0,-1,-1,0,-1,0,-1,-1,-1,-1,-1,0,-1,-1,-1,-1,0,0,-1,-1,0,-1,-1,-1,-1,-1,0,-1,-1,-1,-1,-1,-1,-1,-1,-1,-1,-1,-1,-1,-1,0,-1,-1,-1,-1,-1,-1,-1,-1,-1,-1,-1,-1,-1,-1,-1,-1,-1,-1,1,12,1,3,1,55,1,6,-5,-21
2,2,2,2,2,2,2,2,0,0,0,0,2,0,0,0,0,0,-1,0,0,0,0,0,0,0,0,0,0,0,0,0,0,0,0,0,0,0,0,0,0,0,0,0,0,2,2,2,2,2,2,2,2,0,-1,0,0,-1,0,0,0,0,-1,-1,0,0,-1,0,0,0,-1,0,0,0,0,0,0,0,-1,0,-1,-1,0,0,0,-1,-1,-1,-1,-1,-1,-1,-1,0,0,-1,-1,-1,0,-1,-1,0,-1,0,-1,-1,0,-1,-1,0,0,-1,-1,-1,-1,-1,-1,-1,-1,-1,0,-1,-1,0,-1,-1,-1,-1,-1,0,-1,-1,-1,-1,-1,-1,-1,0,-1,-1,-1,-1,-1,-1,-1,-1,-1,-1,0,-1,-1,-1,-1,-1,-1,-1,-1,-1,-1,-1,1,12,1,3,1,54,0,6,-5,-21
2,2,2,2,2,2,2,2,0,0,0,0,2,0,0,0,0,0,-1,0,0,0,0,0,0,0,0,0,0,0,0,0,0,0,0,0,0,0,0,0,0,0,0,0,0,2,2,2,2,2,2,2,2,0,-1,0,0,0,0,-1,0,0,-1,0,0,0,-1,-1,0,-1,0,-1,0,-1,-1,0,0,0,0,0,0,0,-1,0,0,0,0,-1,-1,-1,-1,0,-1,0,0,0,-1,-1,-1,-1,0,0,0,-1,-1,-1,0,0,0,-1,-1,-1,-1,-1,-1,-1,-1,-1,-1,-1,-1,-1,-1,-1,-1,0,-1,-1,-1,-1,-1,-1,-1,-1,-1,0,-1,-1,-1,-1,-1,-1,-1,-1,-1,-1,-1,-1,-1,-1,-1,-1,-1,-1,-1,-1,-1,-1,-1,-1,1,12,1,4,1,56,0,5,-5,-21
2,2,2,2,2,2,2,2,0,0,0,0,2,0,0,0,0,0,3,0,0,0,0,0,0,0,0,0,0,0,0,0,0,0,0,0,0,0,0,0,0,0,0,-1,0,2,2,2,2,2,2,2,2,0,-1,0,0,0,0,-1,0,0,-1,0,0,0,-1,-1,0,-1,0,-1,0,-1,-1,0,0,0,0,0,0,0,-1,0,-1,0,-1,-1,0,-1,0,-1,0,0,0,0,0,-1,0,0,-1,0,-1,0,-1,0,-1,-1,-1,-1,-1,0,-1,-1,-1,-1,-1,-1,-1,0,-1,-1,-1,-1,-1,-1,-1,-1,-1,-1,-1,-1,-1,-1,-1,-1,-1,-1,-1,-1,-1,-1,-1,-1,-1,-1,-1,-1,-1,-1,-1,-1,-1,-1,-1,-1,-1,-1,-1,-1,1,12,1,3,1,52,1,7,-5,-21
2,2,2,2,2,2,2,2,0,0,0,0,2,0,0,0,0,0,-1,0,0,0,0,0,0,0,0,0,0,0,0,0,0,0,0,0,0,0,0,0,0,0,0,0,0,2,2,2,2,2,2,2,2,0,-1,0,0,0,0,0,0,0,-1,0,0,0,0,-1,-1,0,0,0,-1,0,0,0,0,-1,0,0,0,0,0,-1,-1,0,0,-1,0,-1,-1,0,-1,0,-1,0,-1,-1,-1,-1,0,0,0,-1,0,-1,-1,-1,-1,-1,0,-1,-1,-1,-1,-1,-1,-1,-1,-1,-1,-1,-1,-1,-1,-1,-1,-1,0,-1,-1,-1,-1,-1,-1,-1,-1,-1,-1,-1,-1,-1,-1,-1,-1,-1,-1,-1,-1,-1,-1,-1,-1,-1,-1,-1,-1,-1,-1,-1,1,12,1,3,1,54,1,6,-5,-21
2,2,2,2,2,2,2,2,0,0,0,0,2,0,0,0,0,0,-1,0,0,0,0,0,0,0,0,0,0,0,0,0,0,0,0,0,0,0,0,0,0,0,0,0,0,2,2,2,2,2,2,2,2,0,-1,0,0,0,0,0,0,0,0,-1,0,0,0,-1,0,0,0,0,0,0,0,-1,0,0,-1,0,-1,-1,0,0,0,0,-1,-1,-1,-1,-1,-1,-1,0,0,-1,-1,-1,0,-1,-1,0,-1,-1,-1,-1,-1,0,0,-1,0,0,-1,0,-1,-1,-1,0,-1,-1,-1,-1,-1,-1,-1,-1,-1,-1,-1,-1,-1,-1,-1,-1,-1,-1,-1,-1,-1,-1,-1,-1,-1,-1,-1,-1,-1,-1,-1,-1,-1,-1,-1,-1,-1,-1,-1,-1,-1,-1,1,12,1,3,1,58,0,6,-5,-21
2,2,2,2,2,2,2,2,0,0,0,0,2,0,0,0,0,0,-1,0,0,0,0,0,0,0,0,0,0,0,0,0,0,0,0,0,0,0,0,0,0,0,0,0,0,2,2,2,2,2,2,2,2,0,-1,0,0,0,0,0,0,0,-1,0,0,0,0,-1,-1,0,0,0,-1,-1,0,0,0,0,0,0,0,-1,-1,-1,0,0,-1,-1,0,-1,0,-1,0,0,0,0,0,-1,0,-1,-1,0,0,-1,-1,-1,0,-1,-1,-1,-1,-1,-1,-1,-1,-1,-1,0,-1,-1,-1,-1,-1,-1,-1,-1,-1,-1,-1,-1,-1,-1,-1,-1,-1,-1,-1,-1,-1,-1,-1,-1,-1,-1,-1,-1,-1,-1,-1,-1,-1,-1,-1,-1,-1,-1,-1,-1,-1,-1,1,12,0,3,1,57,0,6,-5,-21
2,2,2,2,2,2,2,2,0,0,0,0,2,0,0,0,0,0,-1,0,0,0,0,0,0,0,0,0,0,0,0,0,0,0,0,0,0,0,0,0,0,0,0,0,0,2,2,2,2,2,2,2,2,0,-1,0,0,0,0,0,0,0,-1,-1,0,0,0,0,0,0,0,0,0,0,0,0,0,0,-1,0,-1,0,0,0,-1,-1,-1,-1,-1,-1,-1,-1,-1,0,0,-1,-1,-1,0,-1,0,-1,-1,0,-1,0,-1,-1,0,-1,0,0,-1,-1,-1,-1,0,-1,-1,-1,-1,-1,-1,-1,-1,-1,-1,-1,-1,-1,-1,-1,-1,-1,-1,-1,-1,-1,-1,-1,-1,-1,-1,-1,-1,-1,-1,-1,-1,-1,-1,-1,-1,-1,-1,-1,-1,-1,-1,-1,1,12,1,3,1,54,1,6,-5,-21
2,2,2,2,2,2,2,2,0,0,0,0,2,0,0,0,0,0,-1,0,0,0,0,0,0,0,0,0,0,0,0,0,0,0,0,0,0,0,0,0,0,0,0,0,0,2,2,2,2,2,2,2,2,0,-1,0,0,0,0,0,0,0,-1,-1,0,0,0,0,0,-1,0,0,0,0,-1,0,0,-1,-1,0,-1,-1,0,0,0,0,0,0,-1,-1,-1,0,0,0,-1,-1,-1,-1,-1,0,-1,0,-1,-1,-1,-1,-1,-1,0,-1,0,0,0,0,-1,-1,-1,-1,-1,-1,-1,-1,-1,-1,-1,-1,-1,-1,-1,-1,-1,-1,-1,-1,-1,-1,-1,-1,-1,-1,-1,-1,-1,-1,-1,-1,-1,-1,-1,-1,-1,-1,-1,-1,-1,-1,-1,-1,-1,-1,1,12,0,3,1,59,0,6,-5,-21
2,2,2,2,2,2,2,2,0,0,0,0,2,0,0,0,0,0,-1,0,0,0,0,0,0,0,0,0,0,0,0,0,0,0,0,0,0,0,0,0,0,0,0,0,0,2,2,2,2,2,2,2,2,0,-1,0,0,0,0,-1,0,0,-1,0,0,0,-1,-1,0,-1,0,-1,0,-1,-1,0,0,0,0,0,-1,0,0,0,0,0,-1,-1,0,-1,0,-1,0,0,0,0,0,-1,-1,0,-1,0,-1,0,-1,0,-1,-1,-1,-1,-1,0,-1,0,-1,-1,-1,-1,-1,-1,-1,-1,-1,-1,-1,-1,-1,-1,-1,-1,-1,-1,-1,-1,-1,-1,-1,-1,-1,-1,-1,-1,-1,-1,-1,-1,-1,-1,-1,-1,-1,-1,-1,-1,-1,-1,-1,-1,-1,-1,1,12,0,3,1,54,1,6,-5,-21
2,2,2,2,2,2,2,2,0,0,0,0,2,0,0,0,0,0,-1,0,0,0,0,0,0,0,0,0,0,0,0,0,0,0,0,0,0,0,0,0,0,0,0,0,0,2,2,2,2,2,2,2,2,0,-1,0,0,-1,0,0,0,0,-1,-1,0,-1,0,0,0,0,-1,0,0,0,0,0,0,0,-1,0,-1,-1,0,0,0,-1,-1,-1,-1,-1,-1,-1,-1,0,0,-1,-1,-1,0,-1,-1,0,-1,0,-1,0,0,-1,-1,0,0,-1,-1,-1,-1,-1,-1,-1,-1,-1,0,-1,-1,0,-1,-1,-1,-1,-1,-1,-1,-1,-1,-1,-1,-1,-1,-1,-1,-1,-1,-1,-1,-1,-1,-1,0,0,-1,-1,-1,-1,-1,-1,-1,-1,-1,-1,-1,-1,1,12,0,3,1,54,1,6,-5,-21
2,2,2,2,2,2,2,2,0,0,0,0,2,0,0,0,0,0,3,0,0,0,0,0,0,0,0,0,0,0,0,0,0,0,0,0,0,0,0,0,0,0,0,-1,0,2,2,2,2,2,2,2,2,0,-1,0,0,0,0,-1,0,0,-1,0,0,0,-1,-1,0,-1,0,-1,0,-1,-1,0,0,0,0,0,0,0,-1,0,-1,0,-1,-1,0,-1,0,-1,0,0,0,0,0,-1,0,0,-1,0,-1,0,-1,0,-1,-1,-1,-1,-1,0,-1,-1,-1,-1,-1,-1,-1,0,-1,-1,-1,-1,-1,-1,-1,-1,-1,-1,-1,-1,-1,-1,-1,-1,-1,-1,-1,-1,-1,-1,-1,-1,-1,-1,-1,-1,-1,-1,-1,-1,-1,-1,-1,-1,-1,-1,-1,-1,1,12,1,3,1,55,0,6,-5,-21
2,2,2,2,2,2,2,2,0,0,0,0,2,0,0,0,0,0,-1,0,0,0,0,0,0,0,0,0,0,0,0,0,0,0,0,0,0,0,0,0,0,0,0,0,0,2,2,2,2,2,2,2,2,0,-1,0,0,0,0,0,0,0,-1,-1,0,0,0,0,0,-1,0,0,0,0,-1,0,0,-1,-1,0,-1,-1,0,0,0,0,0,-1,-1,-1,-1,0,0,0,-1,-1,-1,-1,-1,0,-1,0,-1,-1,-1,-1,-1,-1,0,-1,0,0,-1,0,-1,-1,-1,-1,0,-1,-1,-1,-1,-1,-1,-1,-1,-1,-1,-1,-1,-1,-1,-1,-1,-1,-1,-1,-1,-1,-1,-1,-1,-1,-1,-1,-1,0,-1,-1,-1,-1,-1,-1,-1,-1,-1,-1,-1,-1,1,12,0,3,1,54,1,6,-5,-21
2,2,2,2,2,2,2,2,0,0,0,0,2,0,0,0,0,0,3,0,0,0,0,0,0,0,0,0,0,0,0,0,0,0,0,0,0,0,0,0,0,0,0,-1,0,2,2,2,2,2,2,2,2,0,-1,0,0,0,0,-1,0,0,-1,0,0,0,-1,-1,0,-1,0,-1,0,-1,-1,0,0,0,0,0,0,0,-1,0,0,0,-1,-1,0,-1,0,-1,0,-1,0,0,-1,-1,0,0,-1,0,-1,0,-1,0,-1,-1,0,-1,-1,-1,0,0,-1,-1,-1,-1,-1,-1,-1,-1,-1,-1,-1,-1,-1,-1,-1,-1,-1,-1,-1,-1,-1,-1,-1,-1,-1,-1,-1,-1,-1,-1,-1,-1,-1,-1,-1,-1,-1,-1,-1,-1,-1,-1,-1,-1,-1,-1,1,12,1,3,1,54,1,6,-5,-21
2,2,2,2,2,2,2,2,0,0,0,0,2,0,0,0,0,0,0,0,0,0,0,0,0,-1,0,0,0,0,0,0,0,0,0,0,0,0,0,0,0,0,0,0,0,2,2,2,2,2,2,2,2,0,-1,0,0,0,0,0,0,0,-1,0,0,0,0,-1,-1,0,0,0,0,-1,-1,0,0,0,-1,0,0,0,-1,0,-1,0,0,-1,0,-1,0,-1,0,0,-1,-1,0,-1,-1,0,-1,0,-1,-1,-1,-1,-1,0,0,-1,-1,-1,-1,0,-1,-1,-1,-1,-1,-1,-1,-1,-1,-1,-1,-1,-1,-1,-1,-1,-1,-1,-1,-1,-1,-1,-1,-1,-1,-1,-1,-1,-1,-1,-1,-1,-1,-1,-1,-1,-1,-1,-1,-1,-1,-1,-1,-1,0,-1,1,12,1,3,1,56,1,6,-5,-21
2,2,2,2,2,2,2,2,0,0,0,0,3,0,0,0,0,0,2,0,0,0,0,0,0,0,0,0,0,0,-1,0,0,0,0,0,0,0,0,0,0,0,0,0,0,2,2,2,2,2,2,2,2,0,-1,0,0,0,0,0,0,0,-1,0,0,0,0,-1,-1,0,0,0,-1,0,0,0,0,0,0,0,0,0,0,-1,-1,0,0,-1,-1,-1,-1,-1,-1,0,-1,0,-1,-1,-1,-1,0,0,0,-1,0,-1,0,-1,-1,0,-1,-1,-1,-1,-1,-1,-1,-1,-1,-1,-1,-1,-1,-1,-1,-1,-1,-1,-1,-1,-1,-1,-1,-1,-1,-1,-1,0,-1,-1,-1,-1,-1,-1,-1,-1,-1,-1,-1,-1,-1,-1,-1,-1,-1,-1,-1,-1,-1,-1,1,12,0,3,1,54,0,6,-5,-21
2,2,2,2,2,2,2,2,0,0,0,0,2,0,0,0,0,0,0,0,0,0,0,0,0,-1,0,0,0,0,0,0,0,0,0,0,0,0,0,0,0,0,0,0,0,2,2,2,2,2,2,2,2,0,-1,0,0,0,0,0,0,0,-1,0,0,0,0,-1,-1,0,0,0,-1,0,0,0,0,-1,0,-1,0,0,0,-1,-1,0,-1,-1,0,-1,-1,0,-1,0,-1,0,-1,-1,-1,-1,0,0,0,-1,0,-1,-1,-1,-1,-1,0,-1,-1,-1,-1,-1,-1,-1,-1,-1,-1,-1,-1,-1,0,-1,-1,-1,-1,-1,-1,-1,-1,-1,-1,-1,-1,-1,-1,-1,-1,-1,-1,-1,-1,-1,0,0,-1,-1,-1,-1,-1,-1,-1,-1,-1,-1,-1,-1,1,12,0,3,1,54,1,6,-5,-21
2,2,2,2,2,2,2,2,0,0,0,0,2,0,0,0,0,0,-1,0,0,0,0,0,0,0,0,0,0,0,0,0,0,0,0,0,0,0,0,0,0,0,0,0,0,2,2,2,2,2,2,2,2,0,-1,0,0,0,0,0,0,0,-1,0,0,0,0,-1,-1,0,0,0,-1,0,0,0,0,0,0,0,0,0,0,-1,-1,0,0,-1,-1,-1,-1,0,-1,0,-1,0,-1,-1,-1,-1,0,0,0,-1,0,-1,-1,-1,-1,-1,-1,-1,-1,-1,-1,-1,-1,-1,-1,-1,-1,-1,-1,-1,-1,-1,-1,-1,-1,-1,-1,-1,-1,-1,-1,-1,-1,0,-1,-1,-1,-1,-1,-1,-1,0,-1,-1,-1,-1,-1,-1,-1,-1,-1,-1,-1,-1,-1,-1,1,12,0,3,1,54,0,6,-5,-21
2,2,2,2,2,2,2,2,0,0,0,0,2,0,0,0,0,0,0,0,0,-1,0,0,0,0,0,0,0,0,0,0,0,0,0,0,0,0,0,0,0,0,0,0,0,2,2,2,2,2,2,2,2,0,-1,0,0,0,0,0,0,0,-1,0,-1,0,0,-1,-1,0,-1,0,-1,0,0,0,0,-1,0,0,-1,0,0,-1,-1,0,0,-1,0,-1,-1,0,-1,0,-1,0,-1,-1,-1,-1,0,0,0,-1,0,-1,-1,-1,-1,-1,0,-1,-1,-1,-1,-1,-1,-1,-1,-1,-1,-1,-1,-1,0,0,-1,-1,-1,-1,-1,-1,-1,-1,-1,-1,-1,-1,-1,-1,-1,-1,-1,-1,0,-1,-1,-1,-1,-1,-1,-1,-1,-1,-1,0,-1,-1,-1,-1,1,12,1,3,1,54,0,6,-5,-21
2,2,2,2,2,2,2,2,0,0,0,0,2,0,0,0,0,0,3,0,0,0,0,0,0,0,0,0,0,0,-1,0,0,0,0,0,0,0,0,0,0,0,0,0,0,2,2,2,2,2,2,2,2,-1,-1,0,0,0,0,0,-1,0,-1,-1,0,0,-1,-1,0,-1,-1,-1,0,-1,-1,-1,0,0,-1,0,0,0,-1,0,0,0,0,-1,0,-1,0,-1,0,0,-1,-1,0,0,-1,0,-1,0,-1,-1,-1,-1,-1,0,0,-1,-1,-1,-1,0,-1,0,-1,-1,0,-1,-1,-1,-1,-1,-1,-1,-1,-1,-1,-1,-1,-1,0,-1,-1,-1,-1,-1,-1,0,-1,-1,-1,-1,-1,-1,-1,0,-1,-1,-1,0,-1,-1,-1,-1,-1,-1,-1,-1,1,12,1,3,1,56,0,6,-5,-21
2,2,2,2,2,2,2,2,0,0,0,0,2,0,0,0,0,0,-1,0,0,0,0,0,0,0,0,0,0,0,0,0,0,0,0,0,0,0,0,0,0,0,0,0,0,2,2,2,2,2,2,2,2,0,-1,0,-1,0,0,0,0,0,-1,0,0,0,-1,0,-1,0,0,0,-1,0,0,0,0,0,0,0,-1,0,0,-1,-1,0,0,-1,-1,-1,-1,-1,-1,0,0,0,-1,-1,-1,-1,0,0,0,-1,0,-1,0,-1,-1,0,-1,-1,-1,-1,-1,-1,0,-1,-1,-1,-1,-1,-1,-1,-1,-1,-1,-1,0,-1,-1,-1,-1,-1,-1,-1,-1,-1,-1,-1,-1,-1,-1,-1,-1,-1,-1,-1,-1,-1,-1,-1,-1,-1,-1,-1,-1,-1,-1,-1,1,12,0,3,1,54,1,6,-5,-21
2,2,2,2,2,2,2,2,0,0,0,0,2,0,0,0,0,0,-1,0,0,0,0,0,0,0,0,0,0,0,0,0,0,0,0,0,0,0,0,0,0,0,0,0,0,2,2,2,2,2,2,2,2,0,-1,0,0,0,0,0,-1,0,-1,-1,0,0,-1,-1,0,-1,-1,0,0,-1,-1,-1,0,0,-1,0,0,0,-1,0,0,0,0,-1,0,-1,0,-1,0,0,-1,-1,0,-1,-1,0,-1,0,-1,-1,-1,-1,-1,0,0,-1,-1,-1,-1,0,-1,-1,-1,-1,0,-1,-1,-1,-1,-1,-1,-1,-1,-1,-1,-1,-1,-1,0,-1,-1,0,-1,-1,-1,0,-1,-1,-1,-1,-1,-1,-1,0,-1,-1,-1,-1,-1,-1,-1,-1,-1,-1,-1,-1,1,12,0,3,1,56,0,6,-5,-21
2,2,2,2,2,2,2,2,0,0,0,0,2,0,0,0,0,0,-1,0,0,0,0,0,0,0,0,0,0,0,0,0,0,0,0,0,0,0,0,0,0,0,0,0,0,2,2,2,2,2,2,2,2,0,-1,0,0,0,0,0,0,0,-1,0,0,0,0,-1,-1,0,0,0,-1,0,0,0,0,0,0,0,-1,0,0,-1,-1,0,0,-1,-1,-1,-1,-1,-1,0,0,0,-1,-1,-1,-1,0,0,0,-1,0,-1,0,-1,-1,0,-1,-1,-1,-1,-1,-1,-1,-1,-1,-1,-1,-1,-1,-1,-1,-1,-1,-1,-1,-1,-1,-1,-1,-1,-1,-1,-1,-1,-1,-1,-1,0,-1,-1,-1,-1,-1,-1,-1,-1,-1,-1,-1,-1,-1,-1,-1,-1,-1,-1,1,12,0,3,1,55,0,6,-5,-21
2,2,2,2,2,2,2,2,0,0,0,0,2,0,0,0,0,0,-1,0,0,0,0,0,0,0,0,0,0,0,0,0,0,0,0,0,0,0,0,0,0,0,0,0,0,2,2,2,2,2,2,2,2,0,-1,0,0,0,0,0,0,0,-1,0,0,0,-1,-1,0,-1,0,0,0,-1,-1,0,0,0,0,0,0,0,-1,0,0,0,-1,-1,0,-1,-1,-1,-1,0,-1,-1,-1,-1,-1,-1,0,-1,-1,-1,-1,0,-1,-1,0,0,0,0,-1,-1,-1,-1,0,0,0,-1,-1,-1,-1,-1,-1,-1,-1,-1,-1,-1,-1,-1,-1,-1,-1,-1,-1,-1,-1,-1,-1,-1,-1,-1,-1,-1,-1,-1,-1,-1,-1,-1,-1,-1,-1,-1,-1,-1,-1,-1,1,12,0,3,1,54,1,6,-5,-21
2,2,2,2,2,2,2,2,0,0,0,0,2,0,0,0,0,0,-1,0,0,0,0,0,0,0,0,0,0,0,0,0,0,0,0,0,0,0,0,0,0,0,0,0,0,2,2,2,2,2,2,2,2,0,0,0,0,0,0,0,-1,0,0,-1,0,0,0,-1,0,0,0,0,0,-1,0,-1,0,0,-1,0,-1,-1,0,0,0,-1,-1,-1,-1,-1,-1,-1,-1,0,0,-1,-1,-1,0,-1,-1,0,-1,-1,-1,-1,-1,0,0,-1,-1,-1,-1,0,-1,-1,-1,-1,0,-1,-1,-1,-1,-1,-1,-1,-1,-1,-1,-1,-1,-1,0,-1,-1,-1,-1,-1,-1,0,-1,-1,-1,-1,-1,-1,-1,0,-1,-1,-1,0,-1,-1,-1,-1,-1,-1,-1,-1,1,12,0,3,1,54,0,6,-5,-21
2,2,2,2,2,2,2,2,0,0,0,0,2,0,0,0,0,0,-1,0,0,0,0,0,0,0,0,0,0,0,0,0,0,0,0,0,0,0,0,0,0,0,0,0,0,2,2,2,2,2,2,2,2,0,-1,0,0,0,0,0,0,0,-1,-1,0,-1,-1,-1,0,0,0,-1,-1,0,-1,0,-1,0,0,0,0,-1,0,0,0,-1,0,-1,-1,-1,-1,-1,-1,-1,0,0,0,0,0,-1,-1,0,0,-1,-1,0,0,-1,0,-1,-1,0,-1,-1,0,-1,-1,-1,0,-1,-1,-1,-1,0,-1,-1,-1,-1,-1,-1,-1,-1,-1,-1,-1,-1,-1,-1,-1,-1,-1,-1,-1,-1,-1,-1,-1,-1,-1,-1,-1,-1,-1,-1,-1,-1,-1,-1,-1,-1,1,12,1,3,1,58,0,6,-5,-21
2,2,2,2,2,2,2,2,0,0,0,0,2,0,0,0,0,0,-1,0,0,0,0,0,0,0,0,0,0,0,0,0,0,0,0,0,0,0,0,0,0,0,0,0,0,2,2,2,2,2,2,2,2,0,-1,0,0,0,0,0,0,0,-1,0,0,0,0,-1,-1,0,0,0,-1,0,0,0,0,-1,0,0,0,0,0,0,0,-1,0,-1,-1,-1,0,0,0,0,-1,-1,-1,-1,-1,0,-1,0,-1,-1,-1,-1,0,-1,0,-1,-1,-1,-1,-1,-1,-1,-1,-1,-1,-1,-1,-1,-1,-1,0,-1,-1,-1,-1,-1,-1,-1,-1,-1,-1,-1,-1,-1,-1,-1,-1,-1,-1,-1,-1,-1,-1,-1,-1,-1,-1,-1,-1,-1,-1,-1,-1,-1,-1,-1,1,12,1,3,1,55,1,6,-5,-21
2,2,2,2,2,2,2,2,0,0,0,0,2,0,0,0,0,0,-1,0,0,0,0,0,0,0,0,0,0,0,0,0,0,0,0,0,0,0,0,0,0,0,0,0,0,2,2,2,2,2,2,2,2,0,-1,0,0,0,0,0,0,0,-1,0,0,0,-1,0,-1,0,0,0,-1,0,0,0,0,0,0,0,-1,0,0,-1,-1,0,0,-1,-1,-1,-1,-1,-1,0,0,0,-1,-1,-1,-1,0,0,0,-1,0,-1,0,-1,-1,0,-1,-1,-1,-1,-1,-1,-1,-1,-1,-1,-1,-1,-1,-1,-1,-1,-1,-1,-1,-1,-1,-1,-1,-1,-1,-1,-1,-1,-1,-1,-1,0,-1,-1,-1,-1,-1,-1,-1,-1,-1,-1,-1,-1,-1,-1,-1,-1,-1,-1,1,12,0,3,1,55,0,6,-5,-21
2,2,2,2,2,2,2,2,0,0,0,0,2,0,0,0,0,0,-1,0,0,0,0,0,0,0,0,0,0,0,0,0,0,0,0,0,0,0,0,0,0,0,0,0,0,2,2,2,2,2,2,2,2,0,-1,0,-1,0,0,0,3,0,-1,-1,0,0,0,-1,0,-1,-1,-1,0,-1,-1,0,0,0,-1,0,0,0,-1,0,0,0,0,-1,0,-1,0,-1,0,0,-1,-1,0,-1,-1,-1,-1,0,-1,0,-1,0,-1,0,0,-1,-1,-1,-1,0,-1,-1,-1,-1,0,-1,-1,-1,-1,-1,-1,-1,-1,-1,-1,-1,-1,-1,0,-1,-1,-1,-1,-1,-1,0,-1,-1,-1,-1,-1,-1,-1,-1,-1,-1,-1,-1,-1,-1,-1,-1,-1,-1,-1,-1,1,12,0,3,1,57,1,6,-5,-21
2,2,2,2,2,2,2,2,0,0,0,0,2,0,0,0,0,0,-1,0,0,0,0,0,0,0,0,0,0,0,0,0,0,0,0,0,0,0,0,0,0,0,0,0,0,2,2,2,2,2,2,2,2,0,-1,0,0,0,0,0,0,0,-1,-1,0,0,0,0,0,-1,0,0,0,0,-1,0,0,0,-1,0,-1,-1,0,0,0,0,0,-1,-1,-1,-1,0,0,0,-1,-1,-1,-1,-1,0,-1,0,-1,-1,-1,-1,-1,-1,0,0,0,0,-1,-1,-1,-1,0,-1,-1,-1,-1,-1,-1,-1,-1,-1,-1,-1,-1,-1,-1,-1,-1,-1,-1,-1,-1,-1,-1,-1,-1,-1,-1,-1,-1,-1,-1,-1,-1,-1,-1,-1,-1,-1,-1,-1,-1,-1,-1,-1,1,12,1,3,1,54,1,6,-5,-21
2,2,2,2,2,2,2,2,0,0,0,0,2,0,0,0,0,0,3,0,0,0,0,0,0,0,0,0,0,0,0,0,0,0,0,0,0,0,0,0,0,0,0,-1,0,2,2,2,2,2,2,2,2,0,-1,0,0,0,0,-1,0,0,-1,0,0,0,-1,-1,0,-1,0,-1,0,-1,-1,0,0,0,0,0,0,-1,-1,-1,0,0,0,-1,0,-1,0,-1,0,0,0,0,0,-1,0,0,-1,0,-1,0,-1,0,-1,-1,-1,-1,-1,0,-1,-1,-1,-1,-1,-1,-1,-1,-1,-1,-1,-1,-1,-1,-1,-1,-1,-1,0,-1,-1,-1,-1,-1,-1,-1,-1,-1,-1,-1,-1,-1,-1,-1,-1,-1,-1,-1,-1,-1,-1,-1,-1,-1,-1,-1,-1,-1,1,12,1,3,1,54,0,6,-5,-21
2,2,2,2,2,2,2,2,0,0,0,0,2,0,0,0,0,0,-1,0,0,0,0,0,0,0,0,0,0,0,0,0,0,0,0,0,0,0,0,0,0,0,0,0,0,2,2,2,2,2,2,2,2,0,-1,0,0,0,0,0,0,0,-1,0,0,-1,0,-1,-1,0,-1,0,-1,0,0,0,0,0,0,0,0,0,0,0,-1,0,0,-1,-1,-1,-1,0,-1,0,-1,0,-1,-1,-1,-1,0,0,0,-1,0,-1,-1,-1,-1,-1,-1,-1,-1,-1,-1,-1,-1,-1,-1,-1,-1,-1,-1,-1,-1,-1,-1,0,-1,-1,-1,-1,-1,-1,-1,-1,-1,0,-1,-1,-1,0,-1,-1,-1,-1,-1,-1,-1,-1,-1,-1,-1,-1,-1,-1,-1,-1,-1,-1,1,12,0,3,1,53,0,6,-5,-21
2,2,2,2,2,2,2,2,0,0,0,0,2,0,0,0,0,0,-1,0,0,0,0,0,0,0,0,0,0,0,0,0,0,0,0,0,0,0,0,0,0,0,0,0,0,2,2,2,2,2,2,2,2,0,-1,0,0,0,0,-1,0,0,-1,0,0,0,-1,-1,0,-1,0,0,0,-1,0,0,0,-1,-1,0,0,-1,-1,0,0,0,0,-1,-1,-1,0,0,0,0,0,-1,0,-1,-1,-1,0,-1,-1,0,-1,0,0,-1,0,-1,-1,0,-1,-1,0,-1,-1,-1,-1,-1,-1,-1,-1,-1,-1,-1,-1,-1,-1,-1,-1,-1,-1,-1,-1,-1,-1,-1,-1,-1,-1,-1,-1,-1,-1,-1,-1,-1,-1,-1,-1,-1,-1,-1,-1,-1,-1,-1,-1,-1,1,12,0,3,1,54,0,6,-5,-21
2,2,2,2,2,2,2,2,0,0,0,0,2,0,0,0,0,0,-1,0,0,0,0,0,0,0,0,0,0,0,0,0,0,0,0,0,0,0,0,0,0,0,0,0,0,2,2,2,2,2,2,2,2,0,0,-1,0,0,0,0,0,0,-1,-1,0,0,0,-1,0,0,0,0,0,0,0,0,0,0,-1,0,-1,-1,0,0,0,-1,-1,-1,0,-1,-1,0,-1,0,-1,-1,-1,-1,0,-1,0,-1,-1,-1,-1,0,-1,-1,0,0,0,0,-1,-1,-1,-1,0,-1,-1,-1,-1,-1,-1,-1,-1,-1,-1,-1,-1,-1,-1,-1,-1,-1,-1,-1,-1,-1,-1,-1,-1,-1,-1,-1,-1,-1,-1,-1,-1,-1,-1,-1,-1,-1,-1,-1,-1,-1,-1,-1,1,12,0,3,1,54,1,6,-5,-21
2,2,2,2,2,2,2,2,0,0,0,0,2,0,0,0,0,0,-1,0,0,0,0,0,0,0,0,0,0,0,0,0,0,0,0,0,0,0,0,0,0,0,0,0,0,2,2,2,2,2,2,2,2,0,-1,0,0,0,0,0,0,0,-1,-1,0,0,0,0,0,-1,0,0,0,0,-1,0,0,-1,-1,0,-1,-1,0,0,0,0,0,-1,-1,-1,-1,0,-1,0,-1,-1,-1,-1,-1,0,-1,0,-1,-1,-1,-1,-1,-1,0,-1,0,0,-1,0,-1,-1,-1,0,-1,-1,-1,-1,-1,-1,-1,-1,-1,0,-1,-1,-1,0,-1,-1,-1,-1,-1,-1,-1,-1,-1,-1,-1,-1,-1,-1,-1,-1,-1,-1,-1,-1,-1,-1,-1,-1,-1,-1,-1,-1,1,12,0,3,1,58,1,6,-5,-21
2,2,2,2,2,2,2,2,0,0,0,0,2,0,0,0,0,0,-1,0,0,0,0,0,0,0,0,0,0,0,0,0,0,0,0,0,0,0,0,0,0,0,0,0,0,2,2,2,2,2,2,2,2,0,-1,0,0,0,0,0,0,0,-1,-1,0,0,-1,-1,0,-1,0,0,0,-1,-1,0,0,0,-1,0,0,-1,-1,0,0,0,0,-1,0,-1,0,-1,0,0,-1,-1,0,-1,-1,0,-1,0,0,-1,-1,-1,0,-1,0,-1,-1,-1,-1,0,-1,-1,-1,-1,0,-1,-1,-1,-1,-1,-1,-1,-1,-1,0,-1,-1,-1,-1,-1,-1,-1,-1,-1,-1,-1,-1,-1,-1,-1,-1,-1,-1,-1,-1,-1,-1,-1,-1,-1,-1,-1,-1,-1,-1,-1,1,12,1,3,1,54,1,6,-5,-21
2,2,2,2,2,2,2,2,0,0,0,0,2,0,0,0,0,0,-1,0,0,0,0,0,0,0,0,0,0,0,0,0,0,0,0,0,0,0,0,0,0,0,0,0,0,2,2,2,2,2,2,2,2,0,-1,0,0,0,0,0,0,0,-1,0,0,0,0,-1,-1,0,-1,0,-1,0,0,0,0,0,0,0,0,0,-1,-1,-1,0,0,-1,-1,-1,-1,-1,-1,0,0,0,-1,-1,-1,-1,0,0,0,-1,0,-1,0,-1,-1,0,-1,0,0,-1,-1,-1,-1,-1,-1,-1,-1,-1,-1,-1,-1,-1,-1,-1,-1,-1,-1,-1,-1,-1,-1,-1,-1,-1,-1,-1,-1,-1,-1,-1,-1,-1,-1,-1,-1,-1,-1,-1,-1,-1,-1,-1,-1,-1,-1,-1,1,12,1,3,1,55,0,6,-5,-21
2,2,2,2,2,2,2,2,0,0,0,0,2,0,0,0,0,0,-1,0,0,0,0,0,0,0,0,0,0,0,0,0,0,0,0,0,0,0,0,0,0,0,0,0,0,2,2,2,2,2,2,2,2,0,0,0,0,0,0,-1,-1,0,-1,0,0,0,-1,0,0,-1,0,-1,0,-1,-1,0,0,0,0,0,0,0,-1,0,0,0,-1,-1,0,-1,0,-1,0,0,0,0,0,-1,-1,0,-1,0,-1,-1,-1,0,-1,-1,-1,-1,-1,0,-1,0,-1,-1,-1,-1,-1,-1,-1,-1,-1,-1,-1,-1,-1,-1,-1,-1,-1,-1,-1,-1,-1,-1,-1,-1,-1,-1,-1,-1,-1,-1,-1,-1,-1,-1,-1,-1,-1,-1,-1,-1,-1,-1,-1,-1,-1,-1,1,12,0,3,1,59,1,6,-5,-21
2,2,2,2,2,2,2,2,0,0,0,0,2,0,0,0,0,0,-1,0,0,0,0,0,0,0,0,0,0,0,0,0,0,0,0,0,0,0,0,0,0,0,0,0,0,2,2,2,2,2,2,2,2,0,-1,0,0,0,0,0,0,0,-1,0,0,0,0,-1,-1,0,0,0,-1,0,0,0,0,0,0,0,0,0,0,-1,-1,0,0,-1,-1,-1,-1,0,-1,-1,-1,0,-1,-1,-1,0,0,0,0,-1,0,-1,-1,-1,-1,-1,0,-1,-1,-1,-1,-1,-1,-1,-1,-1,-1,-1,-1,-1,0,-1,-1,-1,-1,-1,-1,-1,-1,-1,-1,-1,-1,-1,-1,-1,-1,-1,-1,-1,-1,-1,-1,-1,-1,-1,-1,-1,-1,-1,-1,-1,-1,-1,-1,-1,1,12,0,3,1,57,1,6,-5,-21
2,2,2,2,2,2,2,2,0,0,0,0,2,0,0,0,0,0,-1,0,0,0,0,0,0,0,0,0,0,0,0,0,0,0,0,0,0,0,0,0,0,0,0,0,0,2,2,2,2,2,2,2,2,0,-1,0,0,0,0,0,0,0,-1,0,0,0,0,-1,-1,0,0,0,-1,0,0,0,0,-1,0,0,0,0,0,-1,-1,0,0,-1,0,-1,-1,0,-1,0,-1,0,-1,-1,-1,-1,0,0,0,-1,0,-1,-1,-1,-1,-1,0,-1,-1,-1,-1,-1,-1,-1,-1,-1,-1,-1,-1,-1,-1,-1,-1,-1,0,-1,-1,-1,-1,-1,-1,-1,-1,-1,-1,-1,-1,-1,-1,-1,-1,-1,-1,-1,-1,-1,-1,-1,-1,-1,-1,-1,-1,-1,-1,-1,1,12,0,3,1,54,1,6,-5,-21
2,2,2,2,2,2,2,2,0,0,0,0,2,0,0,0,0,0,-1,0,0,0,0,0,0,0,0,0,0,0,0,0,0,0,0,0,0,0,0,0,0,0,0,0,0,2,2,2,2,2,2,2,2,0,0,0,0,0,0,0,0,0,-1,0,0,0,0,-1,-1,0,0,0,-1,0,0,0,0,0,0,-1,0,0,0,-1,-1,0,0,-1,-1,-1,-1,-1,-1,0,0,0,0,-1,-1,0,-1,0,-1,0,-1,0,-1,-1,-1,-1,-1,0,-1,-1,-1,-1,-1,-1,-1,-1,-1,-1,-1,-1,-1,-1,-1,-1,-1,-1,-1,-1,-1,-1,-1,-1,-1,-1,-1,-1,-1,-1,-1,-1,-1,-1,-1,-1,-1,-1,-1,-1,-1,-1,-1,-1,-1,-1,-1,-1,1,12,1,3,1,54,1,6,-5,-21
2,2,2,2,2,2,2,2,0,0,0,0,2,0,0,0,0,0,-1,0,0,0,0,0,0,0,0,0,0,0,0,0,0,0,0,0,0,0,0,0,0,0,0,0,0,2,2,2,2,2,2,2,2,0,0,0,0,0,0,0,-1,0,0,-1,0,0,0,-1,0,0,0,0,0,-1,0,-1,0,0,-1,0,-1,-1,0,0,0,-1,-1,-1,-1,-1,-1,-1,-1,0,0,-1,-1,-1,0,-1,-1,0,-1,0,-1,-1,-1,-1,0,0,0,0,-1,0,-1,0,0,-1,-1,-1,-1,-1,-1,-1,-1,-1,-1,-1,-1,-1,-1,-1,-1,-1,-1,-1,-1,-1,-1,-1,-1,-1,-1,-1,-1,-1,-1,-1,-1,-1,-1,-1,-1,-1,-1,-1,-1,-1,-1,-1,1,12,1,3,1,57,1,6,-5,-21
2,2,2,2,2,2,2,2,0,0,0,0,2,0,0,0,0,0,-1,0,0,0,0,0,0,0,0,0,0,0,0,0,0,0,0,0,0,0,0,0,0,0,0,0,0,2,2,2,2,2,2,2,2,0,-1,0,0,0,0,0,0,0,-1,-1,0,0,0,0,0,-1,0,0,0,0,-1,0,0,-1,-1,0,-1,-1,0,0,0,0,0,-1,-1,-1,-1,0,0,0,-1,-1,-1,-1,-1,0,-1,0,-1,-1,-1,-1,-1,-1,0,-1,-1,0,-1,0,-1,-1,-1,-1,0,-1,-1,-1,-1,-1,-1,-1,-1,-1,-1,-1,-1,-1,0,-1,-1,-1,-1,0,-1,-1,-1,-1,-1,-1,-1,-1,-1,-1,-1,-1,-1,-1,-1,-1,-1,-1,-1,-1,-1,-1,1,12,1,3,1,57,1,6,-5,-21
2,2,2,2,2,2,2,2,0,0,0,0,3,0,0,0,0,0,2,0,0,0,0,0,0,0,0,0,0,0,-1,0,0,0,0,0,0,0,0,0,0,0,0,0,0,2,2,2,2,2,2,2,2,0,-1,0,0,0,0,0,0,0,-1,-1,0,0,-1,-1,0,-1,-1,0,0,0,-1,0,0,0,-1,0,-1,0,-1,0,0,0,0,-1,-1,-1,0,-1,0,0,-1,0,0,-1,-1,0,-1,0,-1,-1,-1,-1,-1,0,0,-1,0,0,-1,0,-1,-1,-1,0,-1,-1,-1,-1,-1,-1,-1,-1,-1,-1,-1,-1,-1,-1,-1,-1,-1,-1,-1,-1,-1,-1,-1,-1,-1,-1,-1,-1,-1,-1,-1,-1,-1,-1,-1,-1,-1,-1,-1,-1,-1,-1,1,12,0,3,1,54,0,6,-5,-21
2,2,2,2,2,2,2,2,0,0,0,0,3,0,0,0,0,0,2,0,0,0,0,0,0,0,0,0,0,0,0,0,0,0,0,0,0,0,0,0,0,0,0,0,-1,2,2,2,2,2,2,2,2,0,-1,0,-1,0,0,0,0,0,-1,-1,0,0,0,-1,0,-1,-1,-1,0,-1,-1,0,0,0,-1,0,0,0,-1,0,0,0,0,-1,0,-1,0,-1,0,0,-1,-1,0,-1,-1,0,-1,0,-1,0,-1,-1,-1,0,0,-1,-1,-1,-1,0,-1,-1,-1,-1,0,-1,-1,-1,-1,-1,-1,-1,-1,-1,-1,-1,-1,-1,0,-1,-1,-1,-1,-1,-1,0,-1,-1,-1,-1,-1,-1,-1,-1,-1,-1,-1,-1,-1,-1,-1,-1,-1,-1,-1,-1,1,12,0,3,1,57,1,6,-5,-21
2,2,2,2,2,2,2,2,0,0,0,0,2,0,0,0,0,0,-1,0,0,0,0,0,0,0,0,0,0,0,0,0,0,0,0,0,0,0,0,0,0,0,0,0,0,2,2,2,2,2,2,2,2,0,-1,0,0,-1,0,-1,0,0,-1,0,0,0,-1,-1,0,-1,0,0,0,-1,-1,0,0,0,-1,0,0,-1,-1,0,0,0,0,-1,-1,-1,0,0,0,0,0,-1,0,-1,-1,-1,0,-1,-1,0,-1,-1,0,-1,-1,-1,-1,-1,-1,-1,-1,-1,-1,-1,-1,-1,-1,-1,-1,-1,0,0,-1,-1,-1,0,-1,-1,-1,-1,-1,-1,-1,-1,-1,-1,0,-1,-1,-1,-1,-1,-1,-1,-1,-1,0,-1,-1,-1,-1,-1,-1,-1,-1,-1,1,12,1,3,1,57,0,6,-5,-21
2,2,2,2,2,2,2,2,0,0,0,0,2,0,0,0,0,0,-1,0,0,0,0,0,0,0,0,0,0,0,0,0,0,0,0,0,0,0,0,0,0,0,0,0,0,2,2,2,2,2,2,2,2,-1,-1,0,0,0,0,0,0,0,-1,0,0,0,0,-1,-1,0,0,0,-1,0,-1,0,0,0,-1,0,-1,0,0,-1,-1,0,0,-1,0,-1,-1,0,-1,0,-1,0,-1,-1,-1,-1,0,0,0,-1,0,-1,0,-1,0,-1,-1,-1,0,-1,-1,-1,-1,-1,-1,-1,-1,-1,-1,-1,-1,-1,-1,-1,-1,-1,-1,-1,-1,-1,-1,-1,-1,-1,-1,-1,-1,-1,-1,-1,-1,-1,-1,0,-1,-1,-1,-1,-1,-1,0,-1,-1,-1,-1,-1,1,12,0,3,1,54,0,6,-5,-21
2,2,2,2,2,2,2,2,0,0,0,0,2,0,0,0,0,0,-1,0,0,0,0,0,0,0,0,0,0,0,0,0,0,0,0,0,0,0,0,0,0,0,0,0,0,2,2,2,2,2,2,2,2,0,0,0,0,0,0,0,0,-1,-1,0,0,0,-1,0,0,-1,0,0,0,0,-1,0,0,0,-1,0,-1,-1,0,0,0,0,0,-1,-1,-1,-1,0,0,0,-1,0,-1,-1,-1,0,-1,0,-1,-1,-1,-1,-1,-1,0,-1,-1,0,-1,0,0,-1,-1,-1,-1,-1,-1,-1,-1,-1,-1,-1,-1,-1,-1,-1,-1,-1,-1,-1,-1,-1,-1,-1,-1,-1,-1,-1,-1,-1,-1,-1,-1,-1,-1,-1,-1,-1,-1,-1,-1,-1,-1,-1,-1,-1,1,12,0,3,1,56,0,6,-5,-21
2,2,2,2,2,2,2,2,0,0,0,0,2,0,0,0,0,0,-1,0,0,0,0,0,0,0,0,0,0,0,0,0,0,0,0,0,0,0,0,0,0,0,0,0,0,2,2,2,2,2,2,2,2,0,-1,0,0,0,0,0,0,0,0,-1,0,0,0,-1,0,0,0,0,0,0,0,-1,0,0,-1,0,-1,-1,0,0,0,-1,-1,-1,-1,-1,-1,-1,-1,0,0,-1,-1,-1,0,-1,-1,0,-1,0,-1,-1,0,-1,-1,0,0,-1,-1,-1,-1,-1,-1,-1,-1,-1,0,-1,-1,0,-1,-1,-1,-1,-1,-1,-1,-1,-1,-1,-1,-1,-1,-1,-1,-1,-1,-1,-1,-1,-1,-1,-1,-1,-1,-1,-1,-1,-1,-1,-1,-1,-1,0,-1,-1,1,12,1,3,1,54,0,6,-5,-21
2,2,2,2,2,2,2,2,0,0,0,0,2,0,0,0,0,0,3,0,0,0,0,0,0,0,0,0,-1,0,0,0,0,0,0,0,0,0,0,0,0,0,0,0,0,2,2,2,2,2,2,2,2,0,-1,0,0,0,0,0,0,0,-1,-1,0,0,-1,-1,0,-1,-1,0,0,-1,-1,0,0,0,-1,0,0,0,-1,0,0,0,0,-1,0,-1,0,-1,0,0,-1,0,0,-1,-1,0,-1,0,0,-1,-1,-1,0,-1,0,-1,-1,-1,-1,-1,0,-1,0,-1,-1,-1,-1,-1,-1,-1,-1,-1,-1,-1,-1,-1,-1,-1,-1,-1,-1,-1,-1,-1,-1,-1,-1,-1,-1,-1,-1,-1,-1,-1,-1,-1,-1,-1,-1,-1,-1,-1,-1,-1,-1,-1,1,12,1,3,1,58,1,6,-5,-21
